2000-01-03,17369.63 ,17057.70 ,17426.16 ,17057.70 ,0
2000-01-06,15153.23 ,15942.07 ,15971.03 ,14763.97 ,0
2000-01-13,15633.96 ,15763.26 ,15861.17 ,15458.63 ,0
2000-01-20,15215.31 ,15347.70 ,15347.70 ,15078.03 ,0
2000-01-27,15917.81 ,15460.21 ,15925.18 ,15460.21 ,0
2000-02-03,15968.12 ,15795.59 ,16010.03 ,15702.85 ,0
2000-02-14,17188.96 ,17546.47 ,17939.27 ,17107.90 ,0
2000-02-21,16322.37 ,16412.63 ,16477.10 ,16136.50 ,0
2000-02-28,16984.44 ,17434.72 ,17746.77 ,16638.46 ,0
2000-03-06,17758.76 ,17500.97 ,17855.21 ,17500.97 ,0
2000-03-13,17096.68 ,17650.62 ,17786.28 ,16892.65 ,0
2000-03-20,17234.46 ,16878.81 ,17325.15 ,16708.72 ,0
2000-03-27,18292.86 ,17827.71 ,18350.61 ,17815.68 ,0
2000-04-03,16892.93 ,17444.48 ,17458.06 ,16872.82 ,0
2000-04-11,16487.66 ,16683.40 ,16683.40 ,16422.27 ,0
2000-04-18,15278.32 ,15158.15 ,15409.67 ,15158.15 ,0
2000-04-27,15192.87 ,15225.17 ,15253.52 ,15068.66 ,0
2000-05-05,15268.64 ,15298.57 ,15328.98 ,15173.20 ,0
2000-05-15,14881.30 ,15117.75 ,15165.69 ,14835.80 ,0
2000-05-22,14140.73 ,14278.51 ,14278.51 ,13981.44 ,0
2000-05-29,13975.07 ,13735.07 ,14024.15 ,13606.19 ,0
2000-06-05,15861.68 ,15643.79 ,15971.24 ,15643.79 ,0
2000-06-13,15692.94 ,15947.87 ,15947.87 ,15657.82 ,0
2000-06-20,16086.74 ,16467.14 ,16525.02 ,15968.66 ,0
2000-06-27,16155.77 ,16147.14 ,16274.23 ,16031.58 ,0
2000-07-04,16235.76 ,16131.77 ,16242.30 ,16086.26 ,0
2000-07-11,17359.66 ,17259.95 ,17380.59 ,17126.45 ,0
2000-07-18,17440.83 ,17766.46 ,17766.46 ,17404.05 ,0
2000-07-25,17375.34 ,17574.32 ,17574.32 ,17306.89 ,0
2000-08-01,16897.45 ,17014.44 ,17133.09 ,16787.46 ,0
2000-08-08,17211.84 ,17728.41 ,17759.59 ,17179.75 ,0
2000-08-15,17463.53 ,17029.72 ,17536.42 ,17029.72 ,0
2000-08-22,17668.28 ,17568.11 ,17724.82 ,17481.64 ,0
2000-08-29,17240.11 ,17062.01 ,17390.48 ,17062.01 ,0
2000-09-05,17595.22 ,17753.50 ,17803.20 ,17556.05 ,0
2000-09-12,16629.78 ,16941.53 ,16941.53 ,16541.69 ,0
2000-09-20,15665.62 ,15757.64 ,15874.63 ,15572.58 ,0
2000-09-27,15444.13 ,15074.31 ,15489.30 ,14978.59 ,0
2000-10-05,16184.68 ,16054.58 ,16245.61 ,16014.92 ,0
2000-10-13,14680.50 ,14679.99 ,14786.04 ,14494.38 ,0
2000-10-20,15044.53 ,14822.43 ,15105.45 ,14822.43 ,0
2000-10-27,14902.46 ,15065.09 ,15182.63 ,14820.99 ,0
2000-11-03,15594.12 ,15486.41 ,15693.03 ,15449.12 ,0
2000-11-10,15389.39 ,15458.42 ,15544.83 ,15324.13 ,0
2000-11-17,15180.85 ,15192.63 ,15218.02 ,15057.42 ,0
2000-11-24,14376.90 ,14585.19 ,14647.61 ,14353.98 ,0
2000-12-01,14441.43 ,14026.21 ,14522.39 ,13920.11 ,0
2000-12-08,15189.33 ,15008.80 ,15281.81 ,14968.64 ,0
2000-12-15,14975.53 ,15290.60 ,15290.60 ,14914.05 ,0
2000-12-22,14738.21 ,14730.51 ,14851.86 ,14707.75 ,0
2001-01-03,14589.58 ,14751.33 ,14751.33 ,14512.71 ,0
2001-01-10,15435.79 ,15395.97 ,15539.30 ,15327.70 ,0
2001-01-17,15261.48 ,15409.38 ,15451.39 ,15154.02 ,0
2001-01-29,16099.82 ,16176.10 ,16255.11 ,15980.51 ,0
2001-02-05,15830.84 ,16013.46 ,16013.46 ,15753.97 ,0
2001-02-12,15693.11 ,15807.64 ,15807.64 ,15586.46 ,0
2001-02-19,15490.96 ,15552.94 ,15573.74 ,15458.43 ,0
2001-02-26,15230.22 ,15278.15 ,15304.66 ,15177.80 ,0
2001-03-05,14135.26 ,14011.30 ,14200.90 ,13908.07 ,0
2001-03-12,13776.72 ,13969.05 ,13969.05 ,13671.99 ,0
2001-03-19,13457.69 ,13383.81 ,13537.75 ,13308.41 ,0
2001-03-26,12950.49 ,12678.90 ,12991.88 ,12678.90 ,0
2001-04-02,12727.30 ,12750.31 ,12843.90 ,12634.28 ,0
2001-04-10,12213.67 ,12263.59 ,12321.51 ,12110.00 ,0
2001-04-19,13548.95 ,13446.06 ,13621.80 ,13425.56 ,0
2001-04-26,13293.11 ,13324.55 ,13408.70 ,13237.18 ,0
2001-05-07,13600.78 ,13464.34 ,13652.15 ,13437.02 ,0
2001-05-14,13259.17 ,13608.84 ,13608.84 ,13239.15 ,0
2001-05-21,13721.27 ,13465.72 ,13732.40 ,13465.72 ,0
2001-05-28,13739.07 ,13738.07 ,13756.81 ,13674.73 ,0
2001-06-04,13207.49 ,13167.02 ,13272.10 ,13167.02 ,0
2001-06-11,13675.49 ,13748.43 ,13846.33 ,13628.31 ,0
2001-06-18,12948.78 ,13092.77 ,13092.77 ,12891.20 ,0
2001-06-26,12961.97 ,13142.43 ,13142.43 ,12942.56 ,0
2001-07-04,13207.53 ,13201.78 ,13208.75 ,13090.46 ,0
2001-07-12,12660.20 ,12533.39 ,12693.30 ,12533.39 ,0
2001-07-19,12279.82 ,12376.44 ,12381.41 ,12191.57 ,0
2001-07-27,12182.17 ,12069.53 ,12191.67 ,12069.53 ,0
2001-08-03,12269.08 ,12487.99 ,12515.50 ,12256.78 ,0
2001-08-10,11765.81 ,11746.85 ,11794.48 ,11662.82 ,0
2001-08-17,11754.81 ,11713.40 ,11809.76 ,11643.84 ,0
2001-08-24,11110.30 ,11372.40 ,11372.40 ,11049.45 ,0
2001-08-31,11090.48 ,11204.47 ,11229.77 ,11003.95 ,0
2001-09-07,10384.20 ,10556.18 ,10556.18 ,10346.88 ,0
2001-09-14,9655.45 ,9622.86 ,9696.44 ,9478.67 ,0
2001-09-21,8934.20 ,9039.65 ,9039.65 ,8894.36 ,0
2001-09-28,9950.70 ,9682.35 ,9959.35 ,9663.08 ,0
2001-10-09,10358.93 ,10053.88 ,10361.97 ,10053.88 ,0
2001-10-16,10148.49 ,10164.64 ,10229.16 ,10056.83 ,0
2001-10-23,10219.84 ,9935.90 ,10224.12 ,9935.90 ,344020000
2001-10-30,10076.43 ,10064.07 ,10139.71 ,9927.41 ,250690000
2001-11-06,10356.05 ,10528.17 ,10556.72 ,10303.06 ,265730000
2001-11-13,10662.84 ,10536.59 ,10713.61 ,10462.02 ,215010000
2001-11-20,11225.79 ,11347.31 ,11501.04 ,11148.26 ,611350000
2001-11-27,11261.54 ,11402.03 ,11428.49 ,11216.53 ,269440000
2001-12-04,11427.28 ,11169.26 ,11429.68 ,11076.32 ,441430000
2001-12-11,11693.05 ,11756.53 ,11756.53 ,11633.22 ,226850000
2001-12-18,11486.93 ,11521.68 ,11599.57 ,11391.33 ,189540000
2001-12-27,11359.50 ,11250.05 ,11415.04 ,11208.47 ,130000000
2002-01-04,11702.15 ,11547.01 ,11727.81 ,11547.01 ,362550000
2002-01-11,11166.46 ,11278.86 ,11351.75 ,11085.47 ,316220000
2002-01-18,10972.96 ,11023.79 ,11065.53 ,10934.01 ,373830000
2002-01-25,10772.96 ,10789.00 ,10842.47 ,10718.27 ,290670000
2002-02-01,10691.25 ,10764.03 ,10827.39 ,10673.66 ,192220000
2002-02-08,10518.99 ,10441.19 ,10526.75 ,10421.48 ,259190000
2002-02-20,10749.06 ,10777.39 ,10777.39 ,10685.38 ,193530000
2002-02-27,10648.71 ,10541.19 ,10757.11 ,10524.77 ,268260000
2002-03-06,11003.00 ,10954.75 ,11040.75 ,10933.43 ,270690000
2002-03-13,11217.50 ,11214.85 ,11306.89 ,11185.51 ,239680000
2002-03-20,11036.60 ,11136.30 ,11176.59 ,10996.36 ,254340000
2002-03-27,10987.88 ,10819.85 ,11022.83 ,10819.85 ,250630000
2002-04-08,10723.68 ,10833.16 ,10856.64 ,10702.44 ,227930000
2002-04-15,10727.98 ,10720.41 ,10764.48 ,10697.47 ,139530000
2002-04-22,11139.42 ,11259.04 ,11301.67 ,11134.17 ,271810000
2002-04-29,11361.49 ,11329.91 ,11371.12 ,11260.88 ,204980000
2002-05-07,11795.98 ,11639.51 ,11813.90 ,11591.26 ,272450000
2002-05-14,11690.31 ,11824.93 ,11824.93 ,11662.01 ,163930000
2002-05-22,11795.20 ,11745.76 ,11797.85 ,11698.12 ,166910000
2002-05-29,11430.66 ,11480.95 ,11581.67 ,11404.30 ,248890000
2002-06-05,11402.38 ,11328.52 ,11407.59 ,11297.96 ,141820000
2002-06-12,11147.97 ,11167.18 ,11167.18 ,11117.30 ,183370000
2002-06-19,10673.11 ,10843.01 ,10865.04 ,10612.03 ,310920000
2002-06-26,10355.92 ,10493.13 ,10493.13 ,10291.16 ,371790000
2002-07-04,10765.58 ,10578.20 ,10769.53 ,10566.55 ,222350000
2002-07-11,10558.81 ,10637.60 ,10655.23 ,10482.73 ,268960000
2002-07-18,10452.55 ,10414.58 ,10461.33 ,10350.25 ,169210000
2002-07-25,9884.78 ,10143.02 ,10165.83 ,9872.29 ,251090000
2002-08-01,10180.02 ,10244.53 ,10329.05 ,10175.08 ,173660000
2002-08-08,9962.24 ,9960.68 ,9997.18 ,9895.28 ,159970000
2002-08-15,10219.71 ,10123.07 ,10264.66 ,10123.07 ,257060000
2002-08-22,10424.00 ,10452.50 ,10456.61 ,10367.00 ,155810000
2002-08-29,10061.15 ,10034.18 ,10075.27 ,9988.86 ,183780000
2002-09-05,9726.03 ,9823.74 ,9833.68 ,9710.29 ,191410000
2002-09-12,9896.33 ,9871.32 ,9954.82 ,9807.54 ,170800000
2002-09-19,9427.79 ,9485.55 ,9511.29 ,9389.87 ,186650000
2002-09-26,9270.71 ,9251.24 ,9286.27 ,9206.90 ,171300000
2002-10-04,9051.37 ,8989.65 ,9065.52 ,8971.92 ,236710000
2002-10-11,8965.73 ,8956.33 ,8990.76 ,8863.46 ,221070000
2002-10-21,9570.36 ,9593.65 ,9641.08 ,9549.09 ,186210000
2002-10-28,9853.74 ,9732.60 ,9860.87 ,9730.00 ,208840000
2002-11-04,9720.83 ,9587.97 ,9739.13 ,9565.79 ,213270000
2002-11-11,9580.88 ,9699.75 ,9699.75 ,9527.83 ,264730000
2002-11-18,9920.09 ,9994.29 ,10006.07 ,9843.09 ,250300000
2002-11-25,10100.77 ,10031.33 ,10118.87 ,10028.98 ,246010000
2002-12-02,10205.16 ,10107.96 ,10205.16 ,10079.51 ,320710000
2002-12-09,9868.48 ,9988.69 ,9999.39 ,9821.56 ,528150000
2002-12-16,9656.46 ,9644.64 ,9677.85 ,9627.71 ,150170000
2002-12-23,9570.93 ,9640.92 ,9640.92 ,9552.07 ,226110000
2003-01-02,9365.52 ,9333.64 ,9378.35 ,9294.53 ,126910000
2003-01-09,9675.41 ,9626.14 ,9677.59 ,9599.24 ,129620000
2003-01-16,9743.23 ,9798.16 ,9823.63 ,9727.30 ,189950000
2003-01-23,9584.70 ,9513.58 ,9606.87 ,9513.58 ,143680000
2003-01-30,9258.95 ,9251.94 ,9266.15 ,9179.24 ,151870000
2003-02-10,9232.14 ,9135.10 ,9232.14 ,9131.62 ,145630000
2003-02-17,9383.68 ,9311.65 ,9392.86 ,9311.65 ,193060000
2003-02-24,9239.47 ,9302.73 ,9313.81 ,9231.01 ,119650000
2003-03-03,9268.77 ,9141.46 ,9316.27 ,9141.46 ,213820000
2003-03-10,8861.87 ,8894.04 ,8901.66 ,8821.67 ,205220000
2003-03-17,8804.16 ,8901.22 ,8901.22 ,8795.08 ,143290000
2003-03-24,9108.45 ,9214.65 ,9262.77 ,9087.64 ,248270000
2003-03-31,8634.45 ,8755.81 ,8755.81 ,8586.70 ,324820000
2003-04-07,8962.21 ,8838.83 ,8973.81 ,8754.51 ,221560000
2003-04-14,8533.55 ,8598.08 ,8598.08 ,8493.46 ,190940000
2003-04-23,8519.60 ,8641.40 ,8654.62 ,8493.95 ,320240000
2003-04-30,8717.22 ,8758.24 ,8777.08 ,8700.12 ,329440000
2003-05-09,9084.16 ,8903.66 ,9084.16 ,8878.59 ,339100000
2003-05-16,9093.18 ,9148.10 ,9190.73 ,9052.25 ,176180000
2003-05-23,9303.73 ,9217.21 ,9313.98 ,9208.74 ,305200000
2003-05-30,9487.38 ,9482.10 ,9557.54 ,9461.84 ,250600000
2003-06-09,9733.51 ,9698.29 ,9734.35 ,9660.67 ,253540000
2003-06-16,9862.28 ,9821.39 ,9883.19 ,9819.88 ,225150000
2003-06-23,9734.29 ,9918.77 ,9935.85 ,9727.77 ,234130000
2003-06-30,9577.12 ,9594.94 ,9641.62 ,9564.07 ,189460000
2003-07-08,9992.87 ,10010.46 ,10086.45 ,9983.76 ,386310000
2003-07-15,10135.55 ,10163.27 ,10179.61 ,10030.76 ,262650000
2003-07-22,10008.71 ,10059.25 ,10062.87 ,9957.98 ,192200000
2003-07-29,10198.60 ,10133.72 ,10222.83 ,10125.81 ,282400000
2003-08-05,10177.38 ,10283.87 ,10285.68 ,10174.60 ,177530000
2003-08-12,10184.17 ,10125.81 ,10187.04 ,10104.50 ,220320000
2003-08-19,10509.29 ,10569.05 ,10617.72 ,10477.58 ,335820000
2003-08-26,10753.93 ,10709.60 ,10753.93 ,10629.89 ,291580000
2003-09-02,10939.94 ,10940.34 ,10967.52 ,10879.44 ,143390000
2003-09-09,11046.82 ,11219.72 ,11242.15 ,11029.45 ,303240000
2003-09-17,11140.05 ,11165.81 ,11189.91 ,11075.64 ,423080000
2003-09-24,11295.89 ,11008.43 ,11298.96 ,11008.43 ,465230000
2003-10-02,11546.12 ,11372.53 ,11548.44 ,11372.53 ,510370000
2003-10-09,11800.37 ,11762.26 ,11821.18 ,11710.08 ,322960000
2003-10-16,12027.57 ,12041.83 ,12104.89 ,11952.02 ,349420000
2003-10-23,11737.18 ,12027.91 ,12051.14 ,11712.14 ,496930000
2003-10-30,12143.35 ,12202.46 ,12202.46 ,11989.01 ,395280000
2003-11-06,12150.09 ,12341.04 ,12381.23 ,12059.97 ,363890000
2003-11-13,12227.57 ,12116.86 ,12234.85 ,12082.52 ,235380000
2003-11-20,11845.41 ,11926.04 ,11949.29 ,11807.30 ,225240000
2003-11-27,12075.99 ,12075.97 ,12131.69 ,12015.39 ,157270000
2003-12-04,12342.65 ,12379.94 ,12400.60 ,12286.65 ,136330000
2003-12-11,12554.58 ,12343.89 ,12590.23 ,12337.82 ,286260000
2003-12-18,12240.25 ,12225.78 ,12310.44 ,12163.20 ,238430000
2003-12-29,12464.29 ,12443.56 ,12466.40 ,12336.73 ,153220000
2004-01-06,13036.32 ,13063.45 ,13128.73 ,12975.50 ,440100000
2004-01-13,13396.65 ,13384.30 ,13446.76 ,13162.49 ,372280000
2004-01-20,13570.43 ,13280.27 ,13584.12 ,13268.63 ,406950000
2004-01-29,13334.01 ,13226.88 ,13340.91 ,13168.43 ,486010000
2004-02-05,13030.94 ,13063.00 ,13116.98 ,12982.75 ,196510000
2004-02-12,13625.13 ,13680.55 ,13680.55 ,13585.41 ,256110000
2004-02-19,13867.22 ,13871.33 ,13940.22 ,13813.37 ,359350000
2004-02-26,13674.64 ,13618.06 ,13714.76 ,13601.93 ,211190000
2004-03-04,13451.56 ,13472.89 ,13526.68 ,13402.67 ,266670000
2004-03-11,13024.06 ,12996.76 ,13079.73 ,12979.76 ,435800000
2004-03-18,12816.19 ,12998.69 ,13017.06 ,12787.32 ,259690000
2004-03-25,12520.21 ,12579.92 ,12611.59 ,12480.59 ,335180000
2004-04-01,12676.25 ,12679.43 ,12701.61 ,12609.79 ,217620000
2004-04-13,13031.81 ,13015.24 ,13126.15 ,13014.50 ,410240000
2004-04-20,12394.37 ,12492.99 ,12514.85 ,12346.86 ,315190000
2004-04-27,12154.91 ,12141.82 ,12245.76 ,12064.55 ,238440000
2004-05-04,12098.30 ,11988.74 ,12154.18 ,11988.74 ,343120000
2004-05-11,11508.09 ,11420.75 ,11530.42 ,11331.69 ,334630000
2004-05-18,11072.39 ,11033.42 ,11132.69 ,10981.29 ,364110000
2004-05-25,11692.56 ,11616.56 ,11700.59 ,11512.61 ,238830000
2004-06-02,12201.75 ,12075.03 ,12234.71 ,12064.14 ,227620000
2004-06-09,12339.94 ,12356.38 ,12426.69 ,12283.57 ,247000000
2004-06-16,12161.78 ,12245.71 ,12260.38 ,12095.70 ,198920000
2004-06-24,12163.68 ,11923.99 ,12177.35 ,11904.42 ,363440000
2004-07-02,12220.13 ,12052.36 ,12246.75 ,12051.05 ,256920000
2004-07-09,12202.26 ,12157.25 ,12213.91 ,12117.46 ,183330000
2004-07-16,12059.20 ,11868.20 ,12109.59 ,11862.68 ,189840000
2004-07-23,12352.99 ,12286.02 ,12387.96 ,12286.02 ,191670000
2004-07-30,12238.03 ,12290.57 ,12344.96 ,12223.87 ,277490000
2004-08-06,12478.68 ,12403.00 ,12503.22 ,12391.87 ,268420000
2004-08-13,12359.83 ,12347.36 ,12367.34 ,12278.93 ,272980000
2004-08-20,12376.90 ,12358.56 ,12418.31 ,12320.42 ,211590000
2004-08-27,12818.42 ,12765.08 ,12898.02 ,12765.08 ,325610000
2004-09-03,12948.10 ,13060.56 ,13074.85 ,12934.92 ,268540000
2004-09-10,13003.99 ,12945.50 ,13008.00 ,12865.06 ,337560000
2004-09-17,13224.93 ,13243.15 ,13254.21 ,13184.38 ,892770000
2004-09-24,13066.84 ,13236.25 ,13253.33 ,13035.16 ,404190000
2004-10-05,13331.10 ,13366.87 ,13366.87 ,13304.17 ,307410000
2004-10-12,13251.59 ,13244.40 ,13286.08 ,13186.97 ,271620000
2004-10-19,13154.55 ,13108.22 ,13155.37 ,13042.62 ,191000000
2004-10-27,12838.71 ,12880.99 ,12918.45 ,12836.49 ,240930000
2004-11-03,13397.67 ,13316.12 ,13427.37 ,13270.20 ,352710000
2004-11-10,13672.37 ,13563.47 ,13672.37 ,13530.33 ,388800000
2004-11-17,13824.98 ,13787.39 ,13858.63 ,13770.27 ,469040000
2004-11-24,13997.02 ,14001.03 ,14091.89 ,13942.35 ,435070000
2004-12-01,14162.80 ,14005.91 ,14162.80 ,13936.51 ,338000000
2004-12-08,14022.32 ,14156.71 ,14214.01 ,13984.21 ,400510000
2004-12-15,14078.54 ,14054.01 ,14133.21 ,13997.01 ,437600000
2004-12-22,14151.08 ,14212.70 ,14219.33 ,14117.30 ,200210000
2004-12-30,14163.55 ,14262.34 ,14304.58 ,14158.73 ,230150000
2005-01-06,13712.04 ,13718.79 ,13789.15 ,13672.56 ,418760000
2005-01-13,13573.28 ,13570.22 ,13631.41 ,13533.01 ,396310000
2005-01-20,13543.59 ,13550.98 ,13585.67 ,13500.58 ,460340000
2005-01-27,13628.91 ,13636.74 ,13750.48 ,13596.41 ,374450000
2005-02-03,13515.33 ,13525.89 ,13586.85 ,13456.14 ,404910000
2005-02-15,13995.83 ,14042.38 ,14065.66 ,13978.24 ,304100000
2005-02-22,14090.52 ,14095.89 ,14118.23 ,14022.06 ,296060000
2005-03-01,14061.15 ,14031.22 ,14085.85 ,13954.58 ,274500000
2005-03-08,13881.71 ,13763.14 ,13889.43 ,13736.18 ,303180000
2005-03-15,13816.75 ,13886.83 ,13886.83 ,13763.54 ,316210000
2005-03-22,13776.47 ,13800.83 ,13822.88 ,13757.65 ,264340000
2005-03-31,13516.88 ,13515.38 ,13556.14 ,13482.49 ,427840000
2005-04-08,13666.72 ,13670.79 ,13686.99 ,13636.35 ,245680000
2005-04-15,13638.75 ,13672.74 ,13672.74 ,13579.16 ,299360000
2005-04-22,13693.55 ,13684.59 ,13727.44 ,13649.50 ,300320000
2005-04-29,13908.97 ,13829.45 ,13913.10 ,13801.18 ,309020000
2005-05-09,14085.09 ,14068.26 ,14106.53 ,14006.85 ,283410000
2005-05-17,13667.03 ,13861.60 ,13863.16 ,13626.64 ,401400000
2005-05-24,13719.32 ,13703.14 ,13726.15 ,13677.34 ,158190000
2005-05-31,13867.07 ,13815.73 ,13932.92 ,13779.80 ,348640000
2005-06-07,13837.29 ,13806.00 ,13846.30 ,13800.09 ,258050000
2005-06-14,13904.81 ,13954.74 ,13999.06 ,13901.49 ,299700000
2005-06-21,13979.35 ,13935.29 ,13983.48 ,13890.78 ,276460000
2005-06-28,14287.44 ,14206.81 ,14287.44 ,14174.79 ,602400000
2005-07-06,14149.93 ,14170.71 ,14202.09 ,14126.86 ,427340000
2005-07-13,14307.30 ,14170.31 ,14308.37 ,14140.40 ,378500000
2005-07-20,14602.70 ,14584.06 ,14673.83 ,14567.02 ,428140000
2005-07-27,14801.86 ,14786.95 ,14828.02 ,14743.69 ,374520000
2005-08-03,15118.50 ,15197.06 ,15201.82 ,15035.37 ,537270000
2005-08-10,15346.41 ,15113.86 ,15346.41 ,15095.96 ,479410000
2005-08-17,15449.58 ,15331.09 ,15449.58 ,15309.50 ,398670000
2005-08-24,14873.85 ,14934.98 ,14969.50 ,14861.43 ,286590000
2005-08-31,14903.55 ,14853.64 ,14927.05 ,14796.51 ,382670000
2005-09-07,15224.57 ,15247.92 ,15271.21 ,15205.99 ,242850000
2005-09-14,15086.62 ,15059.91 ,15097.30 ,14979.65 ,272580000
2005-09-22,15179.95 ,15144.55 ,15194.01 ,15119.99 ,297850000
2005-09-29,15431.25 ,15248.87 ,15432.95 ,15241.49 ,378790000
2005-10-06,14839.30 ,14943.22 ,14945.97 ,14823.00 ,552970000
2005-10-14,14485.88 ,14577.37 ,14577.37 ,14439.13 ,433300000
2005-10-21,14487.85 ,14364.68 ,14491.94 ,14308.61 ,507690000
2005-10-28,14215.83 ,14282.09 ,14295.89 ,14189.47 ,382680000
2005-11-04,14585.79 ,14660.34 ,14668.53 ,14536.28 ,254570000
2005-11-11,14740.60 ,14668.23 ,14808.47 ,14655.73 ,322660000
2005-11-18,14883.32 ,14915.00 ,14924.62 ,14865.81 ,381020000
2005-11-25,15081.47 ,15053.92 ,15100.94 ,15027.76 ,231680000
2005-12-02,15200.38 ,15178.10 ,15232.32 ,15129.29 ,377940000
2005-12-09,14910.51 ,14905.57 ,14953.34 ,14870.96 ,232240000
2005-12-16,15029.81 ,15077.98 ,15078.37 ,14967.78 ,306450000
2005-12-23,15183.58 ,15208.84 ,15226.03 ,15182.64 ,164160000
2006-01-04,15200.06 ,15112.76 ,15208.86 ,15085.44 ,565220000
2006-01-11,15650.88 ,15584.54 ,15725.47 ,15584.54 ,576570000
2006-01-18,15481.21 ,15426.92 ,15525.60 ,15376.45 ,437280000
2006-01-25,15520.39 ,15560.66 ,15572.38 ,15487.68 ,375990000
2006-02-03,15429.73 ,15472.03 ,15486.74 ,15420.66 ,565010000
2006-02-10,15425.95 ,15365.39 ,15443.45 ,15355.44 ,411900000
2006-02-17,15475.69 ,15517.92 ,15520.60 ,15437.54 ,354200000
2006-02-24,15856.05 ,15848.50 ,15875.33 ,15779.79 ,350480000
2006-03-03,15802.00 ,15887.67 ,15896.56 ,15802.00 ,398960000
2006-03-10,15445.05 ,15521.40 ,15521.40 ,15397.18 ,227920000
2006-03-17,15801.66 ,15778.48 ,15845.97 ,15715.41 ,431040000
2006-03-24,15716.46 ,15778.18 ,15792.04 ,15671.63 ,290920000
2006-03-31,15805.04 ,15942.73 ,15964.35 ,15739.19 ,424540000
2006-04-07,16471.78 ,16415.52 ,16534.83 ,16328.63 ,450440000
2006-04-18,16637.53 ,16534.90 ,16643.80 ,16533.07 ,422680000
2006-04-25,16577.77 ,16734.83 ,16746.31 ,16547.30 ,495560000
2006-05-03,17026.98 ,17066.98 ,17099.48 ,16970.40 ,530630000
2006-05-11,17140.78 ,17065.96 ,17185.79 ,17010.40 ,513900000
2006-05-18,16266.52 ,16232.16 ,16363.34 ,16177.18 ,503740000
2006-05-25,15696.89 ,15741.81 ,15764.72 ,15626.95 ,426460000
2006-06-02,15912.71 ,15731.82 ,15920.06 ,15677.04 ,473210000
2006-06-09,15628.69 ,15468.83 ,15640.31 ,15405.79 ,441320000
2006-06-16,15842.65 ,15807.37 ,15851.51 ,15749.46 ,562540000
2006-06-23,15808.81 ,15729.55 ,15828.49 ,15682.81 ,339210000
2006-06-30,16267.62 ,16170.79 ,16273.74 ,16125.26 ,555020000
2006-07-07,16459.78 ,16497.90 ,16497.90 ,16399.48 ,216760000
2006-07-14,16135.71 ,16123.96 ,16159.09 ,16062.60 ,296680000
2006-07-21,16464.18 ,16406.78 ,16483.23 ,16376.03 ,375660000
2006-07-28,16955.04 ,16935.00 ,17034.55 ,16918.79 ,325930000
2006-08-04,16887.80 ,17049.96 ,17096.41 ,16867.95 ,290810000
2006-08-11,17249.95 ,17255.23 ,17323.49 ,17211.47 ,240490000
2006-08-18,17330.70 ,17381.42 ,17413.96 ,17316.13 ,260810000
2006-08-25,16955.45 ,16958.28 ,17005.44 ,16894.12 ,261220000
2006-09-01,17423.72 ,17373.17 ,17514.31 ,17311.41 ,389950000
2006-09-08,17145.76 ,17071.18 ,17171.54 ,17070.91 ,396270000
2006-09-15,17237.65 ,17179.09 ,17246.89 ,17143.24 ,497800000
2006-09-22,17600.65 ,17526.34 ,17639.13 ,17511.96 ,816860000
2006-09-29,17543.05 ,17559.67 ,17589.57 ,17350.79 ,585260000
2006-10-06,17903.39 ,17901.06 ,17931.73 ,17848.72 ,578820000
2006-10-13,17988.86 ,18049.83 ,18067.58 ,17949.59 ,1720000000
2006-10-20,18113.55 ,18012.61 ,18148.04 ,18012.61 ,815420000
2006-10-27,18297.55 ,18400.81 ,18465.54 ,18232.64 ,997610000
2006-11-03,18749.69 ,18696.58 ,18771.01 ,18646.16 ,536150000
2006-11-10,18891.14 ,18958.06 ,18976.15 ,18861.94 ,1050000000
2006-11-17,19182.71 ,19125.92 ,19214.60 ,19097.32 ,918570000
2006-11-24,19260.30 ,19206.45 ,19315.73 ,19195.90 ,644890000
2006-12-01,18690.82 ,18922.53 ,18945.40 ,18650.50 ,815020000
2006-12-08,18739.99 ,18775.47 ,18799.25 ,18666.89 ,915150000
2006-12-15,19110.65 ,19080.29 ,19126.70 ,19014.27 ,1020000000
2006-12-22,19320.52 ,19227.24 ,19320.52 ,19197.73 ,821760000
2007-01-03,20413.39 ,20353.42 ,20554.58 ,20249.61 ,1670000000
2007-01-10,19568.34 ,19665.40 ,19693.70 ,19507.97 ,1680000000
2007-01-17,20064.57 ,19917.49 ,20122.43 ,19841.16 ,1120000000
2007-01-24,20821.05 ,20950.94 ,20971.46 ,20725.48 ,1050000000
2007-01-31,20106.42 ,20463.82 ,20507.68 ,20008.60 ,997400000
2007-02-07,20679.69 ,20716.59 ,20739.01 ,20598.03 ,1090000000
2007-02-14,20209.91 ,20302.20 ,20330.37 ,20184.69 ,686790000
2007-02-22,20809.23 ,20748.46 ,20829.66 ,20740.33 ,795300000
2007-03-01,19346.60 ,19581.86 ,19643.41 ,19346.60 ,1470000000
2007-03-08,19175.17 ,18924.28 ,19191.10 ,18909.07 ,1240000000
2007-03-15,18969.44 ,19029.21 ,19054.94 ,18932.46 ,898690000
2007-03-22,19690.25 ,19757.73 ,19813.21 ,19621.26 ,1650000000
2007-03-29,19821.78 ,19470.42 ,19832.14 ,19460.36 ,1910000000
2007-04-10,20347.87 ,20416.54 ,20416.54 ,20248.04 ,1330000000
2007-04-17,20788.61 ,20804.92 ,20816.11 ,20635.63 ,1810000000
2007-04-24,20572.80 ,20455.35 ,20618.01 ,20396.37 ,1220000000
2007-05-01,20318.98 ,20318.98 ,20318.98 ,20318.98 ,0
2007-05-08,20706.35 ,20850.07 ,20880.70 ,20662.60 ,1140000000
2007-05-15,20868.15 ,20985.93 ,21088.86 ,20826.93 ,1830000000
2007-05-22,20843.92 ,20996.99 ,21020.42 ,20782.38 ,1350000000
2007-05-29,20469.59 ,20518.35 ,20565.25 ,20395.10 ,1010000000
2007-06-05,20842.15 ,20820.48 ,20878.09 ,20615.96 ,1630000000
2007-06-12,20636.39 ,20654.47 ,20664.85 ,20511.03 ,989050000
2007-06-19,21582.89 ,21582.89 ,21582.89 ,21582.89 ,0
2007-06-26,21803.57 ,21800.77 ,21950.02 ,21755.29 ,1550000000
2007-07-04,22218.55 ,22279.83 ,22307.60 ,22131.24 ,1890000000
2007-07-11,22607.02 ,22655.38 ,22850.40 ,22539.70 ,3300000000
2007-07-18,22841.92 ,22956.97 ,23035.80 ,22782.63 ,2210000000
2007-07-25,23362.18 ,23228.56 ,23439.83 ,23228.56 ,1880000000
2007-08-01,22455.36 ,23018.20 ,23025.14 ,22209.79 ,2850000000
2007-08-08,22536.67 ,22102.76 ,22540.30 ,22100.34 ,1990000000
2007-08-15,21375.72 ,21637.50 ,21637.50 ,21303.35 ,2060000000
2007-08-22,22346.88 ,21949.39 ,22360.03 ,21854.22 ,2210000000
2007-08-29,23020.60 ,22802.83 ,23110.26 ,22686.84 ,2610000000
2007-09-05,24069.17 ,24196.59 ,24283.15 ,23839.00 ,1820000000
2007-09-12,24310.14 ,24195.38 ,24329.20 ,24088.11 ,1730000000
2007-09-19,25554.64 ,25511.36 ,25648.44 ,25286.92 ,3120000000
2007-09-26,26430.29 ,26430.29 ,26430.29 ,26430.29 ,0
2007-10-03,27479.94 ,28163.27 ,28871.04 ,27245.48 ,4920000000
2007-10-10,28569.33 ,28654.95 ,28771.47 ,28292.90 ,4380000000
2007-10-17,29298.71 ,28674.27 ,29310.78 ,28484.20 ,2590000000
2007-10-24,29333.53 ,29810.38 ,29997.01 ,29290.72 ,3170000000
2007-10-31,31352.58 ,31530.96 ,31556.05 ,31159.54 ,3480000000
2007-11-07,29708.93 ,30054.08 ,30195.64 ,29596.18 ,2510000000
2007-11-14,29166.01 ,28787.40 ,29175.26 ,28622.97 ,2950000000
2007-11-21,26618.19 ,27277.72 ,27303.91 ,26500.54 ,2570000000
2007-11-28,27371.24 ,27315.93 ,27455.81 ,27028.67 ,1600000000
2007-12-05,29345.45 ,28942.23 ,29411.39 ,28712.47 ,2070000000
2007-12-12,28521.06 ,28611.64 ,28777.28 ,28343.21 ,2740000000
2007-12-19,27029.26 ,26880.09 ,27214.65 ,26670.85 ,1640000000
2007-12-28,27370.60 ,27511.54 ,27678.40 ,27296.86 ,1770000000
2008-01-07,27179.49 ,26962.54 ,27186.07 ,26698.54 ,2450000000
2008-01-14,26468.13 ,27019.13 ,27142.88 ,26464.64 ,2050000000
2008-01-21,23818.86 ,24459.02 ,24650.28 ,23770.13 ,3250000000
2008-01-28,24053.61 ,24342.39 ,24384.27 ,23586.52 ,3090000000
2008-02-04,25032.08 ,24885.07 ,25101.41 ,24728.50 ,3260000000
2008-02-13,23169.55 ,23330.09 ,23534.49 ,22938.05 ,2070000000
2008-02-20,23590.58 ,24265.32 ,24265.32 ,23481.06 ,2650000000
2008-02-27,24483.84 ,24161.19 ,24610.41 ,24111.60 ,3010000000
2008-03-05,23114.34 ,23066.64 ,23268.45 ,22873.31 ,1980000000
2008-03-12,23422.76 ,23737.65 ,23737.65 ,23139.40 ,2640000000
2008-03-19,21866.94 ,22191.88 ,22191.88 ,21779.84 ,2950000000
2008-03-27,22664.22 ,22312.57 ,22758.94 ,22205.20 ,2270000000
2008-04-03,24264.63 ,23947.55 ,24334.19 ,23937.31 ,2490000000
2008-04-10,24187.10 ,24101.41 ,24214.57 ,23905.58 ,2030000000
2008-04-17,24258.96 ,24369.86 ,24442.07 ,24150.51 ,1970000000
2008-04-24,25680.78 ,25776.29 ,25861.68 ,25603.57 ,3260000000
2008-05-01,25755.35 ,25755.35 ,25755.35 ,25755.35 ,0
2008-05-08,25449.79 ,25442.52 ,25616.95 ,25353.51 ,1850000000
2008-05-15,25513.71 ,25719.02 ,25736.56 ,25208.22 ,2140000000
2008-05-22,25043.12 ,24984.28 ,25057.54 ,24700.49 ,2060000000
2008-05-29,24383.99 ,24542.10 ,24542.10 ,24222.05 ,1780000000
2008-06-05,24255.29 ,24150.53 ,24321.66 ,24003.98 ,1720000000
2008-06-13,22592.30 ,22920.77 ,22984.09 ,22592.30 ,1500000000
2008-06-20,22745.60 ,22817.99 ,23411.63 ,22745.60 ,2390000000
2008-06-27,22042.35 ,21901.27 ,22201.47 ,21773.67 ,2220000000
2008-07-07,21913.06 ,21402.70 ,21916.21 ,21402.70 ,1960000000
2008-07-14,22014.46 ,22205.00 ,22360.29 ,21871.60 ,1490000000
2008-07-21,22532.90 ,22523.28 ,22645.52 ,22455.01 ,2570000000
2008-07-28,22687.21 ,22801.85 ,22862.03 ,22619.23 ,1080000000
2008-08-04,22514.92 ,22630.59 ,22713.58 ,22425.13 ,1290000000
2008-08-12,21640.89 ,21992.18 ,22309.33 ,21640.89 ,1870000000
2008-08-19,20484.37 ,20675.75 ,20902.51 ,20484.37 ,1390000000
2008-08-26,21056.66 ,20849.08 ,21173.56 ,20785.80 ,1380000000
2008-09-02,21042.46 ,20956.94 ,21066.58 ,20595.59 ,1620000000
2008-09-09,20491.11 ,20439.47 ,20543.15 ,20299.97 ,1940000000
2008-09-17,17637.19 ,18691.30 ,18699.18 ,17637.19 ,4390000000
2008-09-24,18961.99 ,18954.32 ,19291.02 ,18862.90 ,2080000000
2008-10-02,18211.11 ,17870.43 ,18285.68 ,17631.70 ,2480000000
2008-10-09,15943.24 ,15598.24 ,15990.20 ,15550.86 ,3390000000
2008-10-16,15230.52 ,14902.34 ,15230.52 ,14578.54 ,4410000000
2008-10-23,13760.49 ,13596.31 ,14032.25 ,13403.35 ,3550000000
2008-10-30,14329.85 ,13280.44 ,14329.85 ,13280.44 ,5340000000
2008-11-06,13790.04 ,14081.76 ,14081.76 ,13674.07 ,2740000000
2008-11-13,13221.35 ,13068.93 ,13373.11 ,12943.11 ,2810000000
2008-11-20,12298.56 ,12170.98 ,12298.56 ,11976.88 ,3100000000
2008-11-27,13552.06 ,13901.45 ,13930.91 ,13332.93 ,2780000000
2008-12-03,13588.66 ,13598.60 ,13778.05 ,13573.43 ,1810000000
2008-12-10,15577.74 ,14946.00 ,15578.96 ,14946.00 ,2680000000
2008-12-17,15460.52 ,15544.97 ,15557.45 ,15179.38 ,2180000000
2008-12-24,14184.14 ,13855.89 ,14300.70 ,13855.89 ,865500000
2009-01-02,15042.81 ,14448.22 ,15042.81 ,14412.12 ,1750000000
2009-01-09,14377.44 ,14530.83 ,14673.60 ,14297.41 ,3330000000
2009-01-16,13255.51 ,13278.97 ,13423.24 ,13113.45 ,3470000000
2009-01-23,12578.60 ,12542.01 ,12734.80 ,12469.84 ,2200000000
2009-02-04,13063.89 ,13029.42 ,13108.74 ,12975.30 ,2070000000
2009-02-11,13539.21 ,13546.14 ,13600.02 ,13363.06 ,1810000000
2009-02-18,13016.00 ,12783.79 ,13031.28 ,12712.33 ,2270000000
2009-02-25,13005.08 ,12979.86 ,13148.31 ,12858.28 ,1780000000
2009-03-04,12331.15 ,11880.17 ,12423.69 ,11880.17 ,2880000000
2009-03-11,11930.66 ,12228.22 ,12228.22 ,11904.61 ,2690000000
2009-03-18,13117.17 ,13052.95 ,13167.20 ,13020.80 ,1770000000
2009-03-25,13622.11 ,13754.77 ,13892.88 ,13567.45 ,3190000000
2009-04-01,13519.54 ,13746.18 ,13788.41 ,13411.79 ,2750000000
2009-04-08,14474.86 ,14715.70 ,14715.70 ,14276.35 ,2940000000
2009-04-16,15582.99 ,15928.82 ,15977.13 ,15517.39 ,2680000000
2009-04-23,15214.46 ,14958.24 ,15222.20 ,14867.59 ,2010000000
2009-04-30,15520.99 ,15369.11 ,15587.29 ,15204.10 ,2930000000
2009-05-07,17217.89 ,17278.31 ,17327.52 ,16880.60 ,4410000000
2009-05-14,16541.69 ,16630.33 ,16630.33 ,16422.28 ,2960000000
2009-05-21,17199.49 ,17291.44 ,17415.26 ,17172.64 ,1540000000
2009-05-29,18171.00 ,18027.93 ,18227.79 ,17833.74 ,4360000000
2009-06-05,18679.53 ,18674.48 ,18722.49 ,18406.86 ,2500000000
2009-06-12,18889.68 ,19034.79 ,19161.97 ,18707.19 ,3600000000
2009-06-19,17920.93 ,17936.33 ,18015.11 ,17759.86 ,3090000000
2009-06-26,18600.26 ,18408.37 ,18688.11 ,18360.71 ,2260000000
2009-07-06,17979.41 ,18020.10 ,18258.26 ,17897.68 ,1780000000
2009-07-13,17254.63 ,17612.45 ,17612.45 ,17185.96 ,2010000000
2009-07-20,19502.37 ,19005.19 ,19506.42 ,18960.54 ,2440000000
2009-07-27,20251.62 ,20170.73 ,20385.69 ,20096.17 ,2200000000
2009-08-03,20807.26 ,20582.68 ,20816.61 ,20449.19 ,1930000000
2009-08-10,20929.52 ,20758.52 ,21010.47 ,20730.41 ,2170000000
2009-08-17,20137.65 ,20467.30 ,20471.77 ,20058.10 ,2560000000
2009-08-24,20535.94 ,20649.96 ,20649.96 ,20433.61 ,1940000000
2009-08-31,19724.19 ,19827.13 ,19827.13 ,19592.07 ,2270000000
2009-09-07,20629.31 ,20502.85 ,20667.58 ,20446.16 ,2270000000
2009-09-14,20932.20 ,20841.51 ,21045.00 ,20821.59 ,1250000000
2009-09-21,21472.85 ,21574.94 ,21730.71 ,21457.35 ,1530000000
2009-09-28,20588.41 ,20798.52 ,20829.51 ,20534.82 ,1260000000
2009-10-05,20429.07 ,20342.58 ,20489.95 ,20305.06 ,1230000000
2009-10-12,21299.35 ,21623.33 ,21623.33 ,21262.71 ,1010000000
2009-10-19,22200.46 ,21761.83 ,22250.23 ,21761.83 ,1530000000
2009-10-26,22589.73 ,22589.73 ,22589.73 ,22589.73 ,0
2009-11-02,21620.19 ,21194.12 ,21632.90 ,21130.90 ,1720000000
2009-11-09,22207.55 ,22004.51 ,22214.85 ,21941.62 ,1660000000
2009-11-16,22943.98 ,22789.99 ,22998.85 ,22770.69 ,1660000000
2009-11-23,22771.39 ,22541.69 ,22794.13 ,22490.34 ,1140000000
2009-11-30,21821.50 ,21687.69 ,21924.08 ,21687.69 ,2030000000
2009-12-07,22324.96 ,22387.23 ,22476.62 ,22256.11 ,1120000000
2009-12-14,22085.75 ,21638.97 ,22225.77 ,21546.53 ,1900000000
2009-12-21,20948.10 ,21110.24 ,21178.45 ,20932.77 ,1200000000
2009-12-29,21499.44 ,21544.44 ,21608.98 ,21392.90 ,775520000
2010-01-06,22416.67 ,22357.46 ,22514.79 ,22277.13 ,2100000000
2010-01-13,21748.60 ,21990.68 ,22012.04 ,21688.17 ,3410000000
2010-01-20,21286.17 ,21543.25 ,21561.56 ,21171.30 ,2200000000
2010-01-27,20033.07 ,20185.80 ,20340.82 ,19923.55 ,1820000000
2010-02-03,20722.08 ,20486.15 ,20780.50 ,20315.31 ,1920000000
2010-02-10,19922.22 ,19914.84 ,19976.66 ,19681.54 ,1580000000
2010-02-19,19894.02 ,20261.49 ,20261.49 ,19874.55 ,1330000000
2010-02-26,20608.70 ,20657.83 ,20662.84 ,20567.58 ,1490000000
2010-03-05,20787.97 ,20820.97 ,20820.97 ,20654.94 ,2880000000
2010-03-12,21209.74 ,21249.80 ,21260.07 ,21116.84 ,1160000000
2010-03-19,21370.82 ,21359.55 ,21389.00 ,21257.80 ,1350000000
2010-03-26,21053.11 ,20679.65 ,21126.75 ,20679.65 ,1860000000
2010-04-05,21537.00 ,21537.00 ,21537.00 ,21537.00 ,0
2010-04-12,22138.17 ,22388.77 ,22388.77 ,22131.93 ,1580000000
2010-04-19,21405.17 ,21557.78 ,21582.13 ,21283.30 ,2350000000
2010-04-26,21587.06 ,21501.21 ,21617.85 ,21489.05 ,1140000000
2010-05-03,20811.36 ,20799.79 ,20886.85 ,20773.97 ,1310000000
2010-05-10,20426.64 ,20118.95 ,20491.95 ,20035.60 ,1820000000
2010-05-17,19715.20 ,19832.03 ,19832.03 ,19593.50 ,1730000000
2010-05-25,18985.50 ,19317.24 ,19328.36 ,18974.52 ,2170000000
2010-06-01,19496.95 ,19600.57 ,19805.60 ,19463.35 ,1100000000
2010-06-08,19487.48 ,19459.74 ,19510.09 ,19333.10 ,904490000
2010-06-15,20062.15 ,19998.53 ,20142.10 ,19970.91 ,996050000
2010-06-23,20856.61 ,20718.66 ,20866.88 ,20689.15 ,1360000000
2010-06-30,20128.99 ,19985.72 ,20143.16 ,19971.27 ,1590000000
2010-07-07,19857.07 ,19948.15 ,19948.15 ,19800.23 ,1080000000
2010-07-14,20560.81 ,20722.22 ,20722.22 ,20512.24 ,1560000000
2010-07-21,20487.23 ,20377.60 ,20494.18 ,20334.35 ,1120000000
2010-07-28,21091.18 ,20961.55 ,21199.55 ,20902.16 ,1350000000
2010-08-04,21549.88 ,21567.33 ,21621.82 ,21427.51 ,1240000000
2010-08-11,21294.54 ,21542.27 ,21643.24 ,21239.17 ,1480000000
2010-08-18,21022.73 ,21167.88 ,21277.12 ,20968.70 ,1280000000
2010-08-25,20634.98 ,20603.57 ,20667.30 ,20512.78 ,1220000000
2010-09-01,20623.83 ,20570.52 ,20649.45 ,20529.87 ,1110000000
2010-09-08,21088.86 ,21213.20 ,21214.81 ,21066.69 ,1960000000
2010-09-15,21725.64 ,21819.95 ,21819.95 ,21633.07 ,1100000000
2010-09-22,22047.71 ,22077.38 ,22229.18 ,22021.60 ,1310000000
2010-09-30,22358.17 ,22287.08 ,22381.33 ,22202.43 ,2330000000
2010-10-08,22944.18 ,22861.15 ,23093.77 ,22861.15 ,1560000000
2010-10-15,23757.63 ,23733.79 ,23862.54 ,23650.30 ,3590000000
2010-10-22,23517.54 ,23647.32 ,23667.42 ,23465.76 ,1260000000
2010-10-29,23096.32 ,23177.69 ,23222.35 ,22880.68 ,1910000000
2010-11-05,24876.82 ,24905.43 ,24931.85 ,24732.90 ,2820000000
2010-11-12,24222.58 ,24404.91 ,24608.66 ,24187.27 ,2090000000
2010-11-19,23605.71 ,23625.31 ,23686.42 ,23252.33 ,1900000000
2010-11-26,22877.25 ,22995.30 ,23107.67 ,22782.98 ,1130000000
2010-12-03,23320.52 ,23555.76 ,23611.04 ,23286.54 ,1640000000
2010-12-10,23162.91 ,23091.52 ,23202.29 ,22965.90 ,1350000000
2010-12-17,22714.85 ,22660.88 ,22732.62 ,22519.61 ,1430000000
2010-12-24,22833.80 ,22932.50 ,22948.25 ,22776.62 ,531780000
2011-01-03,23436.05 ,23135.64 ,23443.53 ,23057.52 ,1070000000
2011-01-10,23527.26 ,23715.47 ,23783.83 ,23481.80 ,1090000000
2011-01-17,24156.97 ,24364.07 ,24364.07 ,24098.03 ,1210000000
2011-01-24,23801.78 ,23970.30 ,23970.30 ,23751.72 ,1200000000
2011-01-31,23447.34 ,23314.69 ,23520.54 ,23285.60 ,1960000000
2011-02-09,23164.03 ,23535.41 ,23591.50 ,23128.72 ,2270000000
2011-02-16,23156.97 ,23015.39 ,23183.28 ,22809.01 ,1290000000
2011-02-23,22906.90 ,22983.37 ,23055.47 ,22837.09 ,1290000000
2011-03-02,23048.66 ,23114.43 ,23114.43 ,22915.65 ,1490000000
2011-03-09,23810.11 ,23863.93 ,23934.07 ,23775.70 ,2030000000
2011-03-16,22700.88 ,22814.50 ,22814.50 ,22541.55 ,1780000000
2011-03-23,22825.40 ,22797.94 ,22849.23 ,22714.86 ,1380000000
2011-03-30,23451.43 ,23192.79 ,23505.11 ,23180.92 ,2040000000
2011-04-07,24281.80 ,24317.82 ,24368.76 ,24195.61 ,1590000000
2011-04-14,24014.00 ,23951.88 ,24070.76 ,23912.27 ,1220000000
2011-04-21,24138.31 ,24090.55 ,24185.49 ,24031.42 ,1520000000
2011-05-03,23633.25 ,23794.86 ,23924.48 ,23599.28 ,1310000000
2011-05-11,23291.80 ,23509.01 ,23509.01 ,23233.42 ,1310000000
2011-05-18,23011.14 ,22968.62 ,23057.72 ,22924.46 ,1070000000
2011-05-25,22747.28 ,22558.33 ,22767.01 ,22519.66 ,1230000000
2011-06-01,23626.43 ,23686.77 ,23706.00 ,23598.39 ,1590000000
2011-06-09,22609.83 ,22628.13 ,22647.30 ,22372.94 ,2440000000
2011-06-16,21953.11 ,22048.28 ,22065.46 ,21874.89 ,1880000000
2011-06-23,21759.14 ,21777.11 ,21905.10 ,21632.87 ,1780000000
2011-06-30,22398.10 ,22233.70 ,22464.05 ,22174.61 ,1690000000
2011-07-08,22726.43 ,22706.24 ,22835.03 ,22677.97 ,1430000000
2011-07-15,21875.38 ,21872.56 ,21974.57 ,21774.95 ,1260000000
2011-07-22,22444.80 ,22231.60 ,22449.11 ,22231.60 ,2050000000
2011-07-29,22440.25 ,22544.51 ,22623.01 ,22323.16 ,1290000000
2011-08-05,20946.14 ,20939.40 ,21017.72 ,20643.26 ,3530000000
2011-08-12,19620.01 ,19955.82 ,19955.82 ,19575.00 ,2160000000
2011-08-19,19399.92 ,19478.82 ,19595.92 ,19314.42 ,2110000000
2011-08-26,19582.88 ,19733.71 ,19919.92 ,19549.53 ,2060000000
2011-09-02,20212.91 ,20557.92 ,20580.81 ,20178.67 ,1750000000
2011-09-09,19866.63 ,19997.89 ,20088.80 ,19808.95 ,1300000000
2011-09-19,18917.95 ,19247.59 ,19247.59 ,18876.06 ,1580000000
2011-09-26,17407.80 ,17634.42 ,17734.84 ,16999.54 ,3000000000
2011-10-04,16250.27 ,16731.58 ,16840.91 ,16170.35 ,2860000000
2011-10-12,18329.46 ,17990.56 ,18411.77 ,17804.56 ,2170000000
2011-10-19,18309.22 ,18400.33 ,18426.29 ,18203.99 ,1370000000
2011-10-26,19066.54 ,18727.96 ,19106.74 ,18705.08 ,1680000000
2011-11-02,19733.71 ,19091.85 ,19745.48 ,19024.07 ,1960000000
2011-11-09,20014.43 ,20067.38 ,20173.14 ,19967.17 ,1940000000
2011-11-16,18960.90 ,19483.10 ,19483.10 ,18768.67 ,1620000000
2011-11-23,17864.43 ,17954.58 ,17964.40 ,17838.74 ,1580000000
2011-11-30,17989.35 ,18192.29 ,18192.29 ,17860.80 ,3420000000
2011-12-07,19240.58 ,19114.02 ,19242.80 ,19009.43 ,1850000000
2011-12-14,18354.43 ,18301.05 ,18476.15 ,18280.67 ,1200000000
2011-12-21,18416.45 ,18462.64 ,18473.19 ,18288.65 ,1420000000
2011-12-30,18434.39 ,18489.04 ,18506.27 ,18415.85 ,837150000
2012-01-09,18865.72 ,18588.36 ,18884.26 ,18302.84 ,1380000000
2012-01-16,19012.20 ,19070.74 ,19070.74 ,18985.75 ,1350000000
2012-01-26,20439.14 ,20453.47 ,20453.47 ,20301.59 ,2040000000
2012-02-02,20739.45 ,20638.96 ,20761.70 ,20564.97 ,2100000000
2012-02-09,21010.01 ,20922.29 ,21053.06 ,20787.84 ,2210000000
2012-02-16,21277.28 ,21266.51 ,21317.72 ,21157.55 ,1550000000
2012-02-23,21380.99 ,21356.53 ,21428.50 ,21325.56 ,1130000000
2012-03-01,21387.96 ,21578.19 ,21641.14 ,21338.29 ,1380000000
2012-03-08,20900.73 ,20722.95 ,20909.71 ,20681.09 ,1590000000
2012-03-15,21353.53 ,21323.06 ,21368.48 ,21162.17 ,1320000000
2012-03-22,20901.56 ,20886.12 ,20978.49 ,20801.79 ,1170000000
2012-03-29,20609.39 ,20720.34 ,20720.34 ,20527.26 ,1670000000
2012-04-10,20356.24 ,20387.43 ,20472.96 ,20297.39 ,1240000000
2012-04-17,20562.31 ,20678.04 ,20678.04 ,20392.57 ,1490000000
2012-04-24,20677.16 ,20606.17 ,20771.79 ,20534.13 ,1280000000
2012-05-02,21309.08 ,21245.48 ,21385.30 ,21237.17 ,1550000000
2012-05-09,20330.64 ,20361.55 ,20371.66 ,20257.61 ,1800000000
2012-05-16,19259.83 ,19655.34 ,19655.34 ,19181.19 ,2070000000
2012-05-23,18786.19 ,18842.32 ,18845.84 ,18661.48 ,1480000000
2012-05-30,18690.22 ,18897.12 ,18897.12 ,18604.45 ,1930000000
2012-06-06,18520.53 ,18349.68 ,18521.57 ,18320.61 ,1640000000
2012-06-13,19026.52 ,18948.45 ,19029.55 ,18812.94 ,1420000000
2012-06-20,19518.85 ,19551.89 ,19578.82 ,19469.13 ,1180000000
2012-06-27,19176.95 ,18990.17 ,19213.92 ,18942.00 ,1430000000
2012-07-05,19809.13 ,19757.42 ,19869.11 ,19588.63 ,1270000000
2012-07-12,19025.11 ,19356.79 ,19356.79 ,18998.30 ,2020000000
2012-07-19,19559.05 ,19393.45 ,19600.32 ,19393.45 ,1690000000
2012-07-26,18892.79 ,18870.33 ,18961.58 ,18793.15 ,1110000000
2012-08-02,19690.20 ,19784.15 ,19786.71 ,19651.76 ,1230000000
2012-08-09,20269.47 ,20149.20 ,20300.03 ,20149.20 ,1300000000
2012-08-16,19962.95 ,20151.69 ,20151.69 ,19919.56 ,1060000000
2012-08-23,20132.24 ,19935.13 ,20133.41 ,19935.13 ,1230000000
2012-08-30,19552.91 ,19657.20 ,19657.20 ,19509.31 ,1450000000
2012-09-06,19209.30 ,19101.93 ,19216.08 ,19076.79 ,1360000000
2012-09-13,20047.63 ,20061.97 ,20146.77 ,20009.50 ,1240000000
2012-09-20,20590.92 ,20816.77 ,20816.77 ,20578.56 ,1500000000
2012-09-27,20762.29 ,20487.36 ,20850.49 ,20487.36 ,1740000000
2012-10-08,20824.56 ,20979.53 ,20981.63 ,20807.93 ,1350000000
2012-10-15,21148.25 ,21137.61 ,21184.43 ,21076.95 ,1350000000
2012-10-22,21697.55 ,21440.01 ,21699.07 ,21431.24 ,1470000000
2012-10-30,21428.58 ,21549.17 ,21575.03 ,21338.65 ,1430000000
2012-11-06,21944.43 ,21959.99 ,22008.86 ,21832.28 ,1320000000
2012-11-13,21188.65 ,21372.87 ,21399.61 ,21181.92 ,1350000000
2012-11-20,21228.28 ,21478.00 ,21478.00 ,21213.12 ,1170000000
2012-11-27,21844.03 ,21969.71 ,22002.86 ,21820.15 ,1210000000
2012-12-04,21799.97 ,21786.07 ,21853.15 ,21687.88 ,1240000000
2012-12-11,22323.94 ,22295.99 ,22393.20 ,22244.02 ,1590000000
2012-12-18,22494.73 ,22525.46 ,22588.48 ,22449.74 ,3220000000
2012-12-27,22619.78 ,22705.46 ,22718.83 ,22608.60 ,1050000000
2013-01-04,23331.09 ,23370.36 ,23370.36 ,23172.28 ,1510000000
2013-01-11,23264.07 ,23478.81 ,23486.60 ,23212.90 ,1530000000
2013-01-18,23601.78 ,23509.49 ,23606.50 ,23450.77 ,1930000000
2013-01-25,23580.43 ,23653.54 ,23666.39 ,23481.37 ,1620000000
2013-02-01,23721.84 ,23763.34 ,23763.34 ,23571.30 ,1630000000
2013-02-08,23215.16 ,23101.09 ,23267.20 ,23101.09 ,1830000000
2013-02-20,23307.41 ,23310.93 ,23310.93 ,23163.86 ,1560000000
2013-02-27,22577.01 ,22656.40 ,22656.40 ,22445.34 ,1680000000
2013-03-06,22777.84 ,22750.58 ,22808.81 ,22664.94 ,1760000000
2013-03-13,22556.65 ,22901.12 ,22901.12 ,22487.33 ,1820000000
2013-03-20,22256.44 ,21990.04 ,22302.50 ,21975.90 ,1770000000
2013-03-27,22464.82 ,22385.47 ,22529.37 ,22366.02 ,1670000000
2013-04-08,21718.05 ,21733.78 ,21772.23 ,21612.05 ,1360000000
2013-04-15,21772.67 ,21998.74 ,21998.74 ,21735.31 ,1510000000
2013-04-22,22044.37 ,22038.13 ,22131.65 ,21956.53 ,1290000000
2013-04-29,22580.77 ,22567.63 ,22647.59 ,22488.65 ,1350000000
2013-05-07,23047.09 ,22924.29 ,23058.74 ,22855.58 ,1420000000
2013-05-14,22930.28 ,23124.24 ,23145.91 ,22878.64 ,1380000000
2013-05-22,23261.08 ,23341.06 ,23423.51 ,23179.46 ,1470000000
2013-05-29,22554.93 ,22826.85 ,22861.60 ,22532.57 ,1540000000
2013-06-05,22069.24 ,22141.67 ,22174.69 ,21933.92 ,1520000000
2013-06-13,20887.04 ,21069.26 ,21069.26 ,20652.75 ,3300000000
2013-06-20,20382.87 ,20668.80 ,20703.76 ,20374.14 ,2630000000
2013-06-27,20440.08 ,20456.47 ,20713.34 ,20375.40 ,2430000000
2013-07-05,20854.67 ,20740.70 ,20866.36 ,20729.03 ,1450000000
2013-07-12,21277.28 ,21522.15 ,21522.15 ,21242.47 ,1640000000
2013-07-19,21362.42 ,21451.60 ,21451.60 ,21214.24 ,1280000000
2013-07-26,21968.95 ,21892.34 ,22034.38 ,21834.24 ,1210000000
2013-08-02,22190.97 ,22264.77 ,22291.41 ,22136.78 ,1010000000
2013-08-09,21807.56 ,21760.05 ,21811.24 ,21674.97 ,1020000000
2013-08-19,22463.70 ,22432.87 ,22551.27 ,22387.71 ,1090000000
2013-08-26,22005.32 ,21943.40 ,22116.00 ,21898.15 ,1220000000
2013-09-02,22175.34 ,21948.72 ,22240.04 ,21948.72 ,1810000000
2013-09-09,22750.65 ,22770.25 ,22853.02 ,22680.63 ,1920000000
2013-09-16,23252.41 ,23210.36 ,23268.15 ,23173.84 ,1450000000
2013-09-24,23179.04 ,23324.38 ,23324.38 ,23102.25 ,1560000000
2013-10-02,22984.48 ,22997.21 ,23138.86 ,22933.31 ,1440000000
2013-10-09,23033.97 ,23002.08 ,23065.67 ,22965.91 ,1080000000
2013-10-17,23094.88 ,23351.48 ,23357.16 ,23073.88 ,1240000000
2013-10-24,22835.82 ,22975.55 ,22975.55 ,22762.19 ,1860000000
2013-10-31,23206.37 ,23134.39 ,23250.66 ,23108.27 ,1790000000
2013-11-07,22881.03 ,23023.73 ,23023.73 ,22819.65 ,1080000000
2013-11-14,22649.15 ,22673.32 ,22691.67 ,22529.33 ,1250000000
2013-11-21,23580.29 ,23661.42 ,23661.42 ,23508.79 ,1620000000
2013-11-28,23789.09 ,23934.94 ,24014.81 ,23734.54 ,1330000000
2013-12-05,23712.57 ,23634.09 ,23728.90 ,23563.21 ,1200000000
2013-12-12,23218.12 ,23265.13 ,23327.44 ,23160.90 ,1710000000
2013-12-19,22888.75 ,23404.45 ,23404.45 ,22753.30 ,1960000000
2013-12-30,23244.87 ,23353.54 ,23369.37 ,23178.28 ,1000000000
2014-01-07,22712.78 ,22689.25 ,22802.85 ,22644.58 ,1730000000
2014-01-14,22791.28 ,22637.55 ,22883.00 ,22637.55 ,1170000000
2014-01-21,23033.12 ,23040.84 ,23139.65 ,22986.47 ,1770000000
2014-01-28,21960.64 ,22012.51 ,22022.14 ,21892.20 ,1830000000
2014-02-06,21423.13 ,21320.91 ,21440.40 ,21277.01 ,1590000000
2014-02-13,22165.53 ,22297.70 ,22297.70 ,22098.20 ,1430000000
2014-02-20,22394.08 ,22595.91 ,22742.72 ,22297.85 ,2690000000
2014-02-27,22828.18 ,22465.96 ,22866.23 ,22432.48 ,1960000000
2014-03-06,22702.97 ,22588.77 ,22764.38 ,22588.76 ,1520000000
2014-03-13,21756.08 ,21920.94 ,22041.33 ,21743.34 ,1580000000
2014-03-20,21182.16 ,21352.49 ,21475.48 ,21137.61 ,1860000000
2014-03-27,21834.45 ,21897.07 ,21926.83 ,21715.63 ,2220000000
2014-04-03,22565.08 ,22666.06 ,22722.24 ,22531.24 ,1390000000
2014-04-10,23186.96 ,22949.79 ,23224.54 ,22734.39 ,2710000000
2014-04-17,22760.24 ,22858.79 ,22858.79 ,22657.95 ,1040000000
2014-04-28,22132.53 ,22122.38 ,22202.27 ,22096.95 ,1200000000
2014-05-07,21746.26 ,21904.52 ,21923.15 ,21680.33 ,1550000000
2014-05-14,22582.77 ,22484.49 ,22664.37 ,22365.23 ,1930000000
2014-05-21,22836.52 ,22715.58 ,22883.50 ,22649.66 ,1500000000
2014-05-28,23080.03 ,23023.82 ,23204.94 ,22949.86 ,1880000000
2014-06-05,23109.66 ,23142.66 ,23178.08 ,23052.43 ,1140000000
2014-06-12,23175.02 ,23127.82 ,23237.76 ,23065.50 ,1260000000
2014-06-19,23167.73 ,23264.92 ,23300.31 ,23122.75 ,1420000000
2014-06-26,23197.83 ,22947.84 ,23203.48 ,22926.04 ,1290000000
2014-07-04,23546.36 ,23609.32 ,23626.14 ,23508.27 ,1120000000
2014-07-11,23233.45 ,23155.69 ,23307.54 ,23146.99 ,1120000000
2014-07-18,23454.79 ,23316.46 ,23460.13 ,23240.61 ,913310000
2014-07-25,24216.01 ,24247.20 ,24247.20 ,24088.99 ,1640000000
2014-08-01,24532.43 ,24594.23 ,24731.52 ,24485.73 ,1760000000
2014-08-08,24331.41 ,24307.10 ,24493.01 ,24190.93 ,1340000000
2014-08-15,24954.94 ,24969.72 ,25010.31 ,24872.71 ,1150000000
2014-08-22,25112.23 ,25113.73 ,25132.93 ,25025.94 ,1180000000
2014-08-29,24742.06 ,24748.19 ,24814.27 ,24630.80 ,1710000000
2014-09-05,25240.15 ,25356.56 ,25356.56 ,25171.59 ,2160000000
2014-09-15,24356.99 ,24410.38 ,24471.80 ,24300.57 ,1480000000
2014-09-22,23955.49 ,24072.18 ,24082.62 ,23949.29 ,1720000000
2014-09-29,23229.21 ,23399.51 ,23399.51 ,23095.78 ,2230000000
2014-10-08,23263.33 ,23221.76 ,23369.39 ,23184.15 ,1250000000
2014-10-15,23140.05 ,23087.50 ,23238.04 ,22992.93 ,1440000000
2014-10-22,23403.97 ,23300.45 ,23460.77 ,23193.48 ,1730000000
2014-10-29,23819.87 ,23703.95 ,23855.67 ,23699.56 ,2020000000
2014-11-05,23695.62 ,23846.84 ,23846.84 ,23623.14 ,1360000000
2014-11-12,23938.18 ,23883.31 ,23999.97 ,23801.73 ,1790000000
2014-11-19,23373.31 ,23466.07 ,23572.21 ,23341.16 ,1410000000
2014-11-26,24111.98 ,23833.19 ,24176.64 ,23799.42 ,2230000000
2014-12-03,23428.62 ,23756.05 ,23921.76 ,23378.81 ,3220000000
2014-12-10,23524.52 ,23442.69 ,23656.51 ,23345.89 ,2310000000
2014-12-17,22585.84 ,22697.68 ,22726.56 ,22529.75 ,2560000000
2014-12-24,23349.34 ,23290.42 ,23421.10 ,23290.42 ,740670000
2015-01-05,23721.32 ,23699.19 ,23998.87 ,23655.52 ,2590000000
2015-01-12,24026.46 ,24118.59 ,24118.59 ,23905.01 ,1410000000
2015-01-19,23738.49 ,23971.23 ,24049.55 ,23590.05 ,3040000000
2015-01-26,24909.90 ,24907.19 ,24916.49 ,24761.55 ,1360000000
2015-02-02,24484.74 ,24347.27 ,24506.81 ,24324.37 ,1620000000
2015-02-09,24521.00 ,24529.55 ,24657.87 ,24449.48 ,1330000000
2015-02-16,24726.53 ,24717.49 ,24771.60 ,24687.15 ,955270000
2015-02-25,24778.28 ,24822.28 ,24869.37 ,24691.78 ,1430000000
2015-03-04,24465.38 ,24656.94 ,24705.96 ,24439.29 ,1620000000
2015-03-11,23717.97 ,23807.10 ,23899.86 ,23703.84 ,1680000000
2015-03-18,24120.08 ,23938.63 ,24210.75 ,23938.63 ,1720000000
2015-03-25,24528.23 ,24410.53 ,24613.69 ,24377.92 ,1470000000
2015-04-01,25082.75 ,24955.20 ,25099.06 ,24926.11 ,1770000000
2015-04-13,28016.34 ,27374.33 ,28031.96 ,27304.12 ,4870000000
2015-04-20,27094.93 ,27770.79 ,27770.79 ,26959.77 ,3480000000
2015-04-27,28433.59 ,28245.14 ,28588.52 ,28245.14 ,2880000000
2015-05-05,27755.54 ,28295.72 ,28316.63 ,27598.17 ,2360000000
2015-05-12,27407.18 ,27664.18 ,27693.63 ,27395.91 ,1580000000
2015-05-19,27693.54 ,27597.07 ,27765.55 ,27500.76 ,1610000000
2015-05-27,28081.21 ,28214.66 ,28214.66 ,27982.14 ,1920000000
2015-06-03,27657.47 ,27716.34 ,27767.23 ,27508.84 ,1790000000
2015-06-10,26687.64 ,27052.79 ,27116.92 ,26573.96 ,2040000000
2015-06-17,26753.79 ,26671.20 ,26880.79 ,26555.96 ,1880000000
2015-06-24,27404.97 ,27397.37 ,27470.50 ,27292.85 ,1710000000
2015-07-02,26282.32 ,26459.43 ,26459.43 ,26135.62 ,2250000000
2015-07-09,24392.79 ,23435.50 ,24695.75 ,23332.90 ,4400000000
2015-07-16,25162.78 ,24976.08 ,25170.35 ,24841.14 ,1430000000
2015-07-23,25398.85 ,25308.55 ,25500.99 ,25250.36 ,1170000000
2015-07-30,24497.98 ,24822.42 ,24872.70 ,24478.07 ,1530000000
2015-08-06,24375.28 ,24527.74 ,24527.74 ,24320.75 ,1010000000
2015-08-13,24018.80 ,23935.48 ,24133.87 ,23860.82 ,1770000000
2015-08-20,22757.47 ,22973.87 ,23033.97 ,22610.53 ,2410000000
2015-08-27,21838.54 ,21758.62 ,21963.43 ,21407.59 ,3290000000
2015-09-04,20840.61 ,21158.93 ,21174.86 ,20715.02 ,2190000000
2015-09-11,21504.37 ,21710.13 ,21909.82 ,21472.16 ,2440000000
2015-09-18,21920.83 ,21807.25 ,22052.11 ,21807.25 ,2120000000
2015-09-25,21186.32 ,21070.39 ,21318.33 ,20957.99 ,1780000000
2015-10-06,21831.62 ,22169.10 ,22169.10 ,21719.29 ,1670000000
2015-10-13,22600.46 ,22677.60 ,22798.90 ,22515.73 ,1760000000
2015-10-20,22989.22 ,22991.60 ,23057.93 ,22843.04 ,1260000000
2015-10-28,22956.57 ,23070.70 ,23120.25 ,22923.66 ,1420000000
2015-11-04,23053.57 ,22737.44 ,23342.07 ,22737.44 ,2680000000
2015-11-11,22352.17 ,22394.15 ,22479.46 ,22324.41 ,1460000000
2015-11-18,22188.26 ,22331.77 ,22349.73 ,22163.28 ,1250000000
2015-11-25,22498.00 ,22533.53 ,22617.21 ,22436.01 ,1560000000
2015-12-02,22479.69 ,22471.35 ,22563.47 ,22368.66 ,1720000000
2015-12-09,21803.76 ,21773.77 ,21872.33 ,21755.69 ,1410000000
2015-12-16,21701.21 ,21557.73 ,21772.79 ,21557.73 ,1700000000
2015-12-23,22040.59 ,21869.40 ,22103.63 ,21846.48 ,1090000000
2015-12-31,21914.40 ,21892.25 ,21970.33 ,21864.12 ,525970000
2016-01-08,20453.71 ,20491.88 ,20596.42 ,20324.62 ,2140000000
2016-01-15,19520.77 ,19781.46 ,19828.93 ,19500.38 ,1990000000
2016-01-22,19080.51 ,19000.79 ,19152.80 ,18769.61 ,2460000000
2016-01-29,19683.11 ,19138.42 ,19709.99 ,19130.59 ,2420000000
2016-02-05,19288.17 ,19287.36 ,19397.88 ,19230.00 ,1300000000
2016-02-17,18924.57 ,19198.18 ,19308.54 ,18909.06 ,1740000000
2016-02-24,19192.45 ,19282.34 ,19360.80 ,19060.16 ,1340000000
2016-03-02,20003.49 ,19788.17 ,20058.12 ,19783.92 ,2530000000
2016-03-09,19996.26 ,19898.74 ,20005.41 ,19818.42 ,1240000000
2016-03-16,20257.70 ,20339.90 ,20383.20 ,20168.74 ,1250000000
2016-03-23,20615.23 ,20629.40 ,20693.48 ,20513.61 ,1220000000
2016-04-01,20498.92 ,20786.18 ,20786.18 ,20455.41 ,1680000000
2016-04-11,20440.81 ,20255.84 ,20550.95 ,20240.69 ,1270000000
2016-04-18,21161.50 ,21129.68 ,21172.00 ,21002.77 ,1470000000
2016-04-25,21304.44 ,21408.56 ,21430.57 ,21254.46 ,1240000000
2016-05-03,20676.94 ,21061.77 ,21061.77 ,20668.37 ,1760000000
2016-05-10,20242.68 ,19962.43 ,20294.46 ,19962.43 ,1490000000
2016-05-17,20118.80 ,19987.24 ,20145.77 ,19847.70 ,1620000000
2016-05-24,19830.43 ,19828.02 ,19870.16 ,19712.67 ,1210000000
2016-05-31,20815.09 ,20617.33 ,20974.71 ,20617.33 ,3230000000
2016-06-07,21328.24 ,21218.96 ,21351.33 ,21153.68 ,1880000000
2016-06-15,20467.52 ,20161.01 ,20553.58 ,20161.01 ,1780000000
2016-06-22,20795.12 ,20553.94 ,20841.51 ,20515.25 ,1890000000
2016-06-29,20436.12 ,20217.07 ,20456.58 ,20217.07 ,1610000000
2016-07-07,20706.92 ,20606.68 ,20731.12 ,20576.74 ,1160000000
2016-07-14,21561.06 ,21297.54 ,21581.42 ,21242.93 ,2000000000
2016-07-21,22000.49 ,21971.97 ,22118.22 ,21913.16 ,1620000000
2016-07-28,22174.34 ,22134.12 ,22214.72 ,22053.51 ,1660000000
2016-08-05,22146.09 ,21961.05 ,22193.29 ,21961.05 ,1200000000
2016-08-12,22766.91 ,22788.88 ,22816.75 ,22704.05 ,2390000000
2016-08-19,22937.22 ,23153.74 ,23153.74 ,22875.56 ,2160000000
2016-08-26,22909.54 ,22827.22 ,22997.40 ,22827.22 ,1650000000
2016-09-02,23266.70 ,23157.01 ,23306.48 ,23152.79 ,2590000000
2016-09-09,24099.70 ,23924.77 ,24364.00 ,23914.73 ,2860000000
2016-09-19,23550.45 ,23486.62 ,23625.92 ,23394.95 ,2120000000
2016-09-26,23317.92 ,23554.83 ,23563.50 ,23276.13 ,1700000000
2016-10-03,23584.43 ,23652.83 ,23698.30 ,23500.71 ,982850000
2016-10-11,23549.52 ,24013.84 ,24064.50 ,23441.07 ,2220000000
2016-10-18,23394.39 ,23130.20 ,23402.89 ,23130.20 ,1420000000
2016-10-26,23325.43 ,23396.14 ,23464.03 ,23310.23 ,1060000000
2016-11-02,22810.50 ,22946.06 ,22956.85 ,22785.35 ,1090000000
2016-11-09,22415.19 ,23048.32 ,23048.32 ,21957.71 ,3660000000
2016-11-16,22280.53 ,22439.98 ,22499.39 ,22280.53 ,1660000000
2016-11-23,22676.69 ,22702.41 ,22804.26 ,22640.95 ,1820000000
2016-11-30,22789.77 ,22842.36 ,22889.47 ,22755.00 ,2130000000
2016-12-07,22800.92 ,22805.13 ,22843.01 ,22708.88 ,1140000000
2016-12-14,22456.62 ,22596.71 ,22627.60 ,22456.62 ,1880000000
2016-12-21,21809.80 ,21770.89 ,21910.39 ,21755.85 ,1240000000
2016-12-30,22000.56 ,21818.91 ,22069.62 ,21818.91 ,2470000000
2017-01-09,22558.69 ,22561.11 ,22626.43 ,22476.35 ,1340000000
2017-01-16,22718.15 ,22895.36 ,22908.86 ,22657.35 ,1350000000
2017-01-23,22898.52 ,22926.30 ,23068.08 ,22861.29 ,1070000000
2017-02-01,23318.39 ,23211.88 ,23318.39 ,23082.62 ,1520000000
2017-02-08,23485.13 ,23284.76 ,23520.77 ,23160.99 ,2600000000
2017-02-15,23994.87 ,23771.95 ,24067.62 ,23771.95 ,3840000000
2017-02-22,24201.96 ,24059.09 ,24201.96 ,23999.55 ,2230000000
2017-03-01,23776.49 ,23849.22 ,23857.28 ,23730.05 ,1650000000
2017-03-08,23782.27 ,23627.28 ,23816.23 ,23563.14 ,1820000000
2017-03-15,23792.85 ,23705.07 ,23842.81 ,23645.51 ,1350000000
2017-03-22,24320.41 ,24336.33 ,24380.42 ,24207.10 ,2140000000
2017-03-29,24392.05 ,24470.66 ,24470.66 ,24330.70 ,1830000000
2017-04-06,24273.72 ,24310.41 ,24381.63 ,24210.69 ,1720000000
2017-04-13,24261.66 ,24173.42 ,24378.38 ,24158.16 ,1330000000
2017-04-24,24139.48 ,24185.76 ,24206.44 ,23958.18 ,1380000000
2017-05-02,24696.13 ,24773.80 ,24773.80 ,24577.33 ,1660000000
2017-05-10,25015.42 ,24931.82 ,25164.97 ,24931.82 ,2370000000
2017-05-17,25293.63 ,25355.76 ,25374.95 ,25245.44 ,1560000000
2017-05-24,25428.50 ,25382.26 ,25428.50 ,25296.66 ,1450000000
2017-06-01,25809.22 ,25736.35 ,25834.75 ,25614.61 ,2080000000
2017-06-08,26063.06 ,25974.00 ,26069.98 ,25923.21 ,1680000000
2017-06-15,25565.34 ,25772.28 ,25772.28 ,25565.34 ,1710000000
2017-06-22,25674.53 ,25597.46 ,25867.94 ,25597.46 ,1600000000
2017-06-29,25965.42 ,25872.93 ,25965.42 ,25814.80 ,1800000000
2017-07-06,25465.22 ,25574.57 ,25599.70 ,25436.83 ,1540000000
2017-07-13,26346.17 ,26340.29 ,26383.76 ,26255.31 ,2030000000
2017-07-20,26740.21 ,26770.48 ,26794.18 ,26632.98 ,1450000000
2017-07-27,27131.17 ,27002.70 ,27169.15 ,26962.03 ,1820000000
2017-08-03,27531.01 ,27533.51 ,27601.05 ,27399.58 ,1730000000
2017-08-10,27444.00 ,27791.36 ,27791.36 ,27267.03 ,2240000000
2017-08-17,27344.22 ,27610.29 ,27624.52 ,27302.48 ,1850000000
2017-08-24,27518.60 ,27642.23 ,27642.23 ,27485.87 ,2770000000
2017-08-31,27970.30 ,27934.45 ,27994.06 ,27861.48 ,2880000000
2017-09-07,27522.92 ,27817.87 ,27817.87 ,27492.82 ,1830000000
2017-09-14,27777.20 ,27788.84 ,27895.07 ,27699.09 ,1700000000
2017-09-21,28110.33 ,28091.24 ,28184.37 ,28046.94 ,1680000000
2017-09-28,27421.60 ,27661.27 ,27665.16 ,27421.60 ,2030000000
2017-10-09,28326.59 ,28440.17 ,28488.35 ,28282.01 ,1800000000
2017-10-16,28692.80 ,28661.98 ,28792.06 ,28620.38 ,1790000000
2017-10-23,28305.88 ,28557.80 ,28557.80 ,28253.32 ,1770000000
2017-10-30,28336.19 ,28585.15 ,28650.82 ,28336.19 ,2200000000
2017-11-06,28596.80 ,28616.35 ,28650.79 ,28137.77 ,2330000000
2017-11-13,29182.18 ,29058.23 ,29258.50 ,29058.23 ,1840000000
2017-11-20,29260.31 ,29227.08 ,29299.87 ,29089.58 ,1670000000
2017-11-27,29686.19 ,29857.65 ,29859.11 ,29610.96 ,1530000000
2017-12-04,29138.28 ,28951.19 ,29343.78 ,28803.19 ,1670000000
2017-12-11,28965.29 ,28645.41 ,28998.51 ,28645.41 ,2190000000
2017-12-18,29050.41 ,28923.53 ,29143.33 ,28821.19 ,1690000000
2017-12-27,29597.66 ,29632.97 ,29693.82 ,29516.51 ,1780000000
2018-01-04,30736.48 ,30691.71 ,30796.93 ,30560.43 ,3090000000
2018-01-11,31120.39 ,31066.21 ,31133.18 ,30950.07 ,1850000000
2018-01-18,32121.94 ,32148.45 ,32233.81 ,31869.70 ,3860000000
2018-01-25,32654.45 ,32979.38 ,32998.05 ,32650.22 ,3560000000
2018-02-01,32642.09 ,32950.30 ,33048.04 ,32642.09 ,2850000000
2018-02-08,30451.27 ,30555.80 ,30739.11 ,30251.32 ,3240000000
2018-02-15,31115.43 ,30958.71 ,31145.10 ,30816.65 ,2130000000
2018-02-26,31498.60 ,31528.29 ,31567.46 ,31273.95 ,2090000000
2018-03-05,29886.39 ,30524.26 ,30679.47 ,29852.42 ,2350000000
2018-03-12,31594.33 ,31536.30 ,31607.58 ,31342.48 ,2240000000
2018-03-19,31513.76 ,31370.47 ,31656.30 ,31244.62 ,1490000000
2018-03-26,30548.77 ,30267.07 ,30548.77 ,29995.16 ,2390000000
2018-04-04,29518.69 ,30244.22 ,30329.08 ,29518.69 ,1870000000
2018-04-12,30831.28 ,31094.11 ,31094.11 ,30637.14 ,1810000000
2018-04-19,30708.44 ,30532.95 ,30761.47 ,30451.00 ,2290000000
2018-04-26,30007.68 ,30378.15 ,30463.42 ,29871.20 ,1820000000
2018-05-04,29926.50 ,30316.98 ,30341.46 ,29859.30 ,1810000000
2018-05-11,31122.06 ,31151.80 ,31277.39 ,31032.44 ,1680000000
2018-05-18,31047.91 ,31033.97 ,31148.06 ,30904.68 ,1780000000
2018-05-28,30792.26 ,30759.84 ,30839.30 ,30530.47 ,1790000000
2018-06-04,30997.98 ,30836.77 ,31012.92 ,30743.18 ,1890000000
2018-06-11,31063.70 ,31016.52 ,31134.03 ,30898.57 ,1360000000
2018-06-19,29468.15 ,29999.01 ,30012.04 ,29332.28 ,3670000000
2018-06-26,28881.40 ,28881.18 ,29034.23 ,28505.09 ,2610000000
2018-07-04,28241.67 ,28546.32 ,28642.34 ,28141.28 ,2170000000
2018-07-11,28311.69 ,28013.72 ,28365.72 ,28013.72 ,1930000000
2018-07-18,28117.42 ,28352.11 ,28386.38 ,28045.47 ,1550000000
2018-07-25,28920.90 ,28906.97 ,28964.79 ,28764.35 ,1680000000
2018-08-01,28340.74 ,28756.72 ,28772.80 ,28219.97 ,1560000000
2018-08-08,28359.14 ,28473.48 ,28473.48 ,28224.46 ,1660000000
2018-08-15,27323.59 ,27724.72 ,27727.27 ,27249.08 ,1970000000
2018-08-22,27927.58 ,27836.68 ,27954.52 ,27579.80 ,1840000000
2018-08-29,28416.44 ,28362.84 ,28485.83 ,28272.13 ,1410000000
2018-09-05,27243.85 ,27789.02 ,27861.99 ,27208.34 ,1970000000
2018-09-12,26345.04 ,26462.82 ,26468.91 ,26219.56 ,2330000000
2018-09-19,27407.37 ,27170.02 ,27488.35 ,27085.79 ,1930000000
2018-09-27,27715.67 ,27912.51 ,27928.29 ,27638.54 ,1490000000
2018-10-05,26572.57 ,26503.75 ,26639.64 ,26373.46 ,1740000000
2018-10-12,25801.49 ,25401.41 ,25835.76 ,25286.86 ,2160000000
2018-10-22,26153.15 ,25668.33 ,26234.86 ,25668.33 ,2290000000
2018-10-29,24812.04 ,24955.79 ,24955.79 ,24594.74 ,2060000000
2018-11-05,25934.39 ,26050.34 ,26146.81 ,25747.52 ,1680000000
2018-11-12,25633.18 ,25576.28 ,25765.96 ,25505.33 ,1210000000
2018-11-19,26372.00 ,26278.87 ,26397.39 ,26146.39 ,1360000000
2018-11-26,26376.18 ,26099.35 ,26413.76 ,26031.90 ,1660000000
2018-12-03,27182.04 ,27185.66 ,27259.43 ,27006.83 ,2630000000
2018-12-10,25752.38 ,25794.95 ,25845.34 ,25570.89 ,1590000000
2018-12-17,26087.98 ,26178.04 ,26186.30 ,26002.30 ,1070000000
2018-12-24,25651.38 ,25515.40 ,25651.38 ,25421.43 ,1110000000
2019-01-03,25064.36 ,25077.68 ,25262.21 ,24896.87 ,1530000000
2019-01-10,26521.43 ,26391.78 ,26588.21 ,26212.34 ,2000000000
2019-01-17,26755.63 ,26953.21 ,27012.19 ,26703.31 ,1920000000
2019-01-24,27120.98 ,27075.37 ,27120.98 ,26889.79 ,1360000000
2019-01-31,27942.47 ,27842.05 ,28010.90 ,27773.98 ,2290000000
2019-02-12,28171.33 ,28093.31 ,28219.59 ,27983.48 ,1540000000
2019-02-19,28228.13 ,28440.49 ,28488.97 ,28208.87 ,1700000000
2019-02-26,28772.06 ,28971.23 ,28971.23 ,28700.01 ,2840000000
2019-03-05,28961.60 ,28823.16 ,29025.79 ,28734.81 ,2010000000
2019-03-12,28920.87 ,28760.27 ,28941.09 ,28734.09 ,1920000000
2019-03-19,29466.28 ,29419.14 ,29486.15 ,29319.51 ,1800000000
2019-03-26,28566.91 ,28677.76 ,28701.60 ,28435.06 ,1450000000
2019-04-02,29624.67 ,29736.99 ,29736.99 ,29534.42 ,1920000000
2019-04-10,30119.56 ,30052.27 ,30139.61 ,29892.62 ,1870000000
2019-04-17,30124.68 ,30160.69 ,30178.58 ,30004.97 ,2100000000
2019-04-26,29605.01 ,29513.08 ,29672.79 ,29504.14 ,1450000000
2019-05-06,29209.82 ,29342.38 ,29384.01 ,28956.47 ,3020000000
2019-05-14,28122.02 ,27951.12 ,28205.96 ,27925.62 ,2960000000
2019-05-21,27657.24 ,27671.40 ,27915.16 ,27598.06 ,2300000000
2019-05-28,27390.81 ,27274.83 ,27490.55 ,27230.09 ,3140000000
2019-06-04,26761.52 ,26994.08 ,26994.08 ,26671.90 ,1570000000
2019-06-12,27308.46 ,27603.12 ,27603.12 ,27222.03 ,1920000000
2019-06-19,28202.14 ,28224.87 ,28224.87 ,28022.49 ,2140000000
2019-06-26,28221.98 ,28046.16 ,28267.98 ,27985.98 ,1480000000
2019-07-04,28795.77 ,28891.97 ,29007.98 ,28776.48 ,957160000
2019-07-11,28431.80 ,28347.86 ,28582.69 ,28347.86 ,1100000000
2019-07-18,28461.66 ,28393.04 ,28511.65 ,28376.50 ,953650000
2019-07-25,28594.30 ,28575.49 ,28628.51 ,28517.01 ,1000000000
2019-08-01,27565.70 ,27582.21 ,27754.04 ,27495.89 ,1790000000
2019-08-08,26120.77 ,25999.45 ,26317.42 ,25999.45 ,1710000000
2019-08-15,25495.46 ,24945.74 ,25552.13 ,24899.93 ,2150000000
2019-08-22,26048.72 ,26272.91 ,26288.24 ,25977.67 ,1780000000
2019-08-29,25703.50 ,25606.33 ,25714.78 ,25372.49 ,1780000000
2019-09-05,26515.53 ,26512.86 ,26697.85 ,26283.12 ,2000000000
2019-09-12,27087.63 ,27283.98 ,27283.98 ,26967.25 ,1340000000
2019-09-19,26468.95 ,26820.73 ,26820.73 ,26372.09 ,1330000000
2019-09-26,26041.93 ,26075.15 ,26099.64 ,25917.58 ,1700000000
2019-10-04,25821.03 ,26169.51 ,26169.51 ,25612.49 ,1140000000
2019-10-14,26521.85 ,26520.93 ,26636.93 ,26386.41 ,2100000000
2019-10-21,26725.68 ,26715.22 ,26818.44 ,26658.32 ,1050000000
2019-10-28,26891.26 ,26770.11 ,27005.68 ,26762.70 ,1480000000
2019-11-04,27547.30 ,27299.88 ,27547.30 ,27299.46 ,1780000000
2019-11-11,26926.55 ,27361.41 ,27361.41 ,26830.47 ,1920000000
2019-11-18,26681.09 ,26442.39 ,26702.16 ,26406.35 ,1430000000
2019-11-25,26993.04 ,26873.35 ,27114.22 ,26852.89 ,1500000000
2019-12-02,26444.72 ,26475.34 ,26511.55 ,26393.09 ,1350000000
2019-12-09,26494.73 ,26513.97 ,26618.25 ,26432.27 ,1300000000
2019-12-16,27508.09 ,27530.50 ,27715.93 ,27473.32 ,1420000000
2019-12-23,27906.41 ,28024.62 ,28024.62 ,27830.08 ,1220000000
2020-01-02,28543.52 ,28249.37 ,28543.52 ,28245.97 ,1260000000
2020-01-09,28561.00 ,28367.65 ,28561.00 ,28325.86 ,1690000000
2020-01-16,28883.04 ,28806.12 ,28987.73 ,28709.57 ,1620000000
2020-01-23,27909.12 ,28109.75 ,28133.03 ,27706.37 ,1750000000
2020-02-03,26356.98 ,26189.61 ,26512.58 ,26145.59 ,2420000000
2020-02-10,27241.34 ,27092.15 ,27314.64 ,27044.88 ,1610000000
2020-02-17,27959.60 ,27766.71 ,28055.58 ,27766.71 ,1410000000
2020-02-24,26820.88 ,27105.35 ,27105.35 ,26813.22 ,2040000000
2020-03-02,26291.68 ,26077.73 ,26375.91 ,26077.73 ,2200000000
2020-03-09,25040.46 ,25134.02 ,25321.28 ,24948.38 ,4680000000
2020-03-16,23063.57 ,23317.81 ,23631.53 ,22842.25 ,4070000000
2020-03-23,21696.13 ,21659.55 ,22064.31 ,21659.55 ,3480000000
2020-03-30,23175.11 ,23020.85 ,23491.51 ,22973.33 ,2550000000
2020-04-06,23749.12 ,23558.83 ,23832.93 ,23271.47 ,1830000000
2020-04-15,24145.34 ,24499.86 ,24603.60 ,24090.50 ,1910000000
2020-04-22,23893.36 ,23540.54 ,23939.29 ,23483.31 ,1670000000
2020-04-29,24643.59 ,24786.02 ,24855.47 ,24549.62 ,1650000000
2020-05-08,24230.17 ,24193.36 ,24263.73 ,24097.12 ,1270000000
2020-05-15,23797.47 ,23834.68 ,23985.12 ,23671.61 ,1510000000
2020-05-22,22930.14 ,23756.91 ,23756.91 ,22878.26 ,3680000000
2020-05-29,22961.47 ,22781.11 ,23089.77 ,22781.11 ,3620000000
2020-06-05,24770.41 ,24388.18 ,24810.22 ,24253.56 ,2400000000
2020-06-12,24301.38 ,23920.70 ,24317.72 ,23895.03 ,1820000000
2020-06-19,24643.89 ,24373.36 ,24776.54 ,24334.36 ,2390000000
2020-06-29,24301.28 ,24627.64 ,24627.64 ,24148.62 ,1840000000
2020-07-07,25975.66 ,26571.08 ,26782.62 ,25911.74 ,3910000000
2020-07-14,25477.89 ,25663.16 ,25663.16 ,25254.32 ,2180000000
2020-07-21,25635.66 ,25427.06 ,25635.66 ,25378.38 ,1750000000
2020-07-28,24772.76 ,24942.74 ,24942.74 ,24642.35 ,1360000000
2020-08-04,24946.63 ,24664.60 ,25062.41 ,24539.44 ,1910000000
2020-08-11,24890.68 ,24662.04 ,25031.57 ,24662.04 ,1630000000
2020-08-18,25367.38 ,25470.97 ,25470.97 ,25257.88 ,1530000000
2020-08-25,25486.22 ,25586.99 ,25621.08 ,25352.26 ,1350000000
2020-09-01,25184.85 ,25085.67 ,25254.14 ,24995.45 ,1730000000
2020-09-08,24624.34 ,24785.26 ,24785.26 ,24341.32 ,2070000000
2020-09-15,24732.76 ,24621.65 ,24826.87 ,24621.65 ,1730000000
2020-09-22,23716.85 ,23839.67 ,23908.51 ,23675.62 ,1550000000
2020-09-29,23275.53 ,23584.61 ,23601.40 ,23256.92 ,1530000000
2020-10-08,24193.35 ,24263.33 ,24263.33 ,24021.93 ,1180000000
2020-10-15,24158.54 ,24533.75 ,24573.25 ,24102.21 ,2130000000
2020-10-22,24786.13 ,24696.31 ,24817.01 ,24556.55 ,2490000000
2020-10-30,24107.42 ,24535.90 ,24600.54 ,24029.95 ,2540000000
2020-11-06,25712.97 ,25750.78 ,25799.97 ,25540.98 ,2370000000
2020-11-13,26156.86 ,26114.60 ,26156.86 ,25909.18 ,2440000000
2020-11-20,26451.54 ,26406.87 ,26564.25 ,26313.28 ,2150000000
2020-11-27,26894.68 ,26758.49 ,27009.15 ,26704.60 ,2730000000
2020-12-04,26835.92 ,26811.59 ,26835.92 ,26652.34 ,3210000000
2020-12-11,26505.87 ,26634.21 ,26704.01 ,26443.01 ,2500000000
2020-12-18,26498.60 ,26650.49 ,26668.10 ,26363.05 ,3080000000
2020-12-28,26314.63 ,26288.37 ,26514.08 ,26264.32 ,2670000000
2021-01-05,27649.86 ,27281.34 ,27690.21 ,27150.38 ,3280000000
2021-01-12,28276.75 ,27894.29 ,28276.75 ,27781.42 ,3400000000
2021-01-19,29642.28 ,29100.17 ,29848.43 ,29100.17 ,4570000000
2021-01-26,29391.26 ,29892.85 ,29965.11 ,29345.74 ,4810000000
2021-02-02,29248.70 ,29378.12 ,29511.00 ,29198.86 ,2740000000
2021-02-09,29476.19 ,29442.50 ,29527.67 ,29263.98 ,1850000000
2021-02-18,30595.27 ,31183.36 ,31183.36 ,30570.55 ,3690000000
2021-02-25,30074.17 ,30174.22 ,30453.12 ,29833.05 ,3660000000
2021-03-04,29236.79 ,29525.48 ,29597.16 ,29102.10 ,2960000000
2021-03-11,29385.61 ,28909.98 ,29412.42 ,28893.21 ,3600000000
2021-03-18,29405.72 ,29317.61 ,29596.58 ,29317.61 ,2110000000
2021-03-25,27899.61 ,27628.08 ,28032.01 ,27505.08 ,2600000000
2021-04-01,28938.74 ,28594.55 ,28938.74 ,28511.65 ,2230000000
2021-04-13,28497.25 ,28557.84 ,28877.15 ,28452.12 ,2060000000
2021-04-20,29135.73 ,28962.80 ,29220.19 ,28885.55 ,2010000000
2021-04-27,28941.54 ,28895.38 ,29045.11 ,28793.22 ,1830000000
2021-05-04,28557.14 ,28438.15 ,28577.52 ,28321.34 ,1920000000
2021-05-11,28013.81 ,28286.56 ,28286.56 ,27910.71 ,2380000000
2021-05-18,28593.81 ,28438.03 ,28617.34 ,28438.03 ,2070000000
2021-05-26,29166.01 ,29056.28 ,29261.86 ,29027.95 ,2520000000
2021-06-02,29297.62 ,29414.64 ,29490.61 ,29208.73 ,1930000000
2021-06-09,28742.63 ,28771.14 ,28859.58 ,28687.69 ,1810000000
2021-06-17,28558.59 ,28240.88 ,28558.59 ,28216.09 ,1890000000
2021-06-24,28882.46 ,28865.46 ,28993.37 ,28782.34 ,1720000000
2021-07-02,28310.42 ,28859.02 ,28859.02 ,28231.73 ,2820000000
2021-07-09,27344.54 ,27131.57 ,27450.79 ,26861.87 ,2500000000
2021-07-16,28004.68 ,27972.56 ,28218.53 ,27878.53 ,1970000000
2021-07-23,27321.98 ,27740.95 ,27740.95 ,27222.04 ,1180000000
2021-07-30,25961.03 ,26042.84 ,26151.00 ,25636.89 ,2430000000
2021-08-06,26179.40 ,26262.97 ,26276.87 ,26002.41 ,1560000000
2021-08-13,26391.62 ,26296.19 ,26521.95 ,26200.24 ,1340000000
2021-08-20,24849.72 ,25241.32 ,25244.75 ,24581.60 ,2860000000
2021-08-27,25407.89 ,25337.55 ,25641.33 ,25304.62 ,1530000000
2021-09-03,25901.99 ,26022.67 ,26052.81 ,25811.77 ,2550000000
2021-09-10,26205.91 ,25870.71 ,26205.91 ,25870.71 ,2000000000
2021-09-17,24920.76 ,24589.17 ,24920.76 ,24424.74 ,3100000000
2021-09-27,24208.78 ,24131.42 ,24509.00 ,24131.42 ,2320000000
2021-10-05,24104.15 ,23771.65 ,24180.08 ,23681.44 ,1720000000
2021-10-12,24962.59 ,24995.95 ,25188.78 ,24865.80 ,1840000000
2021-10-20,26136.02 ,26074.20 ,26214.63 ,25915.62 ,1820000000
2021-10-27,25628.74 ,25795.17 ,25795.17 ,25555.17 ,1620000000
2021-11-03,25024.75 ,25060.93 ,25187.09 ,24808.59 ,1690000000
2021-11-10,24996.14 ,24787.44 ,25013.11 ,24481.26 ,1690000000
2021-11-17,25650.08 ,25667.81 ,25667.81 ,25520.67 ,1190000000
2021-11-24,24685.50 ,24672.10 ,24851.53 ,24557.63 ,1790000000
2021-12-01,23658.92 ,23595.57 ,23864.30 ,23537.65 ,2120000000
2021-12-08,23996.87 ,24090.02 ,24097.98 ,23907.30 ,1780000000
2021-12-15,23420.76 ,23658.04 ,23745.75 ,23325.92 ,1600000000
2021-12-22,23102.33 ,23221.13 ,23258.71 ,22979.76 ,1230000000
2021-12-30,23112.01 ,23130.45 ,23248.26 ,22990.24 ,1010000000
2022-01-06,23072.86 ,22843.20 ,23082.95 ,22709.60 ,1770000000
2022-01-13,24429.77 ,24561.48 ,24561.48 ,24289.19 ,2160000000
2022-01-20,24952.35 ,24263.15 ,24952.35 ,24233.18 ,2530000000
2022-01-27,23807.00 ,23952.01 ,23952.01 ,23565.00 ,1850000000
2022-02-08,24329.49 ,24548.05 ,24548.05 ,24149.75 ,2290000000
2022-02-15,24355.71 ,24458.50 ,24570.09 ,24219.90 ,2630000000
2022-02-22,23520.00 ,23692.54 ,23813.64 ,23336.78 ,2060000000
2022-03-01,22761.71 ,22739.84 ,22937.56 ,22591.73 ,1800000000
2022-03-08,20765.87 ,21082.39 ,21303.52 ,20638.95 ,3230000000
2022-03-15,18415.08 ,18931.18 ,19392.69 ,18235.48 ,6010000000
2022-03-22,21889.28 ,21319.19 ,21906.32 ,21266.90 ,2590000000
2022-03-29,21927.63 ,21771.29 ,21937.27 ,21722.17 ,2260000000
2022-04-06,22080.52 ,22220.21 ,22244.99 ,22015.12 ,2750000000
2022-04-13,21374.37 ,21192.62 ,21531.48 ,21141.06 ,1700000000
2022-04-22,20638.52 ,20261.61 ,20709.49 ,20184.96 ,2350000000
2022-04-29,21089.39 ,20271.40 ,21176.58 ,20040.07 ,2730000000
2022-05-10,19633.69 ,19300.68 ,19758.63 ,19178.89 ,2790000000
2022-05-17,20602.52 ,20193.60 ,20626.42 ,20169.24 ,2210000000
2022-05-24,20112.10 ,20420.14 ,20509.62 ,19989.62 ,1830000000
2022-05-31,21415.20 ,21106.41 ,21415.20 ,21029.72 ,3920000000
2022-06-08,22014.59 ,21788.89 ,22064.12 ,21734.49 ,2940000000
2022-06-15,21308.21 ,21111.32 ,21431.07 ,21111.32 ,2300000000
2022-06-22,21008.34 ,21469.74 ,21519.58 ,21008.34 ,2470000000
2022-06-29,21996.89 ,22125.61 ,22289.07 ,21844.05 ,2830000000
2022-07-07,21643.58 ,21352.70 ,21643.58 ,21200.93 ,1740000000
2022-07-14,20751.21 ,20818.27 ,20888.80 ,20554.15 ,2370000000
2022-07-21,20574.63 ,20811.60 ,20827.61 ,20527.35 ,1760000000
2022-07-28,20622.68 ,20705.46 ,20772.63 ,20533.42 ,1970000000
2022-08-04,20174.04 ,20011.25 ,20216.58 ,19995.46 ,1920000000
2022-08-11,20082.43 ,19840.57 ,20082.43 ,19789.96 ,1600000000
2022-08-18,19763.91 ,19991.94 ,19991.94 ,19675.46 ,1590000000
2022-08-25,19968.38 ,19418.46 ,19990.31 ,19418.46 ,1680000000
2022-09-01,19597.31 ,19761.72 ,19839.51 ,19532.86 ,2000000000
2022-09-08,18854.62 ,19043.84 ,19075.74 ,18803.76 ,1720000000
2022-09-16,18761.69 ,18732.44 ,18905.28 ,18678.22 ,2790000000
2022-09-23,17933.27 ,18055.59 ,18165.95 ,17926.29 ,1780000000
2022-09-30,17222.83 ,17165.93 ,17344.81 ,17016.28 ,2110000000
2022-10-10,17216.66 ,17449.36 ,17449.36 ,17174.61 ,1770000000
2022-10-17,16612.90 ,16479.74 ,16754.52 ,16308.95 ,2060000000
2022-10-24,15180.69 ,15894.75 ,15993.88 ,15082.84 ,3600000000
2022-10-31,14687.02 ,14830.69 ,15113.15 ,14597.31 ,4180000000
2022-11-07,16595.91 ,16031.79 ,16821.89 ,15980.85 ,3230000000
2022-11-14,17619.71 ,17999.26 ,18011.64 ,17518.88 ,5550000000
2022-11-21,17655.91 ,17654.15 ,17746.34 ,17389.45 ,2230000000
2022-11-28,17297.94 ,17000.23 ,17364.21 ,16833.68 ,2800000000
2022-12-05,19518.29 ,19221.68 ,19539.60 ,19035.14 ,4890000000
2022-12-12,19463.63 ,19594.52 ,19718.08 ,19366.22 ,3120000000
2022-12-19,19352.81 ,19472.21 ,19786.29 ,19255.95 ,2240000000
2022-12-28,19898.91 ,19787.94 ,20099.77 ,19787.94 ,2820000000
2023-01-05,21052.17 ,21295.87 ,21396.09 ,20962.40 ,2880000000
2023-01-12,21514.10 ,21599.82 ,21698.94 ,21223.84 ,2830000000
2023-01-19,21650.98 ,21452.26 ,21754.08 ,21383.03 ,1660000000
2023-01-31,21842.33 ,22190.27 ,22284.32 ,21631.55 ,3300000000
2023-02-07,21298.70 ,21288.39 ,21512.21 ,21259.21 ,1780000000
2023-02-14,21113.76 ,21235.92 ,21237.88 ,21074.94 ,1410000000
2023-02-21,20529.49 ,20859.50 ,20941.30 ,20503.05 ,2000000000
2023-02-28,19785.94 ,20020.17 ,20185.05 ,19783.07 ,2750000000
2023-03-07,20534.48 ,20606.83 ,21005.66 ,20358.78 ,3630000000
2023-03-14,19247.96 ,19524.51 ,19639.52 ,19122.82 ,3030000000
2023-03-21,19258.76 ,19118.87 ,19295.64 ,19018.10 ,1930000000
2023-03-28,19784.65 ,19688.31 ,19875.11 ,19559.47 ,1940000000
2023-04-04,20274.59 ,20364.36 ,20364.36 ,20126.90 ,2420000000
2023-04-14,20438.81 ,20422.72 ,20482.68 ,20297.16 ,2090000000
2023-04-21,20075.73 ,20330.15 ,20378.90 ,19974.91 ,2490000000
2023-04-28,19894.57 ,19936.02 ,20167.88 ,19879.07 ,2570000000
2023-05-08,20297.03 ,20128.18 ,20321.74 ,20081.70 ,4290000000
2023-05-15,19971.13 ,19525.06 ,20063.35 ,19498.04 ,2580000000
2023-05-22,19678.17 ,19479.06 ,19806.44 ,19410.07 ,1680000000
2023-05-30,18595.78 ,18574.19 ,18666.71 ,18369.93 ,2240000000
2023-06-06,19099.28 ,19117.11 ,19377.38 ,19033.85 ,2260000000
2023-06-13,19521.42 ,19355.65 ,19572.42 ,19273.42 ,2470000000
2023-06-20,19607.08 ,19863.86 ,19863.86 ,19504.63 ,2120000000
2023-06-28,19172.05 ,19099.39 ,19222.13 ,19019.26 ,1680000000
2023-07-05,19110.38 ,19355.06 ,19378.90 ,19095.60 ,2430000000
2023-07-12,18860.95 ,18797.01 ,18932.18 ,18739.60 ,1820000000
2023-07-19,18952.31 ,18826.59 ,19004.42 ,18711.03 ,1980000000
2023-07-26,19365.14 ,19340.77 ,19404.50 ,19245.66 ,2140000000
2023-08-02,19517.38 ,19902.77 ,19981.00 ,19475.15 ,2960000000
2023-08-09,19246.03 ,19059.58 ,19270.48 ,19056.10 ,2260000000
2023-08-16,18329.30 ,18356.65 ,18440.96 ,18261.85 ,2820000000
2023-08-23,17845.92 ,17762.76 ,18000.53 ,17730.79 ,2500000000
2023-08-30,18482.86 ,18659.96 ,18742.14 ,18427.22 ,3290000000
2023-09-07,18202.07 ,18437.48 ,18437.48 ,18173.44 ,2120000000
2023-09-15,18182.89 ,18154.01 ,18372.65 ,18030.79 ,2780000000
2023-09-22,18057.45 ,17578.26 ,18078.69 ,17573.81 ,1920000000
2023-09-29,17809.66 ,17484.95 ,17935.15 ,17482.39 ,1840000000
2023-10-09,17517.40 ,17500.37 ,17633.19 ,17447.76 ,1220000000
2023-10-16,17640.36 ,17803.31 ,17858.18 ,17601.50 ,1900000000
2023-10-24,16991.53 ,17053.15 ,17139.53 ,16879.66 ,2120000000
2023-10-31,17112.48 ,17337.70 ,17337.70 ,17042.10 ,2110000000
2023-11-07,17670.16 ,17850.59 ,17890.63 ,17658.91 ,1970000000
2023-11-14,17396.86 ,17495.10 ,17565.22 ,17358.89 ,1450000000
2023-11-21,17733.89 ,17932.54 ,18057.62 ,17689.01 ,2090000000
2023-11-28,17354.14 ,17541.48 ,17541.48 ,17303.82 ,1790000000
2023-12-05,16327.86 ,16606.54 ,16606.54 ,16228.52 ,2680000000
2023-12-12,16374.50 ,16236.06 ,16420.97 ,16157.68 ,1980000000
2023-12-19,16505.00 ,16551.44 ,16579.55 ,16408.02 ,1520000000
2023-12-28,17043.53 ,16678.23 ,17086.10 ,16644.43 ,2300000000
2024-01-05,16535.33 ,16573.12 ,16745.73 ,16455.57 ,1940000000
2024-01-12,16244.58 ,16216.97 ,16393.74 ,16185.91 ,1530000000
2024-01-19,15308.69 ,15404.69 ,15540.75 ,15207.99 ,2240000000
2024-01-26,15952.23 ,16158.72 ,16240.96 ,15888.04 ,3310000000
2024-02-02,15533.56 ,15756.12 ,15912.61 ,15435.85 ,2480000000
2024-02-09,15746.58 ,15709.30 ,15754.01 ,15531.03 ,745470000
2024-02-20,16247.51 ,16222.09 ,16274.56 ,16055.08 ,2210000000
2024-02-27,16790.80 ,16645.63 ,16828.67 ,16453.50 ,2420000000
2024-03-05,16162.64 ,16343.95 ,16450.37 ,16095.68 ,2700000000
2024-03-12,17093.50 ,16701.95 ,17154.87 ,16613.45 ,4000000000
2024-03-19,16529.48 ,16628.07 ,16682.54 ,16492.09 ,2430000000
2024-03-26,16618.32 ,16548.50 ,16728.90 ,16452.55 ,2750000000
2024-04-05,16723.92 ,16787.93 ,16839.55 ,16480.36 ,1800000000
2024-04-12,16721.69 ,16978.70 ,17031.31 ,16721.69 ,2840000000
2024-04-19,16224.14 ,16246.34 ,16254.90 ,16044.45 ,3390000000
2024-04-26,17651.15 ,17336.20 ,17758.24 ,17336.20 ,3850000000
2024-05-06,18578.30 ,18488.55 ,18590.17 ,18389.54 ,3440000000
2024-05-13,19115.06 ,18904.58 ,19123.48 ,18827.60 ,3760000000
2024-05-21,19220.62 ,19473.67 ,19487.36 ,19175.80 ,3520000000
2024-05-28,18821.16 ,18814.01 ,19000.52 ,18776.10 ,2430000000
2024-06-04,18444.11 ,18335.45 ,18541.03 ,18335.45 ,2970000000
2024-06-12,17937.84 ,18032.40 ,18063.72 ,17848.76 ,3140000000
2024-06-19,18430.39 ,18056.22 ,18448.66 ,18039.01 ,3510000000
2024-06-26,18089.93 ,17934.63 ,18156.35 ,17934.63 ,2310000000
2024-07-04,18028.28 ,18079.72 ,18133.30 ,17942.08 ,2990000000
2024-07-11,17832.33 ,17629.13 ,17864.09 ,17621.05 ,2230000000
2024-07-18,17778.41 ,17653.23 ,17864.12 ,17623.74 ,2020000000
2024-07-25,17004.97 ,17260.83 ,17288.46 ,16964.52 ,2600000000
2024-08-01,17304.96 ,17327.85 ,17408.95 ,17248.12 ,1930000000
2024-08-08,16891.83 ,16773.04 ,17023.10 ,16665.06 ,2110000000
2024-08-15,17109.14 ,17008.21 ,17283.65 ,16926.47 ,2410000000
2024-08-22,17641.00 ,17497.63 ,17652.80 ,17389.94 ,2950000000
2024-08-29,17786.32 ,17614.41 ,17797.17 ,17502.53 ,2860000000
2024-09-05,17444.30 ,17469.96 ,17555.61 ,17332.49 ,2560000000
2024-09-13,17369.09 ,17298.35 ,17540.81 ,17298.35 ,2140000000
2024-09-23,18247.11 ,18237.41 ,18426.92 ,18212.58 ,2720000000
2024-09-30,21133.68 ,21175.41 ,21488.75 ,20789.93 ,10360000000
2024-10-08,20926.79 ,22849.23 ,22902.36 ,20762.82 ,11260000000
2024-10-16,20286.85 ,20144.75 ,20548.18 ,20131.34 ,4160000000
2024-10-23,20760.15 ,20525.44 ,20942.26 ,20448.84 ,3540000000
2024-10-30,20380.64 ,20586.55 ,20681.52 ,20270.07 ,3630000000
2024-11-06,20538.38 ,20791.80 ,20859.66 ,20361.92 ,3900000000
2024-11-13,19823.45 ,19671.92 ,19840.28 ,19608.32 ,2860000000
2024-11-20,19705.01 ,19623.39 ,19752.93 ,19575.91 ,2060000000
2024-11-27,19603.13 ,19187.05 ,19660.99 ,19061.60 ,2370000000
2024-12-04,19742.46 ,19722.15 ,19823.09 ,19615.61 ,2590000000
2024-12-11,20155.05 ,20404.50 ,20481.37 ,20100.07 ,2300000000
2024-12-18,19864.55 ,19884.54 ,19953.53 ,19802.22 ,2290000000
2024-12-27,20090.46 ,20083.44 ,20184.88 ,20009.95 ,2910000000
