2000-01-04,19002.86,19002.86,19002.86,19002.86,0
2000-01-06,18168.27,18168.27,18168.27,18168.27,0
2000-01-14,18956.55,18956.55,18956.55,18956.55,0
2000-01-21,18878.09,18878.09,18878.09,18878.09,0
2000-01-28,19434.78,19434.78,19434.78,19434.78,0
2000-02-04,19763.13,19763.13,19763.13,19763.13,0
2000-02-14,19556.46,19556.46,19556.46,19556.46,0
2000-02-21,19543.75,19543.75,19543.75,19543.75,0
2000-02-28,19720.1,19720.1,19720.1,19720.1,0
2000-03-06,19796.35,19796.35,19796.35,19796.35,0
2000-03-13,19189.93,19189.93,19189.93,19189.93,0
2000-03-21,19602.36,19602.36,19602.36,19602.36,0
2000-03-28,20374.34,20374.34,20374.34,20374.34,0
2000-04-04,20594.93,20594.93,20594.93,20594.93,0
2000-04-11,20522.52,20522.52,20522.52,20522.52,0
2000-04-18,18969.52,18969.52,18969.52,18969.52,0
2000-04-25,18272.33,18272.33,18272.33,18272.33,0
2000-05-02,18439.36,18439.36,18439.36,18439.36,0
2000-05-12,17357.86,17357.86,17357.86,17357.86,0
2000-05-19,16858.17,16858.17,16858.17,16858.17,0
2000-05-26,16008.14,16008.14,16008.14,16008.14,0
2000-06-02,16800.06,16800.06,16800.06,16800.06,0
2000-06-09,16861.91,16861.91,16861.91,16861.91,0
2000-06-16,16318.31,16318.31,16318.31,16318.31,0
2000-06-23,16963.21,16963.21,16963.21,16963.21,0
2000-06-30,17411.05,17411.05,17411.05,17411.05,0
2000-07-07,17398.24,17398.24,17398.24,17398.24,0
2000-07-14,17142.9,17142.9,17142.9,17142.9,0
2000-07-24,16547.12,16547.12,16547.12,16547.12,0
2000-07-31,15727.49,15727.49,15727.49,15727.49,0
2000-08-07,16002.71,16002.71,16002.71,16002.71,0
2000-08-14,16153.91,16153.91,16153.91,16153.91,0
2000-08-21,16040.18,16040.18,16040.18,16040.18,0
2000-08-28,17181.12,17181.12,17181.12,17181.12,0
2000-09-04,16688.21,16688.21,16688.21,16688.21,0
2000-09-11,16130.9,16130.9,16130.9,16130.9,0
2000-09-19,16124.19,16124.19,16124.19,16124.19,0
2000-09-26,15928.62,15928.62,15928.62,15928.62,0
2000-10-03,15912.09,15912.09,15912.09,15912.09,0
2000-10-11,15513.57,15513.57,15513.57,15513.57,0
2000-10-18,14872.48,14872.48,14872.48,14872.48,0
2000-10-25,14840.47,14840.47,14840.47,14840.47,0
2000-11-01,14872.39,14872.39,14872.39,14872.39,0
2000-11-09,15060.05,15060.05,15060.05,15060.05,0
2000-11-16,14587.03,14587.03,14587.03,14587.03,0
2000-11-24,14315.35,14315.35,14315.35,14315.35,0
2000-12-01,14835.33,14835.33,14835.33,14835.33,0
2000-12-08,14696.51,14696.51,14696.51,14696.51,0
2000-12-15,14552.29,14552.29,14552.29,14552.29,0
2000-12-22,13427.08,13427.08,13427.08,13427.08,0
2000-12-29,13785.69,13785.69,13785.69,13785.69,0
2001-01-11,13201.07,13201.07,13201.07,13201.07,0
2001-01-18,13873.92,13873.92,13873.92,13873.92,0
2001-01-25,13803.38,13803.38,13803.38,13803.38,0
2001-02-01,13779.55,13779.55,13779.55,13779.55,0
2001-02-08,13138.23,13138.23,13138.23,13138.23,0
2001-02-16,13175.49,13175.49,13175.49,13175.49,0
2001-02-23,13246,13246,13246,13246,0
2001-03-02,12261.8,12261.8,12261.8,12261.8,0
2001-03-09,12627.9,12627.9,12627.9,12627.9,0
2001-03-16,12232.98,12232.98,12232.98,12232.98,0
2001-03-26,13862.31,13862.31,13862.31,13862.31,0
2001-04-02,12937.86,12937.86,12937.86,12937.86,0
2001-04-09,12841.76,12841.76,12841.76,12841.76,0
2001-04-16,13254.89,13254.89,13254.89,13254.89,0
2001-04-23,13715.6,13715.6,13715.6,13715.6,0
2001-05-01,14425.46,14425.46,14425.46,14425.46,0
2001-05-10,14017.79,14017.79,14017.79,14017.79,0
2001-05-17,13910.67,13910.67,13910.67,13910.67,0
2001-05-24,13895.79,13895.79,13895.79,13895.79,0
2001-05-31,13262.14,13262.14,13262.14,13262.14,0
2001-06-07,13277.51,13277.51,13277.51,13277.51,0
2001-06-14,12846.66,12846.66,12846.66,12846.66,0
2001-06-21,12962.43,12962.43,12962.43,12962.43,0
2001-06-28,12679.88,12679.88,12679.88,12679.88,0
2001-07-05,12607.3,12607.3,12607.3,12607.3,0
2001-07-12,12407.95,12407.95,12407.95,12407.95,0
2001-07-19,11908.39,11908.39,11908.39,11908.39,0
2001-07-27,11798.08,11798.08,11798.08,11798.08,0
2001-08-03,12241.97,12241.97,12241.97,12241.97,0
2001-08-10,11735.06,11735.06,11735.06,11735.06,0
2001-08-17,11445.54,11445.54,11445.54,11445.54,0
2001-08-24,11166.31,11166.31,11166.31,11166.31,0
2001-08-31,10713.51,10713.51,10713.51,10713.51,0
2001-09-07,10516.79,10516.79,10516.79,10516.79,0
2001-09-14,10008.89,10008.89,10008.89,10008.89,0
2001-09-21,9554.99,9554.99,9554.99,9554.99,0
2001-10-01,9972.28,9972.28,9972.28,9972.28,0
2001-10-09,10011.77,10011.77,10011.77,10011.77,0
2001-10-16,10637.82,10637.82,10637.82,10637.82,0
2001-10-23,10861.56,10861.56,10861.56,10861.56,0
2001-10-30,10512.82,10512.82,10512.82,10512.82,0
2001-11-06,10633.72,10633.72,10633.72,10633.72,0
2001-11-13,10030.56,10030.56,10030.56,10030.56,0
2001-11-20,10575.62,10575.62,10575.62,10575.62,0
2001-11-28,10624.81,10624.81,10624.81,10624.81,0
2001-12-05,10713.81,10713.81,10713.81,10713.81,0
2001-12-12,10801.52,10801.52,10801.52,10801.52,0
2001-12-19,10471.93,10471.93,10471.93,10471.93,0
2001-12-27,10457.61,10457.61,10457.61,10457.61,0
2002-01-09,10663.98,10663.98,10663.98,10663.98,0
2002-01-17,10128.18,10128.18,10128.18,10128.18,0
2002-01-24,10074.05,10074.05,10074.05,10074.05,0
2002-01-31,9997.8,9997.8,9997.8,9997.8,0
2002-02-07,9583.27,9583.27,9583.27,9583.27,0
2002-02-15,10048.1,10048.1,10048.1,10048.1,0
2002-02-22,10356.78,10356.78,10356.78,10356.78,0
2002-03-01,10812,10812,10812,10812,0
2002-03-08,11885.79,11885.79,11885.79,11885.79,0
2002-03-15,11648.01,11648.01,11648.01,11648.01,0
2002-03-25,11261.09,11261.09,11261.09,11261.09,0
2002-04-01,11028.7,11028.7,11028.7,11028.7,0
2002-04-08,11352.89,11352.89,11352.89,11352.89,0
2002-04-15,11137.3,11137.3,11137.3,11137.3,0
2002-04-22,11721.64,11721.64,11721.64,11721.64,0
2002-04-30,11492.54,11492.54,11492.54,11492.54,0
2002-05-09,11633.3,11633.3,11633.3,11633.3,0
2002-05-16,11738.69,11738.69,11738.69,11738.69,0
2002-05-23,11979.85,11979.85,11979.85,11979.85,0
2002-05-30,11770.03,11770.03,11770.03,11770.03,0
2002-06-06,11574.94,11574.94,11574.94,11574.94,0
2002-06-13,11144.84,11144.84,11144.84,11144.84,0
2002-06-20,10612.98,10612.98,10612.98,10612.98,0
2002-06-27,10261.6,10261.6,10261.6,10261.6,0
2002-07-04,10632.81,10632.81,10632.81,10632.81,0
2002-07-11,10485.74,10485.74,10485.74,10485.74,0
2002-07-18,10498.26,10498.26,10498.26,10498.26,0
2002-07-25,9929.91,9929.91,9929.91,9929.91,0
2002-08-01,9793.51,9793.51,9793.51,9793.51,0
2002-08-08,9799.57,9799.57,9799.57,9799.57,0
2002-08-15,9795.57,9795.57,9795.57,9795.57,0
2002-08-22,9814.02,9814.02,9814.02,9814.02,0
2002-08-29,9620.14,9620.14,9620.14,9620.14,0
2002-09-05,9222.12,9222.12,9222.12,9222.12,0
2002-09-12,9415.23,9415.23,9415.23,9415.23,0
2002-09-20,9481.08,9481.08,9481.08,9481.08,0
2002-09-30,9383.29,9383.29,9383.29,9383.29,0
2002-10-07,8688,8688,8688,8688,0
2002-10-15,8836.73,8836.73,8836.73,8836.73,0
2002-10-22,8689.39,8689.39,8689.39,8689.39,0
2002-10-29,8708.76,8708.76,8708.76,8708.76,0
2002-11-06,8953.29,8953.29,8953.29,8953.29,0
2002-11-13,8438.52,8438.52,8438.52,8438.52,0
2002-11-20,8459.62,8459.62,8459.62,8459.62,0
2002-11-27,8875.88,8875.88,8875.88,8875.88,0
2002-12-04,9006.73,9006.73,9006.73,9006.73,0
2002-12-11,8727.66,8727.66,8727.66,8727.66,0
2002-12-18,8344.01,8344.01,8344.01,8344.01,0
2002-12-26,8700.1,8700.1,8700.1,8700.1,0
2003-01-08,8517.8,8517.8,8517.8,8517.8,0
2003-01-16,8609.17,8609.17,8609.17,8609.17,0
2003-01-23,8790.92,8790.92,8790.92,8790.92,0
2003-01-30,8316.81,8316.81,8316.81,8316.81,0
2003-02-06,8484.19,8484.19,8484.19,8484.19,0
2003-02-14,8701.92,8701.92,8701.92,8701.92,0
2003-02-21,8513.54,8513.54,8513.54,8513.54,0
2003-02-28,8363.04,8363.04,8363.04,8363.04,0
2003-03-07,8144.12,8144.12,8144.12,8144.12,0
2003-03-14,8002.69,8002.69,8002.69,8002.69,0
2003-03-24,8435.07,8435.07,8435.07,8435.07,0
2003-03-31,7972.71,7972.71,7972.71,7972.71,0
2003-04-07,8249.98,8249.98,8249.98,8249.98,0
2003-04-14,7752.1,7752.1,7752.1,7752.1,0
2003-04-21,7969.08,7969.08,7969.08,7969.08,0
2003-04-28,7607.88,7607.88,7607.88,7607.88,0
2003-05-07,8109.77,8109.77,8109.77,8109.77,0
2003-05-14,8244.91,8244.91,8244.91,8244.91,0
2003-05-21,8018.51,8018.51,8018.51,8018.51,0
2003-05-28,8234.18,8234.18,8234.18,8234.18,0
2003-06-04,8557.86,8557.86,8557.86,8557.86,0
2003-06-11,8890.3,8890.3,8890.3,8890.3,0
2003-06-18,9092.97,9092.97,9092.97,9092.97,0
2003-06-25,8932.26,8932.26,8932.26,8932.26,0
2003-07-02,9592.24,9592.24,9592.24,9592.24,0
2003-07-09,9990.95,9990.95,9990.95,9990.95,0
2003-07-16,9735.97,9735.97,9735.97,9735.97,0
2003-07-24,9671,9671,9671,9671,0
2003-07-31,9563.21,9563.21,9563.21,9563.21,0
2003-08-07,9265.56,9324.58,9334.56,9224.05,0
2003-08-14,9913.47,9730.63,9924.69,9678.99,0
2003-08-21,10362.69,10245.96,10377.39,10202.72,0
2003-08-28,10225.22,10326.58,10356.42,10189.8,0
2003-09-04,10646.95,10751.53,10783.68,10646.95,0
2003-09-11,10546.33,10742.49,10749.01,10540.28,0
2003-09-19,10938.42,11123.73,11160.19,10938.42,0
2003-09-29,10229.57,10303.26,10309.17,10148.36,0
2003-10-06,10740.14,10813.56,10905.19,10719.91,0
2003-10-14,10966.43,10873.3,11031.73,10863.06,0
2003-10-21,11031.52,11234.31,11238.63,10996.54,0
2003-10-28,10561.01,10490.29,10592.05,10456.85,0
2003-11-05,10837.54,10816.23,10837.54,10668.39,0
2003-11-12,10226.22,10252.57,10328.91,10155.64,0
2003-11-19,9614.6,9804.09,9804.7,9614.6,0
2003-11-27,10163.38,10155.28,10173.6,10075.23,0
2003-12-04,10429.99,10341.71,10449.54,10339.89,0
2003-12-11,10075.14,9972.58,10088.11,9951.34,0
2003-12-18,10104,10096.8,10173.68,10073.26,0
2003-12-26,10417.41,10367.13,10417.41,10336.08,0
2004-01-07,10757.82,10835.9,10852.06,10710.3,0
2004-01-15,10665.15,10855.2,10881.77,10665.15,0
2004-01-22,11000.7,11060.31,11115.13,10997.45,0
2004-01-29,10779.44,10755.37,10786.21,10666.55,0
2004-02-05,10464.6,10377.9,10478.41,10374.9,0
2004-02-13,10557.69,10436.69,10572.62,10413.06,0
2004-02-20,10720.69,10743.8,10765.79,10676.21,0
2004-02-27,11041.92,10852.75,11069.28,10851.77,0
2004-03-05,11537.29,11476.49,11537.29,11411.66,0
2004-03-12,11162.75,11163.58,11191.45,11045.94,0
2004-03-19,11418.51,11416.04,11487.73,11364.36,0
2004-03-26,11770.65,11619.48,11782.18,11611.54,0
2004-04-02,11815.95,11726.87,11843.93,11715.41,0
2004-04-09,11897.51,12012.63,12012.63,11862.34,0
2004-04-16,11824.56,11817.97,11864.41,11690.24,0
2004-04-23,12120.66,12050.7,12120.66,12015.22,0
2004-05-06,11571.34,11777.44,11785.26,11554.02,0
2004-05-13,10825.1,11081.75,11081.75,10825.1,0
2004-05-20,10862.04,10949.07,11045.66,10760.69,0
2004-05-27,11166.03,11163.82,11219.46,11119.15,0
2004-06-03,11027.05,11275.95,11358.51,10963.56,0
2004-06-10,11575.97,11378.45,11624.71,11367.4,0
2004-06-17,11607.9,11630.21,11649.33,11510.18,0
2004-06-24,11744.15,11652.54,11744.15,11649.29,0
2004-07-01,11896.01,11933.33,11988.12,11889.7,0
2004-07-08,11322.23,11372.63,11411.31,11279.55,0
2004-07-15,11409.14,11413.33,11440.02,11315.97,0
2004-07-23,11187.33,11263.5,11264.25,11170.54,0
2004-07-30,11325.78,11211.2,11325.99,11210.32,0
2004-08-06,10972.57,10944.61,10974.45,10894.65,0
2004-08-13,10757.2,10901.56,10903.61,10757.2,0
2004-08-20,10889.14,10859.08,10938.94,10837.01,0
2004-08-27,11209.59,11148.21,11209.59,11107.94,0
2004-09-03,11022.49,11182.1,11186.82,11013.36,0
2004-09-10,11083.23,11089.9,11089.96,10960.03,0
2004-09-17,11082.49,11132.06,11145.49,11046.1,0
2004-09-28,10815.57,10805.66,10821.84,10737.78,0
2004-10-05,11281.83,11257.2,11304.72,11242.12,0
2004-10-13,11195.99,11235.46,11306.87,11195.99,0
2004-10-20,10882.18,10992.5,10992.5,10853.89,0
2004-10-27,10691.95,10740.65,10777.43,10657.15,0
2004-11-04,10946.27,10990.7,11005.2,10946.27,0
2004-11-11,10846.92,11021.88,11048.29,10845.07,0
2004-11-18,11082.42,11182.09,11235.32,11062.73,0
2004-11-26,10833.75,10924.45,10927.44,10816.38,0
2004-12-03,11074.89,11064.25,11107.1,11059.56,0
2004-12-10,10756.8,10730.38,10828.67,10730.38,0
2004-12-17,11078.32,10939.2,11130.82,10921.81,0
2004-12-27,11362.35,11374.52,11383.1,11325.46,0
2005-01-05,11437.52,11458.92,11461.1,11416.97,0
2005-01-13,11358.22,11398.94,11424.68,11355.05,0
2005-01-20,11284.77,11335.12,11335.12,11259.27,0
2005-01-27,11341.31,11390.09,11390.09,11316.3,0
2005-02-03,11389.35,11430.9,11444.18,11344.41,0
2005-02-10,11553.56,11434.89,11553.73,11414.99,0
2005-02-18,11660.12,11562.93,11660.12,11562.93,0
2005-02-25,11658.25,11585.84,11677.2,11585.46,0
2005-03-04,11873.05,11815.79,11881.98,11769.67,0
2005-03-11,11923.89,11838.02,11964.21,11838.02,0
2005-03-18,11879.81,11792.29,11922.54,11790.96,0
2005-03-28,11792.3,11709.79,11816.72,11709.79,0
2005-04-04,11667.54,11666.31,11701.19,11652.66,0
2005-04-11,11745.64,11847.92,11847.92,11744.86,0
2005-04-18,10938.44,11223.65,11223.65,10920.66,0
2005-04-25,11073.77,11064.95,11114.45,11020.59,0
2005-05-06,11192.17,11119.78,11192.17,11109.33,0
2005-05-13,11049.11,11044.71,11103.08,11017.79,0
2005-05-20,11037.29,11104.33,11110.45,11034.82,0
2005-05-27,11192.33,11098.26,11192.33,11089.23,0
2005-06-03,11300.05,11302.96,11317.94,11233.65,0
2005-06-10,11304.23,11192.99,11331.37,11173.93,0
2005-06-17,11514.03,11472.36,11514.03,11463.36,0
2005-06-24,11537.03,11480.33,11537.03,11472.61,0
2005-07-01,11630.13,11573.37,11663.66,11540.93,0
2005-07-08,11565.99,11563.84,11653.26,11563.84,0
2005-07-15,11758.68,11825.67,11828.31,11758.68,0
2005-07-25,11762.65,11721.7,11782.21,11718.66,0
2005-08-01,11946.92,11907.42,11972.84,11906.04,0
2005-08-08,11778.98,11670.71,11794.84,11614.71,0
2005-08-15,12256.55,12254.53,12308.61,12236.61,0
2005-08-22,12452.51,12330.7,12478.82,12330.7,0
2005-08-29,12309.83,12386.76,12386.76,12274.81,0
2005-09-05,12634.88,12616.3,12655.15,12580.37,0
2005-09-12,12896.43,12841.02,12926.57,12813.97,0
2005-09-20,13148.57,12991.63,13159.39,12991.63,0
2005-09-28,13435.91,13307.53,13487.85,13306.52,0
2005-10-05,13689.89,13761.81,13783.6,13655.94,0
2005-10-13,13449.24,13388.02,13475.86,13266.98,0
2005-10-20,13190.46,13221.91,13264.4,13175.93,0
2005-10-27,13417.08,13440.72,13501.24,13387.66,0
2005-11-04,14075.96,14040.63,14099.49,13978.96,0
2005-11-11,14155.06,14170.33,14206.14,14133.89,0
2005-11-18,14623.12,14542.78,14633.35,14542.78,0
2005-11-28,14986.94,14847.58,14986.94,14821.75,0
2005-12-05,15551.31,15413.52,15563.39,15379.64,0
2005-12-12,15738.7,15549.65,15764.99,15548.46,0
2005-12-19,15391.48,15252.15,15391.48,15196,0
2005-12-27,15969.4,16033.94,16079.18,15962.73,0
2006-01-05,16425.37,16441.27,16474.52,16368.51,0
2006-01-13,16454.95,16454.32,16490.27,16383.23,0
2006-01-20,15696.69,15847.17,15875.39,15597.77,0
2006-01-27,16460.68,16079.94,16460.68,16079.92,0
2006-02-03,16659.64,16596.21,16665.1,16567.87,0
2006-02-10,16257.83,16525.5,16525.5,16090.93,0
2006-02-17,15713.45,16078.51,16129.94,15702.67,0
2006-02-24,16101.91,16034.67,16118.11,15947.04,0
2006-03-03,15663.34,15835.43,15897.29,15658.64,0
2006-03-10,16115.63,16007.41,16264.89,15982.02,0
2006-03-17,16339.73,16172.74,16339.73,16106.38,0
2006-03-27,16650.1,16599.92,16711.16,16599.92,0
2006-04-03,17333.31,17127.61,17387.08,17105.5,0
2006-04-10,17456.58,17455.03,17489.61,17385.25,0
2006-04-17,17000.36,17233.73,17233.73,17000.36,0
2006-04-24,16914.4,17245.62,17245.62,16892.15,0
2006-05-01,16925.71,16929.83,16965.33,16868.69,0
2006-05-11,16862.14,16887.37,17087,16840.85,0
2006-05-18,16087.18,16089.25,16139.14,15914.39,0
2006-05-25,15693.75,15809.33,15849.23,15644.62,0
2006-06-01,15503.74,15603.25,15655,15417.51,0
2006-06-08,14633.03,14990.04,14990.04,14496.96,0
2006-06-15,14470.76,14453.33,14593.85,14417.7,0
2006-06-22,15135.69,14812.17,15138.47,14812.17,0
2006-06-29,15121.15,14981.7,15137.58,14975.78,0
2006-07-06,15321.4,15455.18,15460.83,15278.18,0
2006-07-13,15097.95,15127.74,15370.35,15053.61,0
2006-07-21,14821.26,14825.16,14867.81,14784.24,0
2006-07-28,15342.87,15217.44,15351.79,15150.53,0
2006-08-04,15499.18,15502.56,15555.9,15435.33,0
2006-08-11,15565.02,15622.24,15681.4,15555.6,0
2006-08-18,16105.98,16052.58,16169.84,16022.12,0
2006-08-25,15938.66,15955.76,16156.78,15874.63,0
2006-09-01,16134.25,16072.81,16158.48,16029.56,0
2006-09-08,16080.46,15907.97,16156.18,15831.75,0
2006-09-15,15866.93,15872.29,15907.03,15763.9,0
2006-09-25,15633.81,15550.56,15691.06,15513.87,0
2006-10-02,16254.29,16169,16329.24,16157.98,0
2006-10-10,16477.25,16325.48,16620.15,16325.48,0
2006-10-17,16611.59,16704.86,16704.86,16561.26,0
2006-10-24,16780.47,16853.73,16901.53,16759.98,0
2006-10-31,16399.39,16389.45,16477.06,16314.29,0
2006-11-08,16215.74,16404.05,16423.83,16199.43,0
2006-11-15,16243.47,16348.74,16373.48,16243.47,0
2006-11-22,15914.23,15680.53,15914.23,15675.48,0
2006-11-30,16274.33,16183.3,16274.33,16152.85,0
2006-12-07,16473.36,16461.91,16550.73,16416.3,0
2006-12-14,16829.2,16714.34,16829.2,16714.34,0
2006-12-21,17047.83,17040.93,17109.17,17010.04,0
2006-12-28,17224.81,17290.11,17301.69,17163.75,0
2007-01-10,16942.4,17192.42,17199.42,16847.57,0
2007-01-17,17261.35,17153.25,17335.03,17002.67,0
2007-01-24,17507.4,17505.31,17553.03,17498.36,0
2007-01-31,17383.42,17493.83,17497.86,17275.84,0
2007-02-07,17292.32,17367.91,17374.82,17199.66,0
2007-02-15,17897.23,17891.24,17911.58,17815.17,0
2007-02-22,18108.79,18033.23,18132.84,18024.48,0
2007-03-01,17453.51,17542.23,17557.42,17261.6,0
2007-03-08,17090.31,16729.79,17090.31,16685.95,0
2007-03-15,16860.39,16803.99,16942.31,16760.68,0
2007-03-23,17480.61,17519.51,17534.77,17407.97,0
2007-03-30,17287.65,17318.85,17380.8,17267.1,0
2007-04-06,17484.78,17502.9,17560.3,17422.55,0
2007-04-13,17363.95,17629.02,17662.89,17327.37,0
2007-04-20,17452.62,17471.56,17502.02,17404.62,0
2007-04-27,17400.41,17377.04,17542.25,17299.37,0
2007-05-09,17748.12,17616.58,17753.33,17616.58,0
2007-05-16,17529,17487,17539.95,17430.7,0
2007-05-23,17705.12,17763.15,17802.71,17699.12,0
2007-05-30,17588.26,17664.37,17727.17,17484.3,0
2007-06-06,18040.93,18001.2,18073.05,17991.19,0
2007-06-13,17732.77,17631.87,17781.41,17591.93,0
2007-06-20,18211.68,18173.07,18297,18141.95,0
2007-06-27,17849.28,17981.77,17983.35,17848.05,0
2007-07-04,18168.72,18158.77,18207.97,18143.58,0
2007-07-11,18049.51,18116.66,18116.66,18028.87,0
2007-07-19,18116.57,18095.95,18131.12,18037.33,0
2007-07-26,17702.09,17807.23,17861.47,17678.98,0
2007-08-02,16984.11,16956.33,16999.16,16652.8,0
2007-08-09,17170.6,17170.36,17274.33,17148.95,0
2007-08-16,16148.49,16296.4,16296.4,15859.46,0
2007-08-23,16316.32,16093.82,16333.36,16093.82,0
2007-08-30,16153.82,16182.09,16269.66,16091.28,0
2007-09-06,16257,16003.88,16257,15840.05,0
2007-09-13,15821.19,15886.76,15931.09,15802.36,0
2007-09-21,16312.61,16284.43,16353.97,16245.94,0
2007-10-01,16845.96,16773.1,16899.84,16685.8,0
2007-10-09,17159.9,17166.17,17237.4,17133.52,0
2007-10-16,17137.92,17267.07,17283.05,17104.2,0
2007-10-23,16450.58,16486.71,16554.91,16416.92,0
2007-10-30,16651.01,16655.31,16682.87,16492.56,0
2007-11-06,16249.63,16152.58,16353.93,16144.4,0
2007-11-13,15126.63,15148.16,15235.56,14988.77,0
2007-11-20,15211.52,14868.98,15222.24,14751.27,0
2007-11-28,15153.78,15271.14,15280.91,15089.35,0
2007-12-05,15608.88,15418.95,15621.54,15365.39,0
2007-12-12,15932.26,15828.65,15963.43,15700.15,0
2007-12-19,15030.51,15165.09,15267.75,15030.51,0
2007-12-27,15564.69,15616.41,15628.31,15535.51,0
2008-01-09,14599.16,14364.71,14602.65,14271.57,0
2008-01-17,13783.45,13596.38,13803.08,13472.45,0
2008-01-24,13092.78,12952.5,13134.77,12952.5,0
2008-01-31,13592.47,13227.48,13622.68,13154.77,0
2008-02-07,13207.15,13077.25,13244.19,12972.55,0
2008-02-15,13622.56,13508.53,13666.68,13356.39,0
2008-02-22,13500.46,13530.19,13540.62,13378.72,0
2008-02-29,13603.02,13735.44,13738.56,13533.25,0
2008-03-07,12782.8,13024.61,13024.61,12744.52,0
2008-03-14,12241.6,12509.81,12582.57,12167.09,0
2008-03-24,12480.09,12473.06,12582.46,12438.2,0
2008-03-31,12525.54,12709.28,12709.28,12430.63,0
2008-04-07,13450.23,13240.56,13485.9,13228.86,0
2008-04-14,12917.51,13132.67,13132.67,12858.63,0
2008-04-21,13696.55,13639.85,13739.44,13639.77,0
2008-04-28,13894.37,13907.97,14003.28,13745.61,0
2008-05-08,13943.26,14008.19,14036.31,13930.28,0
2008-05-15,14251.74,14167.02,14352.84,14167.02,0
2008-05-22,13978.46,13772.65,13984.81,13658.02,0
2008-05-29,14124.47,13832.65,14147.89,13832.65,0
2008-06-05,14341.12,14392.59,14392.59,14262.02,0
2008-06-12,13888.6,14010.32,14010.32,13826.07,0
2008-06-19,14130.17,14324.71,14324.71,14069.16,0
2008-06-26,13822.32,13845.41,13950.56,13798.05,0
2008-07-03,13265.4,13161.78,13326.95,13118.89,0
2008-07-10,13067.21,12934.31,13139.85,12930.32,0
2008-07-17,12887.95,12889.8,12929.74,12852.93,0
2008-07-25,13334.76,13452.37,13469.83,13324.22,0
2008-08-01,13094.59,13276.57,13294.17,13039.21,0
2008-08-08,13168.41,13026.53,13259.73,12962.82,0
2008-08-15,13019.41,12991.91,13029.58,12952.21,0
2008-08-22,12666.04,12727.37,12732.69,12631.94,0
2008-08-29,13072.87,12925.45,13079.37,12918.49,0
2008-09-05,12212.23,12385.65,12385.65,12163.33,0
2008-09-12,12214.76,12256.78,12277.57,12059.09,0
2008-09-22,12090.59,12037.89,12263.95,12037.89,0
2008-09-30,11259.86,11565.7,11565.7,11160.83,0
2008-10-07,10155.9,10328.54,10363.14,9916.21,0
2008-10-15,9547.47,9390.5,9601.3,9269.49,0
2008-10-22,8674.69,9198.14,9198.14,8674.69,0
2008-10-29,8211.9,7741.52,8211.9,7741.52,0
2008-11-06,8899.14,9373.65,9380.3,8806.71,0
2008-11-13,8238.64,8564.47,8564.47,8148.3,0
2008-11-20,7703.04,8149.77,8149.79,7703.04,0
2008-11-28,8512.27,8400.05,8518.13,8336.57,0
2008-12-05,7917.51,7975.05,8024.33,7908.65,0
2008-12-12,8235.87,8599.12,8610.73,8087.99,0
2008-12-19,8588.52,8640.22,8743.22,8570.56,0
2008-12-29,8747.17,8726.31,8763.67,8638.6,0
2009-01-08,8876.42,9143.21,9148.83,8876.42,0
2009-01-16,8230.15,8125.2,8283.91,8067.47,0
2009-01-23,7745.25,7965.41,7965.41,7745.25,0
2009-01-30,7994.05,8142.88,8142.88,7922.39,0
2009-02-06,8076.62,8054.27,8169.04,8033.24,0
2009-02-16,7750.17,7732.68,7804.24,7694.73,0
2009-02-23,7376.16,7314.3,7417.18,7209.43,0
2009-03-02,7280.15,7454.28,7454.28,7234.96,0
2009-03-09,7086.03,7191.13,7241.02,7028.49,0
2009-03-16,7704.15,7630.2,7754.75,7630.2,0
2009-03-24,8488.3,8334.68,8504.41,8297.27,0
2009-03-31,8109.53,8199.43,8383.74,8088.45,0
2009-04-07,8832.85,8838.66,8884.45,8778.92,0
2009-04-14,8842.68,8955.9,8961.73,8749.92,0
2009-04-21,8711.33,8802.09,8802.09,8612.76,0
2009-04-28,8493.77,8678.28,8808.64,8493.77,0
2009-05-11,9451.98,9460.72,9503.91,9342.75,0
2009-05-18,9038.69,9167.05,9167.82,8997.74,0
2009-05-25,9347,9245.95,9402.76,9245.95,0
2009-06-01,9677.75,9517.49,9691.73,9491.26,0
2009-06-08,9865.63,9829.28,9914.07,9816.17,0
2009-06-15,10039.67,10090.74,10111.85,10029.59,0
2009-06-22,9826.27,9788.07,9887.13,9763.37,0
2009-06-29,9783.47,9866.28,9943.83,9748.73,0
2009-07-06,9680.87,9738.49,9771.76,9650.75,0
2009-07-13,9050.33,9242.13,9336.55,9050.33,0
2009-07-21,9652.02,9512.52,9652.02,9508.92,0
2009-07-28,10087.26,10116.89,10116.89,10049.63,0
2009-08-04,10375.01,10438.4,10479.19,10358.48,0
2009-08-11,10585.46,10514.74,10587.36,10512.21,0
2009-08-18,10284.96,10208.12,10325.06,10181.1,0
2009-08-25,10497.36,10515.57,10566.31,10469.69,0
2009-09-01,10530.06,10453.37,10577.19,10438.51,0
2009-09-08,10393.23,10353.51,10393.23,10300.5,0
2009-09-15,10217.62,10255.73,10292.47,10183.3,0
2009-09-25,10265.98,10395.45,10395.45,10228.6,0
2009-10-02,9731.87,9848.07,9852.17,9714.18,0
2009-10-09,10016.39,9893.63,10016.39,9857.39,0
2009-10-19,10236.51,10179.46,10264.44,10125.33,0
2009-10-26,10362.62,10271.84,10397.69,10250.84,0
2009-11-02,9802.95,9903.77,9904.61,9736.14,0
2009-11-10,9870.73,9904.68,9979.46,9857.1,0
2009-11-17,9729.93,9834.58,9847.64,9715.28,0
2009-11-25,9441.64,9381.9,9453.7,9366.33,0
2009-12-02,9608.94,9551.79,9643.32,9514.15,0
2009-12-09,10004.72,10048.94,10048.94,9985.97,0
2009-12-16,10177.41,10179.33,10222.22,10117.12,0
2009-12-24,10536.92,10413.37,10558.41,10413.37,0
2010-01-04,10654.79,10609.34,10694.49,10608.14,0
2010-01-12,10879.14,10770.35,10905.39,10763.68,0
2010-01-19,10764.9,10866.83,10866.83,10749.47,0
2010-01-26,10325.28,10506.15,10566.49,10324.98,0
2010-02-02,10371.09,10310.98,10396.48,10287.74,0
2010-02-09,9932.9,9876.61,9956.79,9867.39,0
2010-02-17,10306.83,10161.72,10306.83,10150.24,0
2010-02-24,10198.83,10205.15,10243.2,10129.65,0
2010-03-03,10253.14,10193.95,10274.09,10186.68,0
2010-03-10,10563.92,10555.85,10588.69,10547.34,0
2010-03-17,10846.98,10789.24,10864.3,10761.89,0
2010-03-25,10828.85,10857.81,10872.45,10808.71,0
2010-04-01,11244.4,11178.92,11272.73,11118.18,0
2010-04-08,11168.2,11179.67,11232.36,11159.45,0
2010-04-15,11273.79,11310.07,11316.66,11255.8,0
2010-04-22,10949.09,10988.01,10989.62,10866.23,0
2010-04-30,11057.4,11062.12,11092.52,11035.27,0
2010-05-12,10394.03,10465.03,10501.72,10345.19,0
2010-05-19,10186.84,10087.33,10186.84,10041.93,0
2010-05-26,9522.66,9567.35,9622.4,9477.45,0
2010-06-02,9603.24,9604.45,9763.41,9560.16,0
2010-06-09,9439.13,9475.57,9487.91,9378.23,0
2010-06-16,10067.15,10043.1,10109.86,10033.24,0
2010-06-23,9923.7,9973,9975.01,9912.8,0
2010-06-30,9382.64,9396.45,9420.14,9347.07,0
2010-07-07,9279.65,9322.56,9329.64,9223.8,0
2010-07-14,9795.24,9707.5,9807.36,9693.33,0
2010-07-22,9220.88,9216.28,9254.19,9176.12,0
2010-07-29,9696.02,9653.51,9732.76,9648.97,0
2010-08-05,9653.92,9640.34,9688.87,9578.31,0
2010-08-12,9212.59,9125.49,9212.59,9065.94,0
2010-08-19,9362.68,9242.84,9362.68,9242.84,0
2010-08-26,8906.48,8908.02,8910.62,8834.09,0
2010-09-02,9062.84,9069.62,9083.37,8958.81,0
2010-09-09,9098.39,9120.54,9136.26,9069.93,0
2010-09-16,9509.5,9613.89,9620.9,9479.63,0
2010-09-27,9603.14,9557.37,9613.47,9539.12,0
2010-10-04,9381.06,9410.92,9508.36,9358.82,0
2010-10-12,9388.64,9648.59,9650.2,9387.73,0
2010-10-19,9539.45,9490.09,9575.14,9489.68,0
2010-10-26,9377.38,9386.55,9455.04,9362.13,0
2010-11-02,9159.98,9140.28,9172.03,9123.62,0
2010-11-10,9830.52,9748.61,9842.9,9747.03,0
2010-11-17,9811.66,9693.21,9817.37,9693.21,0
2010-11-25,10079.76,10117.85,10123.27,10038.79,0
2010-12-02,10168.52,10151.15,10187.59,10143.08,0
2010-12-09,10285.88,10277.87,10298.25,10240.11,0
2010-12-16,10311.29,10297.55,10347.39,10282.54,0
2010-12-24,10279.19,10275.97,10290.89,10264.06,0
2011-01-04,10398.1,10352.19,10409.17,10321.28,0
2011-01-12,10512.8,10562.28,10576.51,10502.96,0
2011-01-19,10557.1,10567.88,10580.68,10534.02,0
2011-01-26,10401.9,10410.29,10440.35,10392.46,0
2011-02-02,10457.36,10368.48,10479.75,10366.96,0
2011-02-09,10617.83,10686.72,10701.92,10599.5,0
2011-02-17,10836.64,10882.91,10891.6,10820.48,0
2011-02-24,10452.71,10533.2,10542.7,10428.38,0
2011-03-03,10586.02,10529.77,10593.34,10522.4,0
2011-03-10,10434.38,10544.13,10549.17,10410.1,0
2011-03-17,8962.67,8913.35,9093.61,8639.56,0
2011-03-25,9536.13,9565.49,9569.71,9469.37,0
2011-04-01,9708.39,9757.28,9822.06,9698.6,0
2011-04-08,9768.08,9586.17,9804.28,9536.68,0
2011-04-15,9591.52,9646.22,9651.96,9577.96,0
2011-04-22,9682.21,9623,9732.63,9611.38,0
2011-05-02,10004.2,9964.39,10017.47,9936.27,0
2011-05-12,9716.65,9770.71,9836.71,9716.65,0
2011-05-19,9620.82,9711.32,9731.12,9600.81,0
2011-05-26,9562.05,9499.45,9567.46,9489.12,0
2011-06-02,9555.04,9560.63,9575.01,9517.28,0
2011-06-09,9467.15,9411.71,9472.41,9383.12,0
2011-06-16,9411.28,9478.63,9497.59,9411.28,0
2011-06-23,9596.74,9557.72,9652.41,9553.3,0
2011-06-30,9816.09,9838.09,9849.69,9785.89,0
2011-07-07,10071.14,10047.15,10102.19,10029.33,0
2011-07-14,9936.12,9929.18,9998.49,9884,0
2011-07-22,10132.11,10096.89,10149.18,10076.53,0
2011-07-29,9833.03,9866.82,9914.22,9824.34,0
2011-08-05,9299.88,9469.16,9469.16,9264.09,0
2011-08-15,9086.41,9082.53,9117.11,9032.84,0
2011-08-23,8733.01,8703.31,8747.41,8630.49,0
2011-08-30,8953.9,8958.5,8992.86,8935.85,0
2011-09-06,8590.57,8687.11,8709.92,8588.34,0
2011-09-13,8616.55,8588.74,8635.88,8549.06,0
2011-09-21,8741.16,8717,8771.62,8707.16,0
2011-09-29,8701.23,8527.64,8706.14,8501.42,0
2011-10-06,8522.02,8463.83,8545.79,8463.83,0
2011-10-14,8747.96,8782.91,8787.89,8733.71,0
2011-10-21,8678.89,8679.04,8700.49,8652.26,0
2011-10-28,9050.47,9059.04,9086.43,9003.09,0
2011-11-07,8767.09,8771.82,8779.55,8741.25,0
2011-11-14,8603.7,8631.28,8655.31,8595.43,0
2011-11-21,8348.27,8349.05,8375.6,8343.93,0
2011-11-29,8477.82,8371.01,8477.82,8351.38,0
2011-12-06,8575.16,8644.97,8671.54,8571.09,0
2011-12-13,8552.81,8535.52,8594.32,8518.8,0
2011-12-20,8336.48,8318.03,8354.9,8317.73,0
2011-12-28,8423.62,8426.09,8456.66,8414.9,0
2012-01-06,8390.35,8488.98,8488.98,8349.33,0
2012-01-16,8378.36,8409.79,8409.79,8352.23,0
2012-01-23,8765.9,8753.91,8795.27,8744.54,0
2012-01-30,8793.05,8803.79,8832.48,8774.23,0
2012-02-06,8929.2,8939.99,8949.32,8916.94,0
2012-02-13,8999.18,8954.03,9023.5,8948.54,0
2012-02-20,9485.09,9534.03,9549.31,9462.67,0
2012-02-27,9633.93,9726.2,9736.11,9628.25,0
2012-03-05,9698.59,9756.98,9792.14,9673.75,0
2012-03-12,9889.86,10015.92,10021.51,9889.86,0
2012-03-19,10141.99,10150.85,10172.64,10134.48,0
2012-03-27,10255.15,10152.9,10255.15,10152.25,0
2012-04-03,10050.39,10082.21,10084.07,10040.99,0
2012-04-10,9538.02,9583.36,9648.12,9509.72,0
2012-04-17,9464.71,9476.15,9519.8,9455.32,0
2012-04-24,9468.04,9466.08,9510.7,9423.3,0
2012-05-02,9380.25,9397.87,9417.96,9344.53,0
2012-05-11,8953.31,9019.4,9050.61,8944.63,0
2012-05-18,8611.31,8727.58,8735.54,8588.16,0
2012-05-25,8580.39,8616.85,8616.85,8550.93,0
2012-06-01,8440.25,8465.47,8487.44,8422.5,0
2012-06-08,8459.26,8609.78,8611.93,8427.2,0
2012-06-15,8569.32,8608.43,8625.19,8552.75,0
2012-06-22,8798.35,8733.5,8830.34,8731.79,0
2012-06-29,9006.78,8811.46,9044.04,8803.33,0
2012-07-06,9020.75,9052.7,9082.04,8977.35,0
2012-07-13,8724.12,8701.35,8759.06,8695.44,0
2012-07-23,8508.32,8582.28,8606.23,8500.27,0
2012-07-30,8635.44,8658.83,8663.3,8589.19,0
2012-08-06,8726.29,8683.2,8751.8,8676.25,0
2012-08-13,8885.15,8871.68,8906.21,8867.63,0
2012-08-20,9171.16,9202.36,9222.87,9150.79,0
2012-08-27,9085.39,9140.41,9150.48,9084.87,0
2012-09-03,8783.89,8836.61,8893.39,8773.4,0
2012-09-10,8869.37,8853.19,8874.54,8838.18,0
2012-09-18,9123.77,9155.49,9180.44,9120.61,0
2012-09-25,9091.54,9031.37,9112.54,9023.63,0
2012-10-02,8786.05,8826.36,8843.33,8774.75,0
2012-10-10,8596.23,8650.55,8660.68,8578.25,0
2012-10-17,8806.55,8777.39,8837.19,8758.7,0
2012-10-24,8954.3,8896.41,9043.8,8896.41,0
2012-10-31,8928.29,8911.08,8985.58,8905.44,0
2012-11-07,8972.89,9030.56,9032.32,8924.41,0
2012-11-14,8664.73,8660.27,8680.4,8653.49,0
2012-11-21,9222.52,9213.73,9248.98,9161.21,0
2012-11-29,9400.88,9370.29,9412.08,9350.4,0
2012-12-06,9545.16,9535.69,9565.43,9503.31,0
2012-12-13,9742.73,9681.2,9767.05,9672.47,0
2012-12-20,10039.33,10093.11,10147.68,10028.65,0
2012-12-28,10395.18,10406.36,10433.63,10374.85,0
2013-01-10,10652.64,10635.11,10686.12,10619.65,0
2013-01-18,10913.3,10791.97,10913.3,10787.12,0
2013-01-25,10926.65,10797.3,10926.65,10790.95,0
2013-02-01,11191.34,11193.72,11237.84,11142.26,0
2013-02-08,11153.16,11179.97,11299.71,11135.89,0
2013-02-18,11407.87,11318.22,11445.46,11308.83,0
2013-02-25,11662.52,11564.55,11662.52,11562.1,0
2013-03-04,11652.29,11695.45,11767.68,11613.59,0
2013-03-11,12349.05,12363.09,12403.95,12300.83,0
2013-03-18,12220.63,12365.44,12373.17,12220.63,0
2013-03-26,12471.62,12461.79,12540.12,12456.04,0
2013-04-02,12003.43,12051.57,12107.4,11805.78,0
2013-04-09,13192.35,13309.13,13331.39,13151.73,0
2013-04-16,13221.44,13023.91,13312.23,13004.46,0
2013-04-23,13529.65,13545.6,13585.35,13505.53,0
2013-05-01,13799.35,13837.72,13844.82,13782,0
2013-05-10,14607.54,14449.24,14636.81,14426.74,0
2013-05-17,15138.12,14926.42,15157.32,14902.3,0
2013-05-24,14612.45,14731.75,15007.5,13981.52,0
2013-05-31,13774.54,13804.23,13916.56,13681.39,0
2013-06-07,12877.53,12706.41,13106.2,12548.2,0
2013-06-14,12686.52,12668.9,12900.65,12629.31,0
2013-06-21,13230.13,12787.87,13330.35,12702.67,0
2013-06-28,13677.32,13383.92,13724.44,13354.7,0
2013-07-05,14309.97,14150.85,14309.97,14149.5,0
2013-07-12,14506.25,14475.17,14574.17,14417.3,0
2013-07-22,14658.04,14770.02,14770.02,14514.29,0
2013-07-29,13661.13,13899.27,13953.85,13661.13,0
2013-08-05,14258.04,14318.21,14370.98,14225.5,0
2013-08-12,13519.43,13469.7,13658.86,13430.64,0
2013-08-19,13758.13,13669.74,13758.13,13589.78,0
2013-08-26,13636.28,13719.56,13741.49,13586.84,0
2013-09-02,13572.92,13438.07,13613.48,13407.53,0
2013-09-09,14205.23,14238.42,14251.46,14117.68,0
2013-09-17,14311.67,14456.99,14474.53,14311.67,0
2013-09-25,14620.53,14713.03,14737.98,14620.53,0
2013-10-02,14170.49,14492.47,14569.2,14114.54,0
2013-10-09,14037.84,13789.89,14037.84,13751.85,0
2013-10-17,14586.51,14640.08,14664.22,14492.67,0
2013-10-24,14486.41,14344.74,14499.52,14273.71,0
2013-10-31,14327.94,14474.01,14516.08,14324.17,0
2013-11-08,14086.8,14026.17,14122.28,14026.17,0
2013-11-15,15165.92,15034.33,15203.11,14994.7,0
2013-11-22,15381.72,15513.45,15579.39,15307.44,0
2013-11-29,15661.87,15661.43,15727.96,15507.17,0
2013-12-06,15299.86,15112.54,15327.37,15112.54,0
2013-12-13,15403.11,15316.89,15532.94,15251.45,0
2013-12-20,15870.42,15790.69,15870.42,15755.36,0
2013-12-30,16291.31,16269.22,16320.22,16182.71,0
2014-01-10,15912.06,15785.15,15922.14,15754.7,0
2014-01-20,15641.68,15724.14,15727.26,15574.23,0
2014-01-27,15005.73,15091.45,15109.68,14933.55,0
2014-02-03,14619.13,14788.56,14846.93,14615.05,0
2014-02-10,14718.34,14647.83,14725.92,14568.3,0
2014-02-18,14843.24,14514.47,14900.24,14469.49,0
2014-02-26,14970.97,14896.49,15084.53,14896.49,0
2014-03-05,14897.63,14905.95,14992.19,14897.63,0
2014-03-12,14830.39,15003.8,15020.14,14828.18,0
2014-03-19,14462.52,14495.73,14663.54,14302.37,0
2014-03-27,14622.89,14305.67,14659.85,14227.81,0
2014-04-03,15071.88,15009.18,15164.39,14976.36,0
2014-04-10,14300.12,14484.54,14513.14,14234.45,0
2014-04-17,14417.53,14395.95,14500.66,14351.85,0
2014-04-24,14404.99,14563.25,14563.25,14367.13,0
2014-05-02,14457.51,14454.44,14473.75,14405.77,0
2014-05-13,14425.44,14367.94,14464.01,14359.74,0
2014-05-20,14075.25,14088.45,14144.04,14038.06,0
2014-05-27,14636.52,14589.79,14744.16,14588.68,0
2014-06-03,15034.25,15089.04,15091.49,15026.01,0
2014-06-10,14994.8,15130.74,15184.77,14966.8,0
2014-06-17,14975.97,14962.99,15026.96,14948.54,0
2014-06-24,15376.24,15300.5,15424.57,15252.27,0
2014-07-01,15326.2,15179.64,15389.08,15145.87,0
2014-07-08,15314.41,15304.27,15389.89,15225.11,0
2014-07-15,15395.16,15354.43,15441.54,15346.09,0
2014-07-23,15328.56,15367.16,15376.2,15317.37,0
2014-07-30,15646.23,15616.89,15666.62,15594.89,0
2014-08-06,15159.79,15260,15271.14,15121.43,0
2014-08-13,15213.63,15111.76,15235.9,15108.53,0
2014-08-20,15454.45,15485.93,15492.88,15433.72,0
2014-08-27,15534.82,15556.56,15588.22,15465.99,0
2014-09-03,15728.35,15797.79,15829.38,15723.54,0
2014-09-10,15788.78,15688.55,15795.6,15664.79,0
2014-09-18,16067.57,16036.47,16106.11,16003.46,0
2014-09-26,16229.86,16087.95,16251.67,16087.95,0
2014-10-03,15708.65,15616.48,15708.65,15559.07,0
2014-10-10,15300.55,15292.88,15345.78,15221.83,0
2014-10-20,15111.23,14822.84,15111.23,14819.69,0
2014-10-27,15388.72,15404.28,15424.05,15333.71,0
2014-11-04,16862.47,16732.85,17127.66,16720.99,0
2014-11-11,17124.11,16869.49,17160.12,16855.3,0
2014-11-18,17344.06,17188.84,17356.76,17186.5,0
2014-11-26,17383.58,17347.97,17432.57,17335.99,0
2014-12-03,17720.43,17772.15,17881.76,17696.36,0
2014-12-10,17412.58,17623.35,17658.14,17308.82,0
2014-12-17,16819.73,16689.34,16891.02,16672.94,0
2014-12-25,17808.75,17804.84,17832.47,17773.59,0
2015-01-06,16883.19,17101.58,17111.36,16881.73,0
2015-01-14,16795.96,16961.82,17036.72,16770.56,0
2015-01-21,17280.48,17308.72,17329.03,17181.55,0
2015-01-28,17795.73,17615.93,17850.59,17615.93,0
2015-02-04,17678.74,17549.3,17743.11,17535.04,0
2015-02-12,17979.72,17899.4,18005.45,17884.34,0
2015-02-19,18264.79,18237.35,18322.5,18237.35,0
2015-02-26,18785.79,18587.87,18790.83,18587.13,0
2015-03-05,18751.84,18658.16,18767.5,18655.36,0
2015-03-12,18991.11,18787.1,19008.13,18774.42,0
2015-03-19,19476.56,19509.42,19557.17,19312.7,0
2015-03-26,19471.12,19605.6,19623.11,19397.01,0
2015-04-02,19312.79,19141.93,19433.89,19115.14,0
2015-04-09,19937.72,19851.12,19957.32,19822.49,0
2015-04-16,19885.77,19862.48,19894.35,19742.12,0
2015-04-23,20187.65,20227.28,20252.12,20116.19,0
2015-05-01,19531.63,19510.85,19549.39,19399.16,0
2015-05-13,19764.72,19568.76,19791.88,19494.7,0
2015-05-20,20196.56,20175.59,20278.89,20148.51,0
2015-05-27,20472.58,20380.64,20513.22,20363.21,0
2015-06-03,20473.51,20443.15,20506.35,20397.73,0
2015-06-10,20046.36,20126.36,20264.92,20016.32,0
2015-06-17,20219.27,20306.1,20323.08,20126.57,0
2015-06-24,20868.03,20889.32,20952.71,20838.22,0
2015-07-01,20329.32,20291.05,20346.74,20225.27,0
2015-07-08,19737.64,20282.49,20310.89,19737.64,0
2015-07-15,20463.33,20478.85,20496.6,20401.09,0
2015-07-23,20683.95,20693.57,20708.23,20648.76,0
2015-07-30,20522.83,20450.61,20583.57,20443.89,0
2015-08-06,20664.44,20768.77,20817.48,20664.44,0
2015-08-13,20595.55,20392.54,20633.91,20306.98,0
2015-08-20,20033.52,20194.26,20246.47,20033.29,0
2015-08-27,18574.44,18680.47,18810.05,18486.46,0
2015-09-03,18182.39,18359.53,18481.57,18176.75,0
2015-09-10,18299.62,18418.64,18420.56,17956.15,0
2015-09-17,18432.27,18361.99,18468.2,18289.63,0
2015-09-29,16930.84,17359.38,17366.95,16901.49,0
2015-10-06,18186.1,18302.41,18372.72,18094.85,0
2015-10-14,17891,18106.66,18126.39,17831.53,0
2015-10-21,18554.28,18167.64,18605.41,18167.64,0
2015-10-28,18903.02,18826.94,18925.51,18815.12,0
2015-11-05,19116.41,19029.44,19167.09,18995.96,0
2015-11-12,19697.77,19644.65,19725.83,19597.99,0
2015-11-19,19859.81,19851.24,19959.06,19761.56,0
2015-11-27,19883.94,19994.05,19994.05,19831.25,0
2015-12-04,19504.48,19616.52,19660.9,19444.54,0
2015-12-11,19230.48,19020.75,19282.21,19020.75,0
2015-12-18,18986.8,19320.46,19869.08,18982.25,0
2015-12-28,18873.35,18838.91,18922.9,18764.54,0
2016-01-06,18191.32,18410.57,18469.38,18064.3,0
2016-01-14,17240.95,17384.93,17393.83,16944.41,0
2016-01-21,16017.26,16466.86,16734.58,16017.26,0
2016-01-28,17041.45,17059.84,17235.44,16942.13,0
2016-02-04,17044.99,17071.11,17209.56,16941.88,0
2016-02-12,14952.61,15426.27,15437.22,14865.77,0
2016-02-19,15967.17,16050.4,16050.46,15799.35,0
2016-02-26,16188.41,16311.52,16472.5,16188.41,0
2016-03-04,17014.78,16927.36,17042.92,16861.38,0
2016-03-11,16938.87,16610.18,17015.3,16575.75,0
2016-03-18,16724.81,16883.75,16920.91,16613.69,0
2016-03-28,17134.37,17129.27,17167.88,16961.41,0
2016-04-04,16123.27,16087.76,16238.51,16029.5,0
2016-04-11,15751.13,15761.57,15778.74,15525.49,0
2016-04-18,16275.95,16521.25,16526.9,16254.2,0
2016-04-25,17439.3,17613.56,17613.56,17403.87,0
2016-05-06,16106.72,16212.67,16271.61,15989.35,0
2016-05-13,16412.21,16804.17,16804.17,16400.87,0
2016-05-20,16736.35,16594.99,16770.87,16548.34,0
2016-05-27,16834.84,16830.5,16901.09,16792.73,0
2016-06-03,16642.23,16599.51,16716.14,16554.6,0
2016-06-10,16601.36,16637.51,16643.36,16496.11,0
2016-06-17,15599.66,15631.79,15774.87,15582.94,0
2016-06-24,14952.02,16333.87,16389.17,14864.01,0
2016-07-01,15682.48,15698.02,15765,15635.57,0
2016-07-08,15106.98,15326.84,15399.7,15106.52,0
2016-07-15,16497.85,16396.12,16607.32,16396.12,0
2016-07-25,16620.29,16655.81,16778.65,16612.33,0
2016-08-01,16635.77,16415.31,16677.49,16319.15,0
2016-08-08,16650.57,16462.29,16652.04,16455.57,0
2016-08-16,16596.51,16878.66,16887.57,16596.51,0
2016-08-23,16497.36,16549.82,16663.64,16452.01,0
2016-08-30,16725.36,16690.98,16752.16,16677.85,0
2016-09-06,17081.98,17035.03,17097.59,17022.64,0
2016-09-13,16729.04,16764.65,16787.06,16658.4,0
2016-09-21,16807.62,16471.85,16823.63,16399.65,0
2016-09-29,16693.71,16606.3,16756.43,16584.14,0
2016-10-06,16899.1,16913.6,16971.28,16888.77,0
2016-10-14,16856.37,16751.04,16866.56,16727.78,0
2016-10-21,17184.59,17283.75,17288.89,17151.98,0
2016-10-28,17446.41,17448.25,17461.03,17406.72,0
2016-11-07,17177.21,17126.03,17186.89,17056.84,0
2016-11-14,17672.62,17467.49,17697.33,17455.78,0
2016-11-21,18106.02,18038.09,18129.03,18007.79,0
2016-11-29,18307.04,18263.63,18327.51,18258.82,0
2016-12-06,18360.54,18457.2,18484.8,18318.99,0
2016-12-13,19250.52,19120.76,19253.51,19060.72,0
2016-12-20,19494.53,19367.84,19511.2,19356.81,0
2016-12-28,19401.72,19392.11,19442.13,19364.73,0
2017-01-06,19454.33,19393.55,19472.37,19354.44,0
2017-01-16,19095.24,19219.13,19255.41,19061.27,0
2017-01-23,18891.03,18938.45,19024.21,18879.68,0
2017-01-30,19368.85,19371.28,19390.97,19295.8,0
2017-02-06,18976.71,19069.72,19075.57,18899.4,0
2017-02-13,19459.15,19513.78,19519.44,19418.18,0
2017-02-20,19251.08,19161.33,19274.75,19115.11,0
2017-02-27,19107.47,19130.51,19178.99,18995.55,0
2017-03-06,19379.14,19409.18,19411.54,19340.32,0
2017-03-13,19633.75,19545.74,19656.48,19531.51,0
2017-03-21,19455.88,19416.55,19485.14,19337.22,0
2017-03-28,19202.87,19159.07,19203.64,19113.44,0
2017-04-04,18810.25,18933.82,18947.33,18703.63,0
2017-04-11,18747.87,18717.55,18767.7,18661.86,0
2017-04-18,18418.59,18497.38,18547.46,18362.73,0
2017-04-25,19079.33,18872.56,19109.76,18867.19,0
2017-05-02,19445.7,19335.72,19464.3,19335.02,0
2017-05-12,19883.9,19941.64,19941.64,19809.91,0
2017-05-19,19590.76,19591.41,19628.64,19497.29,0
2017-05-26,19686.84,19798.49,19801.59,19686.49,0
2017-06-02,20177.28,19970.23,20239.81,19967,0
2017-06-09,20013.26,19953.06,20096.01,19927.07,0
2017-06-16,19943.26,19931.15,20015.16,19884.8,0
2017-06-23,20132.67,20152.58,20152.58,20089.54,0
2017-06-30,20033.43,20025.63,20044.01,19946.51,0
2017-07-07,19929.09,19856.65,19979.93,19856.65,0
2017-07-14,20118.86,20157.92,20163.67,20101.71,0
2017-07-24,19975.67,19973.67,20002.54,19901.88,0
2017-07-31,19925.18,19933.45,19983.9,19891.9,0
2017-08-07,20055.89,20059.29,20085.9,20037.4,0
2017-08-15,19753.31,19689.38,19824.12,19656.91,0
2017-08-22,19383.84,19373.11,19437.25,19361.95,0
2017-08-29,19362.55,19319.11,19371.9,19280.02,0
2017-09-05,19385.81,19533.38,19542.78,19354.59,0
2017-09-12,19776.62,19736.14,19792.06,19718.8,0
2017-09-20,20310.46,20301.33,20339.37,20272.82,0
2017-09-27,20267.05,20269.82,20278.09,20213.66,0
2017-10-04,20626.66,20660.81,20689.08,20592.18,0
2017-10-12,20954.72,20958.18,20994.4,20917.04,0
2017-10-19,21448.52,21450.04,21503.85,21381.52,0
2017-10-26,21739.78,21698.95,21793.62,21688.56,0
2017-11-02,22539.12,22512.18,22540.25,22400.01,0
2017-11-10,22681.42,22580.7,22724.39,22511.93,0
2017-11-17,22396.8,22603.3,22757.4,22319.12,0
2017-11-27,22495.99,22657.08,22659.33,22423.4,0
2017-12-04,22707.16,22843.53,22864.33,22693.99,0
2017-12-11,22938.73,22894.3,22938.73,22787.4,0
2017-12-18,22901.77,22770.44,22927.5,22735.2,0
2017-12-25,22939.18,22909.41,22948.83,22870.19,0
2018-01-04,23506.33,23073.73,23506.33,23065.2,0
2018-01-12,23653.82,23719.66,23743.05,23588.07,0
2018-01-19,23808.06,23854.11,23872.69,23735.61,0
2018-01-26,23631.88,23757.34,23797.96,23592.28,0
2018-02-02,23274.53,23361.67,23367.96,23122.45,0
2018-02-09,21382.62,21507.74,21510.3,21119.01,0
2018-02-19,22149.21,21903.66,22152.85,21858.33,0
2018-02-26,22153.63,22134.64,22226.53,22040.87,0
2018-03-05,21042.09,21047.81,21164.38,20937.26,0
2018-03-12,21824.03,21826.1,21971.16,21689.97,0
2018-03-19,21480.9,21537.9,21659.04,21366.88,0
2018-03-27,21317.32,20958.9,21317.32,20943.31,0
2018-04-03,21292.29,21115.48,21333.5,21056.02,0
2018-04-10,21794.32,21599.67,21933.99,21542.37,0
2018-04-17,21847.59,21801.83,21889.89,21772.42,0
2018-04-24,22278.12,22228.82,22304.69,22149.59,0
2018-05-02,22472.78,22568.19,22568.19,22426.55,0
2018-05-11,22758.48,22573.95,22769.16,22545.47,0
2018-05-18,22930.36,22907.2,22954.19,22867.3,0
2018-05-25,22450.79,22380.22,22509.36,22318.15,0
2018-06-01,22171.35,22126.25,22316.91,22098.04,0
2018-06-08,22694.5,22799.38,22879,22694.5,0
2018-06-15,22851.75,22883.24,22885.84,22770.38,0
2018-06-22,22516.83,22456.45,22535.65,22414.18,0
2018-06-29,22304.51,22314.47,22332.82,22145.48,0
2018-07-06,21788.14,21647.66,21866.16,21642.96,0
2018-07-13,22597.35,22397.62,22692.86,22316.52,0
2018-07-23,22396.99,22480.33,22507.17,22341.87,0
2018-07-30,22544.84,22613.3,22631.32,22518.94,0
2018-08-06,22507.32,22536.05,22635.68,22486.74,0
2018-08-13,21857.43,22117.57,22124.6,21851.32,0
2018-08-20,22199,22267.07,22288.31,22150.75,0
2018-08-27,22799.64,22693.69,22838.06,22682.39,0
2018-09-03,22707.38,22819.17,22820.48,22684.43,0
2018-09-10,22373.09,22253.65,22396.88,22249.61,0
2018-09-18,23420.54,23042.19,23481.53,23039.26,0
2018-09-26,24033.79,23846.6,24033.79,23833.92,0
2018-10-03,24110.96,24219.19,24260.63,24030.59,0
2018-10-11,22590.86,23043.37,23051.19,22459.02,0
2018-10-18,22658.16,22871.28,22873.13,22637.29,0
2018-10-25,21268.73,21676.83,21703.21,21204.4,0
2018-11-01,21687.65,21906.41,21906.41,21628.45,0
2018-11-08,22486.92,22446.01,22583.43,22421,0
2018-11-15,21803.62,21670.35,21818.73,21613.53,0
2018-11-22,21646.55,21582.47,21684.64,21484.98,0
2018-11-30,22351.06,22274.97,22362.2,22231.96,0
2018-12-07,21678.68,21643.75,21734.94,21506.45,0
2018-12-14,21374.83,21638.96,21751.31,21353.94,0
2018-12-21,20166.19,20310.5,20334.73,20006.67,0
2019-01-04,19561.96,19655.13,19692.58,19241.37,0
2019-01-11,20359.7,20296.45,20389.89,20294.74,0
2019-01-21,20719.33,20848.38,20892.68,20678.26,0
2019-01-28,20649,20746.29,20759.48,20624.55,0
2019-02-04,20883.77,20831.9,20922.58,20823.68,0
2019-02-12,20864.21,20442.55,20885.88,20428.57,0
2019-02-19,21302.65,21256.58,21344.17,21217.16,0
2019-02-26,21449.39,21556.02,21610.88,21405.84,0
2019-03-05,21726.28,21712.8,21798.38,21659.04,0
2019-03-12,21503.69,21361.61,21568.48,21348.81,0
2019-03-19,21566.85,21558.43,21585.55,21425.79,0
2019-03-27,21378.73,21353.61,21388.59,21242.52,0
2019-04-03,21713.21,21563.64,21722.72,21489.95,0
2019-04-10,21687.57,21579.68,21687.57,21571.67,0
2019-04-17,22277.97,22236.41,22345.19,22185.87,0
2019-04-24,22200,22356.83,22362.92,22125.48,0
2019-05-09,21402.13,21492.91,21559.76,21315.07,0
2019-05-16,21062.98,21153.2,21153.2,20951.67,0
2019-05-23,21151.14,21180.24,21209.56,21072.72,0
2019-05-30,20942.53,20881.5,20942.53,20809.29,0
2019-06-06,20774.04,20745.84,20842.28,20745.84,0
2019-06-13,21032,21040.91,21111.23,20932.13,0
2019-06-20,21462.86,21417.74,21491.39,21377.27,0
2019-06-27,21338.17,21156.88,21338.17,21123.97,0
2019-07-04,21702.45,21740.93,21755.63,21672.5,0
2019-07-11,21643.53,21547.19,21649.93,21532.57,0
2019-07-19,21466.99,21146.5,21474.3,21121.9,0
2019-07-26,21658.15,21700.2,21709.74,21590.66,0
2019-08-02,21087.16,21211.06,21211.06,20960.09,0
2019-08-09,20684.82,20758.15,20782.06,20676.92,0
2019-08-19,20563.16,20590.47,20633.9,20502.66,0
2019-08-26,20261.04,20325.44,20329.01,20173.76,0
2019-09-02,20620.19,20625.75,20667.56,20614.29,0
2019-09-09,21318.42,21214.56,21333.51,21182.26,0
2019-09-17,22001.32,21947.59,22041.08,21878.63,0
2019-09-25,22020.15,21961.82,22036.48,21906,0
2019-10-02,21778.61,21744.62,21795.01,21725.23,0
2019-10-09,21456.38,21359.84,21467.77,21359.84,0
2019-10-17,22451.86,22451.15,22522.39,22424.92,0
2019-10-25,22799.81,22753.24,22819.92,22715.13,0
2019-11-01,22850.77,22730.49,22852.72,22705.6,0
2019-11-11,23331.84,23422.13,23471.82,23323.02,0
2019-11-18,23416.76,23304.25,23420.62,23271.29,0
2019-11-25,23292.81,23292.85,23347.18,23255.39,0
2019-12-02,23529.5,23388.63,23562.05,23378.4,0
2019-12-09,23430.7,23544.31,23544.31,23360.01,0
2019-12-16,23952.35,23955.2,24036.3,23950.05,0
2019-12-23,23821.11,23921.29,23923.09,23810.82,0
2019-12-30,23656.62,23770.93,23782.49,23656.62,0
2020-01-10,23850.57,23813.28,23903.29,23761.08,0
2020-01-20,24083.51,24080.68,24108.11,24061.67,0
2020-01-27,23343.51,23427.9,23463.89,23317.32,0
2020-02-03,22971.94,22874.27,23023.73,22775.92,0
2020-02-10,23685.98,23631.79,23788.25,23621.72,0
2020-02-18,23193.8,23398.57,23402.01,23133.6,0
2020-02-26,22426.19,22374.14,22456.55,22127.42,0
2020-03-04,21100.06,20897.2,21245.93,20862.05,0
2020-03-11,19416.06,19758.26,19974.83,19392.25,0
2020-03-18,16726.55,17154.08,17396.84,16698.46,0
2020-03-26,18664.6,19234.77,19240.29,18512.81,0
2020-04-02,17818.72,17934.42,18132.04,17707.66,0
2020-04-09,19345.77,19376,19406.96,19158.55,0
2020-04-16,19290.2,19311.3,19362.17,19154.41,0
2020-04-23,19429.44,19313.04,19429.44,19221.54,0
2020-05-01,19619.35,19991.97,20000.25,19551.73,0
2020-05-13,20267.05,20140.92,20329.89,20056.46,0
2020-05-20,20595.15,20454.49,20684.46,20454.03,0
2020-05-27,21419.23,21249.31,21475.68,21142.72,0
2020-06-03,22613.76,22649.01,22818.87,22462.68,0
2020-06-10,23124.95,22939,23175.82,22900.3,0
2020-06-17,22455.76,22517.14,22536.38,22318.07,0
2020-06-24,22534.32,22541.01,22663.29,22479.86,0
2020-07-01,22121.73,22338.3,22360.31,22039.56,0
2020-07-08,22438.65,22481.61,22667.95,22438.65,0
2020-07-15,22945.5,22817.91,22965.56,22800.11,0
2020-07-22,22751.61,22791.75,22855.31,22732.92,0
2020-07-31,21710,22267.59,22295.05,21710,0
2020-08-07,22329.94,22433.78,22436.16,22204.61,0
2020-08-17,23096.75,23189.48,23248.75,23068.53,0
2020-08-24,22985.51,22913.2,23012.71,22862.54,0
2020-08-31,23139.76,23147.14,23342.32,23102.61,0
2020-09-07,23089.95,23145.47,23218.22,23086.89,0
2020-09-14,23559.3,23431.16,23582.21,23429.42,0
2020-09-23,23346.49,23245.89,23370.13,23154.45,0
2020-09-30,23185.12,23478.85,23522.38,23170.89,0
2020-10-08,23647.07,23506.34,23701.77,23477.73,0
2020-10-15,23507.23,23548.45,23581.16,23458.43,0
2020-10-22,23474.27,23525.59,23555.78,23436.17,0
2020-10-29,23331.94,23170.76,23374.1,23170.76,0
2020-11-06,24325.23,24076.22,24389,24039.16,0
2020-11-13,25385.87,25405.64,25456.18,25215.31,0
2020-11-20,25527.37,25486.83,25555.37,25425.59,0
2020-11-30,26433.62,26830.1,26834.2,26405.83,0
2020-12-07,26547.44,26894.25,26894.25,26500.32,0
2020-12-14,26732.44,26659.53,26870.47,26648.69,0
2020-12-21,26714.42,26834.1,26905.67,26533.63,0
2020-12-28,26854.03,26691.29,26854.03,26664.6,0
2021-01-06,27055.94,27102.85,27196.4,27002.18,0
2021-01-14,28698.26,28442.73,28979.53,28411.58,0
2021-01-21,28756.86,28710.41,28846.15,28677.61,0
2021-01-28,28197.42,28169.27,28360.48,27975.85,0
2021-02-04,28341.95,28557.46,28600.22,28325.89,0
2021-02-12,29520.07,29635.88,29650.51,29417.32,0
2021-02-19,30017.92,29970.59,30169.59,29847.33,0
2021-03-01,29663.5,29419.45,29686.39,29396.04,0
2021-03-08,28743.25,29208.19,29255.9,28644.26,0
2021-03-15,29766.97,29804.5,29884.73,29670.31,0
2021-03-22,29174.15,29444.1,29472.98,29107.63,0
2021-03-29,29384.52,29478.12,29578.37,29200.88,0
2021-04-05,30089.25,30084.61,30195,30024.25,0
2021-04-12,29538.73,29874.43,29876.04,29538.73,0
2021-04-19,29685.37,29688.32,29808.01,29530.84,0
2021-04-26,29126.23,29095.49,29241.28,28896.37,0
2021-05-07,29357.82,29330.45,29449.86,29237.36,0
2021-05-14,28084.47,27723.7,28139.96,27723.7,0
2021-05-21,28317.83,28269.61,28411.56,28193.03,0
2021-05-28,29149.41,28912.54,29194.11,28899.66,0
2021-06-04,28941.52,28901.42,28991.24,28764.68,0
2021-06-11,28948.73,29030.04,29080.89,28839.54,0
2021-06-18,28964.08,29136.74,29136.74,28957.98,0
2021-06-25,29066.18,29137.3,29174.17,28992.74,0
2021-07-02,28783.28,28719.24,28849.32,28688.63,0
2021-07-09,27940.42,27739.42,28000.02,27419.4,0
2021-07-16,28003.08,28039.26,28201.3,27847.35,0
2021-07-27,27970.22,27911.93,28036.23,27862.69,0
2021-08-03,27641.83,27580.03,27724.45,27492.4,0
2021-08-11,28070.51,28045.84,28146.68,27974.99,0
2021-08-18,27585.91,27418.08,27671.57,27347.77,0
2021-08-25,27724.8,27768.13,27897.72,27684.05,0
2021-09-01,28451.02,28179.04,28457.67,28179.04,0
2021-09-08,30181.21,29819.55,30241.87,29787.13,0
2021-09-15,30511.71,30464.17,30573.41,30347.3,0
2021-09-24,30248.81,30141.61,30276.38,30110.3,0
2021-10-01,28771.07,29235.11,29393.67,28680.73,0
2021-10-08,28048.94,28031.37,28321.35,28018.89,0
2021-10-15,29068.63,28787.26,29082.35,28726.22,0
2021-10-22,28804.85,28578.53,28989.5,28546.57,0
2021-10-29,28892.69,28819.16,29000.65,28475.06,0
2021-11-08,29507.05,29735.45,29735.45,29507.05,0
2021-11-15,29776.8,29807.37,29861.88,29718.21,0
2021-11-22,29774.11,29618.55,29806.49,29542.29,0
2021-11-30,27821.76,28611.73,28718.7,27819.14,0
2021-12-07,28455.6,28138.82,28618.46,27961.66,0
2021-12-14,28432.64,28554.86,28672.96,28309.67,0
2021-12-21,28517.59,28309.6,28533.74,28226.43,0
2021-12-28,29069.16,28953.32,29121.01,28879.68,0
2022-01-06,28487.87,29136.75,29158.95,28487.87,0
2022-01-14,28124.28,28246.99,28252.96,27889.21,0
2022-01-21,27522.26,27404.36,27586.42,27129.61,0
2022-01-28,26717.34,26429.85,26764.85,26289.69,0
2022-02-04,27439.99,27095.9,27455.98,27075.99,0
2022-02-14,27079.59,27305.92,27325.5,26947.65,0
2022-02-21,26910.87,26771.58,26998.47,26549,0
2022-03-01,26844.72,26836.74,27013.26,26821.75,0
2022-03-08,24790.95,24974.35,25291.33,24767.33,0
2022-03-15,25346.48,25228.53,25441.67,25219.13,0
2022-03-23,28040.16,27606.79,28056.2,27604.37,0
2022-03-30,28027.25,28250.8,28281.45,27736.27,0
2022-04-06,27350.3,27533.88,27549.67,27214.61,0
2022-04-13,26843.49,26436.06,26885.87,26429.47,0
2022-04-20,27217.85,27210.79,27389.84,27066.18,0
2022-04-27,26386.63,26313.14,26406.62,26051.04,0
2022-05-10,26167.1,26149.06,26246.63,25773.83,0
2022-05-17,26659.75,26555.23,26709.26,26440.62,0
2022-05-24,26748.14,27005.43,27005.43,26736.01,0
2022-05-31,27279.8,27318.09,27463.33,27250.7,0
2022-06-07,27943.95,27984.79,28094.73,27863.38,0
2022-06-14,26629.86,26555.75,26657.92,26357.9,0
2022-06-21,26246.31,26070.92,26418.84,25972.28,0
2022-06-28,27049.47,26795.68,27062.31,26789.5,0
2022-07-05,26423.47,26386.23,26532.51,26294.84,0
2022-07-12,26336.66,26701,26718.67,26278.28,0
2022-07-20,27680.26,27295.95,27692.85,27295.95,0
2022-07-27,27715.75,27575.16,27772.97,27525.09,0
2022-08-03,27741.9,27673,27837.63,27634.65,0
2022-08-10,27819.33,27955.11,27964.96,27729.46,0
2022-08-18,28942.14,28957.4,28999.64,28846.52,0
2022-08-25,28479.01,28415.11,28534.71,28357.03,0
2022-09-01,27661.47,27797,27832.78,27589.7,0
2022-09-08,28065.28,27732.68,28083.79,27718.3,0
2022-09-15,27875.91,27873.96,27946.2,27801.44,0
2022-09-26,26431.55,26779.44,26779.44,26424.6,0
2022-10-03,26215.79,25778.95,26223.84,25621.96,0
2022-10-11,26401.25,26757.12,26759.62,26369.56,0
2022-10-18,27156.14,27167.73,27229.88,26910.1,0
2022-10-25,27250.28,27113.2,27337.8,27073.18,0
2022-11-01,27678.92,27614.64,27682.97,27526.18,0
2022-11-09,27716.43,27884.55,27926.52,27688.86,0
2022-11-16,28028.3,28020.49,28069.25,27743.15,0
2022-11-24,28383.09,28373.72,28502.29,28363.66,0
2022-12-01,28226.08,28273.13,28423.46,28226.08,0
2022-12-08,27574.43,27622.3,27643.64,27415.66,0
2022-12-15,28051.7,27991.14,28163.17,27987.54,0
2022-12-22,26507.87,26552.43,26585.28,26399.31,0
2022-12-29,26093.67,26074.9,26126.7,25953.92,0
2023-01-10,26175.56,26176.61,26316.66,26132.8,0
2023-01-17,26138.68,25915.51,26198.69,25895.3,0
2023-01-24,27299.19,27150.43,27381,27150.43,0
2023-01-31,27327.11,27458.56,27494.17,27302.22,0
2023-02-07,27685.47,27744.9,27814.96,27662.11,0
2023-02-14,27602.77,27705.37,27721.82,27553.18,0
2023-02-21,27473.1,27486.09,27538.29,27359.12,0
2023-03-01,27516.53,27363.57,27530.76,27305.37,0
2023-03-08,28444.19,28237.21,28469.41,28232.68,0
2023-03-15,27229.48,27421.66,27424.94,27105.99,0
2023-03-23,27419.61,27232.97,27461.97,27175.63,0
2023-03-30,27782.93,27827.89,27876.38,27630.55,0
2023-04-06,27472.63,27589.14,27609.86,27427.66,0
2023-04-13,28156.97,27952.58,28163.87,27952.01,0
2023-04-20,28657.57,28472,28694.25,28442.45,0
2023-04-27,28457.68,28340.59,28459.73,28241.67,0
2023-05-09,29242.82,29020.63,29262.36,29020.63,0
2023-05-16,29842.99,29838.01,29916.56,29779.07,0
2023-05-23,30957.77,31245.72,31352.53,30828.73,0
2023-05-30,31328.16,31196.24,31374.83,31064.19,0
2023-06-06,32506.78,31988.37,32534.47,31933.87,0
2023-06-13,33018.65,32668.95,33127.36,32638.21,0
2023-06-20,33388.91,33269.57,33474.74,33089.02,0
2023-06-27,32538.33,32629.96,32689.1,32306.99,0
2023-07-04,33422.52,33512.26,33576.45,33338.78,0
2023-07-11,32203.57,32434.67,32468.7,32084.42,0
2023-07-19,32896.03,32812.36,32896.03,32671.03,0
2023-07-26,32668.34,32704.96,32724.25,32488.52,0
2023-08-02,32707.69,33123.12,33158.58,32628.29,0
2023-08-09,32204.33,32346.32,32407.85,32175.64,0
2023-08-17,31626,31621.98,31704.08,31309.68,0
2023-08-24,32287.21,32130.52,32297.91,32063.14,0
2023-08-31,32619.34,32361.02,32692.76,32359.15,0
2023-09-07,32991.08,33118.55,33322.45,32986.35,0
2023-09-14,33168.1,32925.54,33244.45,32851.24,0
2023-09-22,32402.41,32189.32,32535.67,32154.53,0
2023-09-29,31857.62,32018.64,32027.46,31717.74,0
2023-10-06,30994.67,31003.95,31160.45,30928.16,0
2023-10-16,31659.03,31983.04,31999.79,31564.31,0
2023-10-23,30999.55,31151.98,31177.41,30974.26,0
2023-10-30,30696.96,30663.48,30762.5,30538.29,0
2023-11-07,32271.82,32551.77,32591.11,32250.93,0
2023-11-14,32695.93,32760.51,32836.27,32667.4,0
2023-11-21,33354.14,33453.15,33460.32,33254.73,0
2023-11-29,33321.22,33244.43,33516.23,33179.07,0
2023-12-06,33445.9,32928.92,33452.13,32914.09,0
2023-12-13,32926.35,32973.47,33104.47,32864.38,0
2023-12-20,33675.94,33467.32,33824.06,33467.32,0
2023-12-27,33681.24,33532.97,33755.75,33521.52,0
2024-01-09,33763.18,33704.83,33990.28,33600.32,0
2024-01-16,35619.18,35909.2,35955.68,35587.53,0
2024-01-23,36517.57,36605.3,36984.51,36436.07,0
2024-01-30,36065.86,36196.64,36249.03,36039.31,0
2024-02-06,36160.66,36249.08,36294.48,36065.98,0
2024-02-14,37703.32,37712.87,37825.85,37594.47,0
2024-02-21,38262.16,38191.97,38339.7,38095.15,0
2024-02-29,39166.19,38935.53,39250.12,38876.81,0
2024-03-07,39598.71,40331.06,40472.11,39518.4,0
2024-03-14,38807.38,38591.73,38840.33,38400.17,0
2024-03-22,40888.43,40942.88,41087.75,40714.14,0
2024-03-29,40369.44,40277.45,40521.71,40268.11,0
2024-04-05,38992.08,39237.39,39274.76,38774.24,0
2024-04-12,39523.55,39722.02,39774.82,39457.73,0
2024-04-19,37068.35,37724.47,37749.48,36733.06,0
2024-04-26,37934.76,37725.61,38097.54,37550.7,0
2024-05-08,38202.37,38677.57,38749.35,38159.85,0
2024-05-15,38385.73,38533.09,38816.6,38335.61,0
2024-05-22,38617.1,38823.91,38854.99,38592.94,0
2024-05-29,38556.87,38880.5,39141.99,38524.24,0
2024-06-05,38490.17,38654.09,38656.41,38343.98,0
2024-06-12,38876.71,38865.15,38945.99,38809.36,0
2024-06-19,38570.76,38653.91,38797.97,38453.41,0
2024-06-26,39667.07,39364.73,39788.63,39233.56,0
2024-07-03,40580.76,40225.83,40694.21,40172.85,0
2024-07-10,41831.99,41444.33,41889.16,41430.38,0
2024-07-18,40126.35,40521.71,40587.63,40104.22,0
2024-07-25,37869.51,38524.2,38557.79,37825.58,0
2024-08-01,38126.33,38781.56,38781.56,37737.88,0
2024-08-08,34831.15,34645.79,35379.65,34207.16,0
2024-08-16,38062.67,37304.93,38143.55,37304.93,0
2024-08-23,38364.27,38278.18,38424.27,38053.47,0
2024-08-30,38647.75,38388.04,38669.79,38316.87,0
2024-09-06,36391.47,36815,36898.28,36235.61,0
2024-09-13,36581.76,36882.41,36887.4,36441.34,0
2024-09-24,37940.59,38171.36,38427.15,37902.99,0
2024-10-01,38651.97,38232.47,38718.13,38232.47,0
2024-10-08,38937.54,39021.13,39117.09,38817.54,0
2024-10-16,39180.3,39362.63,39362.63,39062.85,0
2024-10-23,38104.86,38397.28,38514.33,37987.62,0
2024-10-30,39277.39,39102.89,39417.88,39094.3,0
2024-11-07,39381.41,39745.23,39884.01,39020.22,0
2024-11-14,38535.7,38911.04,39084.44,38535.7,0
2024-11-21,38026.17,38352.87,38374.69,37945.21,0
2024-11-28,38349.06,37935.94,38478.32,37801.62,0
2024-12-05,39395.6,39610.43,39632.3,39323.04,0
2024-12-12,39849.14,39849.97,40091.55,39827.59,0
2024-12-19,38813.58,38756.07,38756.07,38756.07,0
2024-12-26,39568.06,39129.31,39592.28,39110.92,0
