2001-01-02,557,502.5,559.6,502.5,1
2001-01-04,615.1,617.7,621.5,609,1
2001-01-11,675.1,657.2,675.4,631.9,1
2001-01-18,745.6,755.7,777.1,745.2,1
2001-01-30,827.6,833.2,859.2,816.3,1
2001-02-06,797.2,782.3,797.2,771.2,1
2001-02-13,840.8,851.4,853.5,833.2,1
2001-02-20,876.5,884.9,888,864.8,1
2001-02-27,781.2,824.1,826.5,779.6,1
2001-03-07,753.5,752.4,760.3,742.3,1
2001-03-14,720.4,716,720.6,712.7,1
2001-03-21,712.7,699.3,717.7,697.7,1
2001-03-28,705.8,733.9,735.9,704.7,1
2001-04-04,643.4,643.7,659.5,641.8,1
2001-04-12,683.2,680.8,687.8,675.1,1
2001-04-19,749,759.3,767.3,744.1,1
2001-04-26,763.4,783.9,785.5,763.1,1
2001-05-04,804.8,785.4,804.8,783.6,1
2001-05-11,817.2,815,821.9,812.5,1
2001-05-18,830.3,827,835.9,822.3,1
2001-05-25,834.3,836.5,839,830,1
2001-06-01,801.1,818.9,821.4,798.4,1
2001-06-11,795.2,798.5,798.9,793.7,1
2001-06-18,817.6,824.9,827.8,816.7,1
2001-06-25,776.8,782.9,787.6,776.8,1
2001-07-02,775.6,772,777.7,766.8,1
2001-07-09,701.2,719.3,719.5,694.3,1
2001-07-16,701.7,702.6,708.9,693,1
2001-07-24,645.3,631.4,646.8,612.8,1
2001-07-31,680.9,669.1,680.9,669.1,1
2001-08-07,714.9,710.4,720.6,708.8,1
2001-08-14,697.6,694.1,698.1,691.8,1
2001-08-22,686.6,671.6,686.6,671.1,1
2001-08-29,653.2,665.3,666.3,649.6,1
2001-09-05,617.6,617.2,623,615.1,1
2001-09-12,546.4,548.3,551.8,546.1,1
2001-09-19,504.6,495.1,514.9,492.6,1
2001-09-26,489.1,491.1,494.2,484.4,1
2001-10-08,535.5,530.2,546.9,522.8,1
2001-10-15,595.7,591.9,598.4,588,1
2001-10-22,633.6,628.3,633.7,626.8,1
2001-10-29,640.6,641.2,649.1,639.2,1
2001-11-05,653.6,647.3,653.7,644,1
2001-11-12,683.9,677,684.2,670.9,1
2001-11-19,691.5,686,695.1,686,1
2001-11-26,722.8,716.2,727.6,716.2,1
2001-12-03,710.3,704.3,711.9,701.3,1
2001-12-10,727,729.8,736.7,720.6,1
2001-12-17,715.1,740.4,741,714,1
2001-12-24,684.3,688.3,694.1,681.9,1
2002-01-03,744.9,748.7,749.7,738.3,1
2002-01-10,763.3,760.9,765.5,755.5,1
2002-01-17,722.9,720.3,722.9,709.6,1
2002-01-24,750.1,756,760.4,748.4,1
2002-01-31,773.6,774.8,781,767.3,1
2002-02-07,724.5,740.8,746.5,723.9,1
2002-02-19,758.5,765.7,767.6,757.3,1
2002-02-26,770,779.4,782.5,767.8,1
2002-03-06,841.4,841,843.4,832.2,1
2002-03-13,869.6,865.5,873.4,861.6,1
2002-03-20,916.6,933.7,940.4,916.6,1
2002-03-27,931,933.4,934.9,926.1,1
2002-04-03,878.7,877.4,891.1,869.3,1
2002-04-11,846.1,842.4,848.6,833.6,1
2002-04-18,876.8,876.9,880,872.9,1
2002-04-25,757.3,783.8,787.4,757.1,1
2002-05-03,764.8,759.9,768.6,754.7,1
2002-05-10,769.9,774.2,777.6,765.5,1
2002-05-17,794.7,785.2,794.7,785,1
2002-05-24,755.7,758,761.9,749,1
2002-05-31,697.8,706.8,713.9,696.6,1
2002-06-10,712.5,703.1,712.5,703.1,1
2002-06-18,701.8,715.2,716.3,701.5,1
2002-06-25,618.8,642.6,647.3,618.8,1
2002-07-03,621.5,607.6,623.6,601.3,1
2002-07-10,674.5,664.3,679,663.1,1
2002-07-18,644.7,646.1,652.5,643.5,1
2002-07-25,602.3,625,626,601.7,1
2002-08-01,584.2,587.1,593.2,580.2,1
2002-08-08,564.7,558.4,565.5,554.4,1
2002-08-16,582,590.7,593.2,582,1
2002-08-23,598.5,604,606,595.7,1
2002-08-30,591.1,585,591.8,585,1
2002-09-06,562.2,574.4,576.5,562.1,1
2002-09-13,542.8,544.9,545.9,541.5,1
2002-09-23,518.3,532.1,532.5,517.8,1
2002-09-30,467.1,470.4,471.2,463,1
2002-10-08,470.8,464.7,472.4,461.2,1
2002-10-15,473.7,462.9,478.7,461,1
2002-10-22,476.4,495,495.5,471.8,1
2002-10-29,492,490.2,497.5,489.9,1
2002-11-05,480.1,484.2,484.7,477.6,1
2002-11-12,471.6,467.1,471.9,465.9,1
2002-11-19,478.9,476.8,480.5,476.3,1
2002-11-26,493.2,494.7,495.4,490.1,1
2002-12-03,537.8,531.3,538.6,528.8,1
2002-12-10,525.7,521.7,528,519.8,1
2002-12-17,527.2,532,532.8,526.4,1
2002-12-26,473.2,474.6,480.1,470.1,1
2003-01-06,487.3,487.7,488.1,479.1,1
2003-01-13,485.5,470.1,485.5,468,1
2003-01-20,473.3,469.5,475.5,469.5,1
2003-01-27,434,429.1,435.9,429.1,1
2003-02-04,443.2,444.5,445.9,441.2,1
2003-02-11,421.5,427.1,429.9,411.4,1
2003-02-18,439.2,443.6,443.7,435.4,1
2003-02-25,424.3,433.4,433.4,424.3,1
2003-03-04,409.8,418,418,409.1,1
2003-03-11,354.3,353.2,356.4,351.9,1
2003-03-18,365,363.5,366.4,358,1
2003-03-25,379.7,378.4,386.5,378.3,1
2003-04-01,382.5,372.7,382.5,372.3,1
2003-04-08,411.9,406.5,414.5,405.2,1
2003-04-15,429.6,428,429.6,424.6,1
2003-04-22,444.4,452.4,452.7,444.4,1
2003-04-29,430.5,417.4,431.9,417.4,1
2003-05-09,437.7,434,437.7,431.7,1
2003-05-16,439.8,441.1,444.8,438.1,1
2003-05-23,456.3,452.5,456.8,449.7,1
2003-05-30,471.8,471.9,474.5,468.2,1
2003-06-09,481.9,473.9,481.9,473.7,1
2003-06-16,500.2,496.1,500.7,494.4,1
2003-06-23,493.6,509.1,509.6,493.6,1
2003-06-30,497.5,496.8,499.6,492.5,1
2003-07-07,532.1,524,532.1,522.5,1
2003-07-14,531.2,529.3,534.1,527.6,1
2003-07-22,490.2,492.2,495.1,479.5,1
2003-07-29,501.2,505.1,505.3,499.3,1
2003-08-05,487.2,488.1,491.9,486.1,1
2003-08-12,483.1,485.5,486.7,483.1,1
2003-08-20,487.8,493.1,493.9,487.8,1
2003-08-27,488.3,490.3,491.7,487,1
2003-09-03,505.6,514,514.4,505.6,1
2003-09-15,492.3,491.9,495.4,491.3,1
2003-09-22,460.3,480.6,481.6,457.6,1
2003-09-29,448.5,451.6,453.7,445,1
2003-10-07,464.1,468,469.3,462.5,1
2003-10-14,479.5,481,482.2,476.8,1
2003-10-21,478,479.9,481.7,475.6,1
2003-10-28,468.5,463.8,468.5,463.6,1
2003-11-04,462.3,470.5,470.7,460.6,1
2003-11-11,454.5,455.6,457.9,453.5,1
2003-11-18,475.1,470.1,475.2,467.1,1
2003-11-25,448.2,445.2,448.2,444.3,1
2003-12-02,470.8,474.1,474.7,470.1,1
2003-12-09,468.8,473.6,473.9,468.2,1
2003-12-16,467,471,471.5,466.5,1
2003-12-23,435.5,444.1,445.3,435.5,1
2004-01-02,451.4,452.7,452.8,449.7,1
2004-01-09,453,448.6,454.3,447.9,1
2004-01-16,445.4,450.5,451.1,445,1
2004-01-28,441.46,444.24,448.02,441.46,1
2004-02-04,437.45,437.92,440.75,437,1
2004-02-11,440.1,441.73,442.33,439.03,1
2004-02-18,448.02,447.54,448.21,445.77,1
2004-02-25,428.93,432.75,435.75,428.93,1
2004-03-04,437.64,437.07,437.75,436.09,1
2004-03-11,435.25,429.91,435.26,429.91,1
2004-03-18,435.41,435.58,438.39,434.2,1
2004-03-25,421.95,427.88,429.96,421.95,1
2004-04-01,439,435.71,439.15,435.6,1
2004-04-09,457.92,460.88,461.42,457.17,1
2004-04-19,457.86,455.19,458.54,454.14,1
2004-04-26,491.53,496.1,496.35,490.61,1
2004-05-03,452.87,450.46,456.69,450.46,1
2004-05-11,401.47,399.67,410.09,394.64,1
2004-05-18,382.11,368.67,382.11,365.93,1
2004-05-25,393.42,398.11,398.35,390.57,1
2004-06-02,407.83,406.55,408.82,404.11,1
2004-06-09,400.63,405.13,406.17,399.59,1
2004-06-16,376.71,379.51,383.57,375.58,1
2004-06-23,361.17,366.46,368.08,361.16,1
2004-06-30,385.18,379.58,385.18,378.61,1
2004-07-07,372.65,368.06,372.97,366.19,1
2004-07-14,361.62,367.66,369.55,361.5,1
2004-07-21,358.94,359.54,360.32,358.87,1
2004-07-28,340.1,345.12,345.88,340.1,1
2004-08-04,324.71,321.24,324.96,320.54,1
2004-08-11,337.74,341.75,342.34,337.38,1
2004-08-18,346.54,346.05,347.93,345.53,1
2004-08-25,356.32,355.64,356.93,354.74,1
2004-09-01,365.74,357.34,366.1,357.34,1
2004-09-08,365.19,368.73,370.02,365.08,1
2004-09-15,372.26,372.9,374.28,372.16,1
2004-09-22,364.01,373.78,374.47,364.01,1
2004-10-04,371.66,369.69,371.78,369.5,1
2004-10-11,373.94,369.64,373.98,369.39,1
2004-10-18,368.36,369.84,371.66,368.36,1
2004-10-25,353.49,355.73,355.98,351.83,1
2004-11-01,359.51,357.23,360.02,357.23,1
2004-11-08,360.18,364.3,364.82,360.18,1
2004-11-15,372.91,371.42,373.43,370.96,1
2004-11-22,369.56,369.5,371.16,368.29,1
2004-11-29,370.26,370.47,371.2,369.03,1
2004-12-06,378.28,379.08,380.13,378.28,1
2004-12-13,372.13,372.71,373.57,371.55,1
2004-12-20,382.71,381.12,384.26,381.12,1
2004-12-27,374.46,375.27,376.88,374.29,1
2005-01-04,393,391.75,394.08,390.94,1
2005-01-11,416.56,421.69,422.24,412.88,1
2005-01-18,449.02,452.01,452.28,444.57,1
2005-01-25,467.29,476.94,477.34,463.9,1
2005-02-01,472.74,477.46,478.28,470.77,1
2005-02-11,486.88,480.37,487.41,479.87,1
2005-02-18,510.66,510.98,515.85,509.32,1
2005-02-25,494.87,502.07,504.95,492.34,1
2005-03-07,495.32,506.8,507.5,490.88,1
2005-03-14,493.99,492.44,495.44,492.05,1
2005-03-21,463.42,466.15,467.47,462.17,1
2005-03-28,459.81,460.43,464.38,458.47,1
2005-04-04,461.88,463.41,464.87,461.66,1
2005-04-12,460.87,462.86,464.85,460.82,1
2005-04-19,437.73,432.83,437.85,432.83,1
2005-04-26,441.99,447.1,447.34,441.94,1
2005-05-03,423.3,427.91,430.17,423.29,1
2005-05-11,425.59,428.71,429.12,425.37,1
2005-05-18,436.55,437.91,438.84,435.54,1
2005-05-25,453.17,454.15,458.34,451.55,1
2005-06-01,468.81,470.33,473.58,468.29,1
2005-06-09,488.1,486.06,493.93,486.06,1
2005-06-16,490.22,489.41,492.1,488.17,1
2005-06-23,494.92,491.27,495.7,491.27,1
2005-06-30,503.21,499.12,503.21,499.12,1
2005-07-07,519.85,514.84,521.22,514.65,1
2005-07-14,524.37,524.31,525.85,523.61,1
2005-07-21,520.61,525.07,528.93,517.73,1
2005-07-28,547.67,545.07,549.08,543.96,1
2005-08-04,524.63,535.33,536.09,519.52,1
2005-08-11,524.74,521.62,524.89,518.69,1
2005-08-19,509.21,503.64,510.05,501.27,1
2005-08-26,512.17,517.97,521.44,511.22,1
2005-09-02,517.08,513.86,517.23,513.86,1
2005-09-09,532.06,530.96,532.11,527.77,1
2005-09-16,536.6,528.37,536.71,528.37,1
2005-09-26,550.4,547.75,550.59,547.75,1
2005-10-04,588.21,576.68,588.24,576.68,1
2005-10-11,609.58,605.96,609.6,603.43,1
2005-10-18,591.77,590.02,594.01,589.88,1
2005-10-25,593.79,601.19,602.98,591.98,1
2005-11-01,594.82,589.78,596.12,589.78,1
2005-11-08,623.75,625.36,625.68,622.12,1
2005-11-15,643.85,644.85,645.47,637.12,1
2005-11-22,667.71,670.08,671.36,660.32,1
2005-11-29,697.05,702.5,707.23,691.64,1
2005-12-06,747.96,750.71,752.82,740.71,1
2005-12-13,738.99,737.92,739.47,730.29,1
2005-12-20,718.74,720.39,728.23,718.35,1
2005-12-27,688.23,699.84,700.62,688.22,1
2006-01-04,740.48,742.84,749.76,740.48,1
2006-01-11,744.17,747.08,747.66,734.21,1
2006-01-18,708.08,736.19,736.33,679.73,1
2006-01-25,641.97,624.09,654.78,624.09,1
2006-02-02,664.44,674.88,676.95,649.64,1
2006-02-09,649.75,654.94,655.96,644.19,1
2006-02-16,645.05,642.27,645.1,636.23,1
2006-02-23,668.46,667.31,669.61,667.14,1
2006-03-03,665.05,679.07,681.12,662.82,1
2006-03-10,668.66,665.1,669.63,661.82,1
2006-03-17,652.89,654.22,655.63,649.44,1
2006-03-24,644.57,643.79,648.71,635.2,1
2006-03-31,665.21,655.01,665.78,655.01,1
2006-04-07,694.35,695.76,696.46,691.2,1
2006-04-14,704.57,701.12,704.79,700.73,1
2006-04-21,701.49,699.23,703.95,699.23,1
2006-04-28,685.44,693.57,693.79,682.47,1
2006-05-09,686.12,692.99,694.18,684.48,1
2006-05-16,662.14,679.28,681.21,660.07,1
2006-05-23,640.34,640.84,641.12,631.64,1
2006-05-30,630.5,641.33,641.75,627.38,1
2006-06-08,559.41,557.11,567.02,551.03,1
2006-06-15,575.68,586.13,588.57,575.05,1
2006-06-22,564.23,575.82,577.4,564.01,1
2006-06-29,576.92,569.02,577.63,569.02,1
2006-07-06,570.07,575.59,578.5,568.99,1
2006-07-13,571.11,573.81,577.15,569.19,1
2006-07-21,551.63,547.72,551.98,547.15,1
2006-07-28,556.69,554.68,559.02,554.45,1
2006-08-04,549.75,548.89,550.68,547.42,1
2006-08-11,553.17,559.53,559.75,553.13,1
2006-08-21,550.87,555.11,555.8,550.24,1
2006-08-28,556.28,558.46,559.12,556.12,1
2006-09-04,586.77,582.78,587.39,582.69,1
2006-09-11,591.96,601.83,602.27,591.95,1
2006-09-18,613.39,609.98,613.55,609.31,1
2006-09-25,597.29,599.57,601.24,596.59,1
2006-10-02,596.99,600.92,601.62,596.94,1
2006-10-12,568.25,558.17,568.37,558.17,1
2006-10-19,577.43,580.39,582,577.42,1
2006-10-26,587.27,590.44,591.4,586.15,1
2006-11-02,595.4,593.19,596.66,592.46,1
2006-11-09,602.8,599.48,602.81,598.97,1
2006-11-16,609.64,609.26,610.69,609.06,1
2006-11-23,618.08,617.45,618.76,616,1
2006-11-30,622.17,621.2,622.25,620.17,1
2006-12-07,614.43,615.38,617.37,613.38,1
2006-12-14,605.89,599.86,606.03,599.35,1
2006-12-21,608.69,615.73,615.78,608.55,1
2007-01-02,608.72,610.03,610.14,608.23,1
2007-01-09,601.95,600.46,602.51,598.22,1
2007-01-16,605.5,610.33,610.57,604.47,1
2007-01-23,571.04,573.49,577.48,569.99,1
2007-01-30,581.04,583.16,584.34,578.06,1
2007-02-06,596.22,596.37,597.34,594.62,1
2007-02-13,596.71,600.09,602.45,596.35,1
2007-02-21,608.16,608.77,609.09,606.04,1
2007-02-28,600.93,586.41,600.95,581.84,1
2007-03-08,611.69,608.03,613.03,608.03,1
2007-03-15,624.7,620.16,625.41,620.16,1
2007-03-22,645.77,649.57,650.14,645.77,1
2007-03-29,645.37,637.56,645.42,637.56,1
2007-04-05,663.98,664,664.4,662.03,1
2007-04-12,681.19,676.38,682.16,676.22,1
2007-04-19,682.85,692.03,692.65,680.67,1
2007-04-26,681.93,688.36,690.4,681.93,1
2007-05-04,693.44,690.93,693.47,689.71,1
2007-05-11,707.97,699.82,707.97,696.64,1
2007-05-18,711.08,713.04,713.2,705.69,1
2007-05-28,729.16,726.67,729.44,725.92,1
2007-06-04,745.49,751.65,752.74,738.94,1
2007-06-12,763.05,763.79,764.75,757.21,1
2007-06-19,819.97,824.18,824.18,814.76,1
2007-06-26,780.31,802.61,804.49,769.09,1
2007-07-03,796.71,794.65,797.44,793.21,1
2007-07-10,814.85,820.44,820.7,809.78,1
2007-07-18,818.92,826.06,826.79,818.91,1
2007-07-25,819.6,808.65,820.6,806.59,1
2007-08-01,789.46,807.66,809.71,788.18,1
2007-08-08,807.96,807.17,808.85,802.24,1
2007-08-16,689.07,733.78,733.78,688.28,1
2007-08-23,756.27,757.21,761.02,755.8,1
2007-08-30,765.6,773.96,775.12,765.58,1
2007-09-06,776.9,769.78,776.9,767.12,1
2007-09-13,767.39,758.89,767.42,755.72,1
2007-09-20,781.96,787.52,788.24,781.88,1
2007-10-02,810.32,813.94,816.88,810.2,1
2007-10-10,818.26,822.81,823.41,815.1,1
2007-10-17,780.22,789.49,791.56,764.99,1
2007-10-24,781.79,799.09,801.84,779.2,1
2007-10-31,810.07,810.18,811.62,804.94,1
2007-11-07,794.08,808.78,809.29,794.08,1
2007-11-14,764.15,773.31,774.65,763.3,1
2007-11-21,727.33,744.04,749.43,727.29,1
2007-11-28,723.54,735.91,737.46,723.46,1
2007-12-05,749.95,746.93,752.53,745.85,1
2007-12-12,729.52,722.92,730.16,718.18,1
2007-12-20,700.69,713.73,715.98,700.56,1
2007-12-28,704.23,697.14,704.92,697.14,1
2008-01-08,709.31,715.59,716.67,709.3,1
2008-01-15,673.25,694.42,696.11,665.96,1
2008-01-22,614.8,636.2,636.84,597.62,1
2008-01-29,632.67,644.36,646.05,629.2,1
2008-02-05,642.35,637.36,642.35,635.11,1
2008-02-15,651.57,646.29,652.64,643.89,1
2008-02-22,653.12,650.93,653.52,647.9,1
2008-02-29,655.94,657.44,658.96,654.95,1
2008-03-07,643.75,644.35,646.95,641.04,1
2008-03-14,617.71,628.18,630.03,610.21,1
2008-03-21,615.93,616.31,618.42,614.61,1
2008-03-28,636.67,629.36,636.73,629.36,1
2008-04-04,648.49,652.27,652.41,646.59,1
2008-04-14,641.03,644.78,645.69,641.03,1
2008-04-21,650.06,651.69,652.54,650.06,1
2008-04-28,647.6,658.11,659.08,647.56,1
2008-05-07,645.62,653.92,655.35,644.44,1
2008-05-15,653.54,654.26,654.49,652.48,1
2008-05-22,647.15,642.79,647.23,640.48,1
2008-05-29,646.8,644.21,646.8,643.97,1
2008-06-05,644.09,648.15,648.39,643.03,1
2008-06-13,622.15,628.8,630.1,619.12,1
2008-06-20,609.16,615,616.04,608.66,1
2008-06-27,594.63,590.58,595.45,589.08,1
2008-07-04,538.3,547.96,551.7,538.3,1
2008-07-11,542.96,535.24,543.54,532.66,1
2008-07-18,522.53,532.38,533.54,521.46,1
2008-07-25,543.26,540.91,543.53,539.9,1
2008-08-01,535.76,537.3,539.56,533.65,1
2008-08-08,525.54,523.7,526.02,522.39,1
2008-08-18,517.04,524.09,524.46,516.77,1
2008-08-25,484.37,486.56,488.95,484.37,1
2008-09-01,439.21,466.65,466.65,437.92,1
2008-09-08,459.42,449.48,459.42,449.48,1
2008-09-16,429.29,435.13,437.71,425.98,1
2008-09-23,445.72,439.98,445.92,439.68,1
2008-09-30,440.77,422.56,440.77,417.05,1
2008-10-08,371.47,391.15,392.76,370.57,1
2008-10-15,390.28,391.51,395.3,389.03,1
2008-10-22,335.53,349.23,351.04,327.35,1
2008-10-29,265.59,287.13,294.58,253.74,1
2008-11-05,340.85,348.18,358.86,334.05,1
2008-11-12,323.24,319.68,326.96,318.51,1
2008-11-19,297.41,309.94,310.32,292.63,1
2008-11-26,295.51,290.9,296.17,290.9,1
2008-12-03,301.44,305.75,307.41,301,1
2008-12-10,324.15,320.04,324.81,319.17,1
2008-12-17,338.83,346.68,347.68,335.13,1
2008-12-24,333.73,338.34,338.66,330.35,1
2009-01-05,342.77,344.69,345.19,342.57,1
2009-01-12,351.35,356.84,357.69,351.18,1
2009-01-19,363.13,359.71,365.17,359.71,1
2009-01-28,361.68,359.46,361.96,359.46,1
2009-02-04,378.88,377.51,379.48,376.72,1
2009-02-11,383.41,372.11,383.54,371.23,1
2009-02-18,390.07,378.23,390.66,372.46,1
2009-02-25,362.08,381.01,381.28,362.06,1
2009-03-04,359.9,349.69,360.28,348.5,1
2009-03-11,385.69,385.69,386,381.53,1
2009-03-18,398.6,400.63,401.25,398.54,1
2009-03-25,419.29,414.18,419.3,413.25,1
2009-04-01,430.97,425.56,431.03,423.16,1
2009-04-08,460.83,456.26,464.89,455.97,1
2009-04-15,502.2,503.39,513.79,486.31,1
2009-04-22,509.9,506.02,511.45,502.35,1
2009-04-29,494.47,484.1,494.47,474.66,1
2009-05-08,517.83,514.93,517.87,509.73,1
2009-05-15,543.54,546.91,546.97,539.91,1
2009-05-22,554.09,555.56,564.36,553.77,1
2009-05-29,528.8,526.53,528.8,520.05,1
2009-06-05,529.11,535,535.39,521.92,1
2009-06-12,524.26,523.72,524.62,517.75,1
2009-06-19,510.27,518.06,518.31,504.92,1
2009-06-26,503.34,508.71,509.15,502.63,1
2009-07-03,501.82,488.15,501.83,487.72,1
2009-07-10,495.27,505.38,505.62,493.8,1
2009-07-17,485.87,485.62,485.94,482.05,1
2009-07-24,500.02,503.02,503.4,498.66,1
2009-07-31,504.35,507.05,507.26,502.79,1
2009-08-07,512.7,510.66,512.84,509.77,1
2009-08-14,531.12,536.81,536.82,530.78,1
2009-08-21,512.14,520.03,520.13,509.79,1
2009-08-28,520.19,518.04,520.21,516.92,1
2009-09-04,518.82,522.45,522.53,515.56,1
2009-09-11,528.26,529.28,530.21,527.33,1
2009-09-18,531.53,529.64,531.55,527.02,1
2009-09-25,516.52,518.81,519.11,512.31,1
2009-10-05,497.83,498.97,502.42,496.91,1
2009-10-12,510.21,511.21,511.36,507.4,1
2009-10-19,508.95,509.12,509.29,504.96,1
2009-10-26,504.77,504.08,506.31,503.84,1
2009-11-02,479.25,476.05,482.7,475.96,1
2009-11-09,484.45,485.22,486.5,484.2,1
2009-11-16,475.74,482.85,483,474.11,1
2009-11-23,479.8,481.67,482.13,479.05,1
2009-11-30,464.32,459.1,464.36,459.08,1
2009-12-07,487.04,486.93,487.7,485.96,1
2009-12-14,501.85,498.79,501.85,497.75,1
2009-12-21,518.09,517.89,520.1,516.59,1
2009-12-29,505.61,506.56,507.97,503.81,1
2010-01-07,535.52,542.88,545.42,534.63,1
2010-01-14,542.33,539.45,542.34,538.49,1
2010-01-21,549.03,542.39,549.07,539.93,1
2010-01-28,517.4,520.2,521.08,508.44,1
2010-02-04,516.23,516.55,517.03,513.39,1
2010-02-11,498.01,493.79,498.33,493.79,1
2010-02-19,504.39,512.47,515.73,504.29,1
2010-02-26,507.03,507.52,508.52,502.24,1
2010-03-08,517.63,515.94,517.76,515.4,1
2010-03-15,517.75,521.32,521.52,516.24,1
2010-03-22,527.07,528.06,528.51,526.22,1
2010-03-29,518.06,519.96,523.94,517.29,1
2010-04-05,505.13,517.34,517.48,494.91,1
2010-04-12,507.67,514.63,514.71,507.67,1
2010-04-19,502.7,501.97,506.76,501.71,1
2010-04-26,517.68,519.55,519.83,517.68,1
2010-05-03,519.78,523.93,525.29,516.31,1
2010-05-11,512.22,518.99,520.18,509.81,1
2010-05-18,504.52,516.5,516.97,499.53,1
2010-05-26,463,454.56,463.5,450.3,1
2010-06-03,495.74,494.49,496.87,494.49,1
2010-06-10,491.63,490.34,491.82,488.89,1
2010-06-17,495.18,498.28,498.93,494.63,1
2010-06-24,499.14,497.28,499.32,496.28,1
2010-07-01,489.59,488.95,490.64,481.72,1
2010-07-08,488.96,492,492.21,488.96,1
2010-07-15,501.73,501.68,502.19,500.62,1
2010-07-22,484.72,496.47,497.84,482.97,1
2010-07-29,482.56,487.97,488.82,482.14,1
2010-08-05,476.47,482.88,483.53,474.71,1
2010-08-12,470.98,468.06,473.28,467.36,1
2010-08-19,480.77,480.34,481.42,480.34,1
2010-08-26,464.53,471.28,472.11,464.51,1
2010-09-02,473,474.24,474.72,472.55,1
2010-09-09,481.86,481.55,482.54,479.62,1
2010-09-16,480.62,483.23,484.07,480.61,1
2010-09-28,487.74,487.03,489.17,486.95,1
2010-10-05,493.55,493.37,495.09,492.28,1
2010-10-12,494.08,498.42,499,490.43,1
2010-10-19,514.59,519.36,519.73,514.58,1
2010-10-26,526.64,527.77,527.77,525.19,1
2010-11-02,523.93,529.81,530.13,523.21,1
2010-11-09,526.93,529.58,530.14,526.81,1
2010-11-16,503.04,506.34,506.83,499.04,1
2010-11-23,511.58,518.02,518.04,510.7,1
2010-11-30,498.39,496.2,499.23,493.54,1
2010-12-07,504.49,503.96,504.8,501.64,1
2010-12-14,515,515.42,515.82,514.44,1
2010-12-21,506.67,505.24,508.63,505.24,1
2010-12-28,494.95,497.87,498.65,494.95,1
2011-01-05,523.81,522.16,524.41,519.93,1
2011-01-12,535.43,536.52,536.84,534.94,1
2011-01-19,532.97,532.95,533.61,530.11,1
2011-01-26,524.71,524.55,526.21,524.18,1
2011-02-07,531.09,530.68,532.62,530.68,1
2011-02-14,520.35,522.37,523.17,517.57,1
2011-02-21,520.59,521.47,522.23,519.26,1
2011-02-28,504.46,510.83,510.84,503.17,1
2011-03-08,524.99,520.83,525.13,517.78,1
2011-03-15,489.44,502.86,507.81,469.2,1
2011-03-22,507.8,510.6,510.88,507.8,1
2011-03-29,514.19,514.4,515.19,513.18,1
2011-04-05,537.66,537.53,538.06,535.89,1
2011-04-12,525.11,534.55,535.02,525.1,1
2011-04-19,526.62,525.74,529.65,524.46,1
2011-04-26,521.68,530.56,530.63,520.83,1
2011-05-03,512.51,516.82,517.44,511.22,1
2011-05-12,504.46,502.16,505.77,501.48,1
2011-05-19,487.03,501.21,501.45,487.03,1
2011-05-26,479.96,475.66,480.19,475.66,1
2011-06-02,477.83,474.53,480,474.09,1
2011-06-10,466.91,477.07,477.43,466.83,1
2011-06-17,459.33,464.96,465.91,455.56,1
2011-06-24,473.66,467.14,473.72,467.14,1
2011-07-01,484.11,482.84,484.46,482.78,1
2011-07-08,496.82,498.31,498.39,496.1,1
2011-07-15,507,498.66,507.01,498.66,1
2011-07-22,531.24,528.59,531.83,527.65,1
2011-07-29,536.05,541.57,543.32,536.05,1
2011-08-05,495.55,494.3,505.82,481.7,1
2011-08-12,474.15,483.02,490.5,473.38,1
2011-08-22,465.9,479.55,483.04,460.13,1
2011-08-29,483.27,481.28,483.43,478.49,1
2011-09-05,480.43,489.13,491.98,480.32,1
2011-09-14,452.3,471.73,471.73,452.27,1
2011-09-21,477.51,473.43,479.68,472.4,1
2011-09-28,434.2,440.57,444.45,434.2,1
2011-10-06,431.18,433.92,437.71,428.93,1
2011-10-13,473.56,474.13,476.64,473.52,1
2011-10-20,469.98,491.43,493.57,469.95,1
2011-10-27,497.04,502.32,502.83,496.08,1
2011-11-03,487.91,497.81,497.84,487.9,1
2011-11-10,488.77,495.18,495.64,486.09,1
2011-11-17,506.54,500.59,506.54,495.39,1
2011-11-24,489.48,488.14,492.98,485.11,1
2011-12-01,496.33,504.26,504.39,496.3,1
2011-12-08,508.65,507.6,509.6,503.78,1
2011-12-15,497.76,505.22,507.2,497.76,1
2011-12-22,501.54,503.04,504.62,501,1
2011-12-29,500.18,495.04,500.73,494.87,1
2012-01-06,518.94,525.04,525.04,515.09,1
2012-01-13,523.13,522.44,523.69,521.51,1
2012-01-20,512.17,517.65,517.96,510.66,1
2012-01-31,513.99,512.03,514.3,511.52,1
2012-02-07,519.07,518.91,520.38,517.29,1
2012-02-14,535.36,535.38,536.33,534.55,1
2012-02-21,543.06,542.89,543.31,540.46,1
2012-02-28,540.35,541.3,541.83,539.13,1
2012-03-07,532.48,525.48,532.98,524.73,1
2012-03-14,538.86,543.15,543.22,538.86,1
2012-03-21,533.93,535.78,537.07,533.74,1
2012-03-28,519.56,523.42,524.12,519.56,1
2012-04-04,502.97,516.51,516.63,500.51,1
2012-04-12,485.71,486.41,487.18,482.74,1
2012-04-19,501.92,504.1,505.06,500.23,1
2012-04-26,476.62,488.37,489.32,475.27,1
2012-05-04,490.53,488.52,490.54,487.94,1
2012-05-11,493.66,497.5,498.59,492.41,1
2012-05-18,448.68,460.85,460.85,448.14,1
2012-05-25,462.4,459.93,463.07,459.37,1
2012-06-04,450.84,458.01,460.82,448.94,1
2012-06-12,471.97,465.63,472.18,465.56,1
2012-06-19,478.36,476.55,478.99,476.31,1
2012-06-26,484.34,482.76,485.39,482.76,1
2012-07-03,493.91,492.76,494.17,492.59,1
2012-07-10,492.34,497.23,497.8,491.23,1
2012-07-17,480.61,482.95,483.77,480.41,1
2012-07-24,468.28,470.49,472.06,464.09,1
2012-07-31,467.61,466.38,467.61,465.71,1
2012-08-07,471.6,471,472.3,470.7,1
2012-08-14,480.74,480.4,481.29,479.86,1
2012-08-22,492.89,493.09,494.08,489.67,1
2012-08-29,505.32,502.32,505.55,501.92,1
2012-09-05,505.39,509.46,509.79,504.02,1
2012-09-12,517.52,517.86,518.7,516.77,1
2012-09-19,528.06,525,528.22,524.39,1
2012-09-26,520.71,520.95,526.06,520.19,1
2012-10-05,535.82,533.97,536.09,533.24,1
2012-10-12,539.86,537.63,539.9,537.15,1
2012-10-19,518.81,514.07,518.81,504.42,1
2012-10-26,505.5,520.5,520.52,503.57,1
2012-11-02,513.37,514.06,514.83,511.58,1
2012-11-09,519.9,517.56,520.35,511.79,1
2012-11-16,482.99,494.04,496.21,480.48,1
2012-11-23,498.82,499.39,499.66,493.37,1
2012-11-30,499.37,498.99,499.5,498.05,1
2012-12-07,489.22,490.11,493.45,481.15,1
2012-12-14,491.65,489.68,493,489.68,1
2012-12-24,483.76,479.65,485.37,479.65,1
2013-01-03,499.07,504.64,504.76,498.98,1
2013-01-10,514.48,514.21,514.72,512.03,1
2013-01-17,506.35,510.4,510.67,504.92,1
2013-01-24,508.63,514.41,514.41,508.23,1
2013-01-31,503.67,503.94,505.29,502.49,1
2013-02-07,501.78,503.87,504.79,500.96,1
2013-02-15,514.58,513.49,515.02,513.18,1
2013-02-22,528.36,525.85,529.81,525.77,1
2013-03-04,537.38,538.52,539.85,537.36,1
2013-03-11,540.44,544.28,544.35,532.54,1
2013-03-18,541.09,554.67,555.68,541.09,1
2013-03-25,549.56,554.33,554.82,549.17,1
2013-04-01,553.97,557.28,557.28,553.45,1
2013-04-08,528.78,547.18,548.09,528.78,1
2013-04-15,553.99,550.09,554.31,549.64,1
2013-04-22,547.1,540.69,548.23,540.44,1
2013-04-29,568.36,567.59,568.92,564.92,1
2013-05-07,573.68,569.69,573.76,568.73,1
2013-05-14,560.47,568.04,569.39,554.34,1
2013-05-22,574.25,575.08,575.22,573.39,1
2013-05-29,585.69,588.39,588.54,585.69,1
2013-06-05,549.09,560.38,560.56,549.09,1
2013-06-13,540.82,545.2,547.38,536,1
2013-06-20,525.59,524.88,531.96,521.02,1
2013-06-27,512.25,501.06,512.25,501.01,1
2013-07-04,525.22,524.48,526.45,517.51,1
2013-07-11,527.25,520.04,527.26,520.04,1
2013-07-18,541.56,544.02,544.3,541.56,1
2013-07-25,541.94,544.75,545.49,541.94,1
2013-08-01,549.52,557.68,557.79,549.52,1
2013-08-08,555.3,556.93,558.01,555.06,1
2013-08-16,548.79,544.77,549.79,544.6,1
2013-08-23,529.19,523.55,529.38,523.55,1
2013-08-30,516.74,522.11,523.04,515.83,1
2013-09-06,523.77,529.75,530.14,523.03,1
2013-09-13,530.89,530.69,531.76,530.34,1
2013-09-25,527.27,528.95,529.56,525.51,1
2013-10-02,532.02,534.26,534.83,531.79,1
2013-10-11,532.6,534.33,534.71,532.3,1
2013-10-18,525.69,522.51,525.69,521.6,1
2013-10-25,534.02,533.43,534.28,531.8,1
2013-11-01,534.74,533.9,534.87,533.41,1
2013-11-08,515.74,517.02,521.06,515.61,1
2013-11-15,512.74,514.07,514.67,512,1
2013-11-22,504.06,503.89,504.86,502.89,1
2013-11-29,517.06,517.61,518.19,514.55,1
2013-12-06,506.32,506.24,508.12,506.2,1
2013-12-13,494.36,495.98,496.18,491.07,1
2013-12-20,488.41,484.77,488.41,483.84,1
2013-12-30,499.99,498.41,500.05,497.54,1
2014-01-07,504.86,500.42,505.02,500.42,1
2014-01-14,512.27,511.48,514.75,511.41,1
2014-01-21,520.99,521.26,521.49,519.66,1
2014-01-28,509.29,508.58,509.71,502.84,1
2014-02-06,509.87,507.52,510.65,507.52,1
2014-02-13,521.82,521.79,522.47,520.26,1
2014-02-20,525.69,530.28,530.35,525.68,1
2014-02-27,528.37,530.5,531.15,528.02,1
2014-03-06,540.33,538.29,540.4,537.98,1
2014-03-13,547.51,542.2,547.52,539.8,1
2014-03-20,541.79,541.4,542.29,539.15,1
2014-03-27,541.46,544.32,544.62,540.01,1
2014-04-03,557.01,560.2,560.85,556.69,1
2014-04-10,555.1,556.24,556.45,554.5,1
2014-04-17,565.75,568.8,569.03,565.75,1
2014-04-24,561.12,567.73,567.93,555.07,1
2014-05-02,558.66,561.68,562.06,558.08,1
2014-05-13,557.16,554.45,557.44,554.41,1
2014-05-20,542.96,548.09,548.73,538.65,1
2014-05-27,547.97,550.66,550.78,543.15,1
2014-06-03,531.28,535.19,535.43,526.65,1
2014-06-12,536.14,534.39,536.64,533.85,1
2014-06-19,536.79,539.14,539.92,535.47,1
2014-06-26,530.04,529.64,531.57,529.64,1
2014-07-03,550.68,549.21,551.01,548.93,1
2014-07-10,559.32,558.52,559.66,557.65,1
2014-07-17,558.94,557.62,559.16,557.57,1
2014-07-24,559.67,565.25,565.3,559.64,1
2014-07-31,536.32,541.99,542.08,528.15,1
2014-08-07,547.11,550.42,551.96,546.45,1
2014-08-14,558.18,554.12,558.27,553.96,1
2014-08-22,566.35,565.04,566.69,565,1
2014-08-29,570.2,570.52,571.44,568.46,1
2014-09-05,572.37,569.99,572.61,568.5,1
2014-09-16,572.36,567.06,572.38,567.06,1
2014-09-23,575.56,577.67,578.75,571.61,1
2014-09-30,573.22,571.63,573.54,567.3,1
2014-10-08,566.74,560.4,567.19,560.4,1
2014-10-16,545.49,542.08,546.95,534.54,1
2014-10-23,564.31,565.69,568.63,561.3,1
2014-10-30,557.86,561.97,562.36,553.64,1
2014-11-06,531.81,541.57,542.7,530.42,1
2014-11-13,547.7,547.95,548.55,547.07,1
2014-11-20,539.93,541.99,542.81,539.14,1
2014-11-27,545.97,548.46,549.32,545.46,1
2014-12-04,548.16,548.18,549.46,547.2,1
2014-12-11,537.21,540.3,542.6,536.32,1
2014-12-18,527.52,536.4,536.63,520.93,1
2014-12-26,535.17,538.77,539.24,535.17,1
2015-01-06,558.9,557.31,562.1,556.39,1
2015-01-13,571,576.05,577.85,570.3,1
2015-01-20,582.27,580.14,582.28,576.2,1
2015-01-27,587.84,593.19,593.23,587.7,1
2015-02-03,593.31,592.35,593.56,587.34,1
2015-02-10,592.95,593.91,595.14,585.35,1
2015-02-17,609.1,611.92,611.92,606.46,1
2015-02-27,624.56,620.65,625.2,620.06,1
2015-03-06,635.84,634.52,635.87,632.5,1
2015-03-13,634.25,631.74,634.97,631.5,1
2015-03-20,640.08,633.69,640.09,632.57,1
2015-03-27,640.12,645.93,646.43,637.71,1
2015-04-03,658.04,653.46,658.05,652.59,1
2015-04-10,682.02,684.24,685.66,682.02,1
2015-04-17,706.9,703.45,708.23,700.18,1
2015-04-24,690.74,695.12,697.16,681.04,1
2015-05-04,677.9,690.77,690.84,676.42,1
2015-05-12,686.74,694.8,697.99,685.89,1
2015-05-19,706.79,707.26,707.35,704.62,1
2015-05-27,699.19,705.7,705.7,696.08,1
2015-06-03,696.97,703.5,710.97,693.27,1
2015-06-10,718.23,726.63,727.34,713.07,1
2015-06-17,718.61,710.54,718.63,705.62,1
2015-06-24,746.62,743.17,747.08,740.65,1
2015-07-01,760.67,747.48,760.76,747.48,1
2015-07-08,726.22,735.46,738.23,714.86,1
2015-07-15,761.59,761.73,762.8,757.71,1
2015-07-22,776.57,780.39,784.58,776.28,1
2015-07-29,730.47,751.92,755.23,730.47,1
2015-08-05,741.26,733,741.54,732.3,1
2015-08-12,717.2,730.24,731.72,692.54,1
2015-08-20,656.71,664.84,678.89,656.71,1
2015-08-27,673.71,677.89,683.46,670.24,1
2015-09-03,678.25,687.6,688.56,677.34,1
2015-09-10,668.29,655.13,668.48,653.26,1
2015-09-17,671.05,681.66,681.66,670.62,1
2015-09-24,683.88,686.1,687.23,682.62,1
2015-10-05,691.19,693.54,694.49,691.19,1
2015-10-13,672.82,674.39,676.74,669.52,1
2015-10-20,691.21,685.75,691.21,684.61,1
2015-10-27,688.32,691.8,693,687.68,1
2015-11-03,682.13,684.28,685.31,678.45,1
2015-11-10,656.7,667.14,667.25,650.56,1
2015-11-17,672.17,666.9,672.4,666.81,1
2015-11-24,687.86,688.94,689.57,686.69,1
2015-12-01,691.95,690.49,692.11,687.97,1
2015-12-08,668.42,682.73,683.62,666.31,1
2015-12-15,639.78,634.4,640.24,633.32,1
2015-12-22,663.42,671.39,671.39,661.52,1
2015-12-30,682.35,677.08,683.34,674.87,1
2016-01-08,682.56,668.03,682.56,662.28,1
2016-01-15,678.43,693.07,693.55,676.53,1
2016-01-22,670.95,672.13,673.72,662.81,1
2016-01-29,682.8,683.76,683.76,677.07,1
2016-02-05,681.31,683.43,684.43,680.2,1
2016-02-17,623.49,637.25,638.97,623.13,1
2016-02-24,643.98,640.75,647.39,639.54,1
2016-03-03,669.01,664.94,669.1,660.79,1
2016-03-10,687.6,682.3,687.6,682.3,1
2016-03-17,691.49,698.77,699.76,691.32,1
2016-03-24,686.26,689.87,691.03,686.11,1
2016-03-31,688.38,693.02,693.13,687.09,1
2016-04-07,697.13,696.91,697.73,695.48,1
2016-04-15,695.62,696.37,697,693.8,1
2016-04-22,703.05,702.9,703.89,700.98,1
2016-04-29,699.77,699.89,700.14,695.82,1
2016-05-10,700.23,693.47,700.53,693.44,1
2016-05-17,695.95,703.08,703.24,693.07,1
2016-05-24,687.71,691.92,692.05,686.87,1
2016-05-31,698.45,692.82,698.45,691.93,1
2016-06-08,703.99,705.69,705.69,702.39,1
2016-06-15,694.66,693.24,696.79,687.68,1
2016-06-22,688.18,689.27,690.63,688.18,1
2016-06-29,669.88,666.73,672.11,664.69,1
2016-07-06,685.51,691.42,692.88,680.32,1
2016-07-13,702.65,703.53,704.69,702.04,1
2016-07-20,705.03,704.02,705.35,703.2,1
2016-07-27,701.09,707.27,708.1,700.94,1
2016-08-03,698.32,700.4,700.43,694.88,1
2016-08-10,707.46,703.74,707.94,702.39,1
2016-08-18,696.93,696.94,697.65,695.13,1
2016-08-25,683.96,688.8,688.99,683.83,1
2016-09-01,671.29,664.33,671.37,663.86,1
2016-09-08,667.4,673.6,675.15,660.84,1
2016-09-20,674.51,667.16,674.71,666.77,1
2016-09-27,687.99,685.15,688.11,683.29,1
2016-10-05,685.44,686.03,687.33,684.37,1
2016-10-12,669.95,668.09,672.12,667.91,1
2016-10-19,661.26,662.46,664.23,660.63,1
2016-10-26,635.51,638.07,639,626.66,1
2016-11-02,606.06,624.46,624.58,606.04,1
2016-11-09,599.74,626.53,627.02,581.64,1
2016-11-16,627.83,620.81,627.83,620.81,1
2016-11-23,600.29,612.36,612.41,599.89,1
2016-11-30,596.11,597.38,597.49,594.13,1
2016-12-07,578.52,584.12,584.88,573.54,1
2016-12-14,612.47,614.59,615.71,611.48,1
2016-12-21,618.63,620.34,621.05,616.22,1
2016-12-28,627.27,622.26,627.33,621.07,1
2017-01-05,642.48,642.01,642.64,640.87,1
2017-01-12,632.87,639.04,639.13,632.21,1
2017-01-19,626.19,629.63,630.26,626.19,1
2017-01-26,616.81,611.43,616.81,610.05,1
2017-02-06,610.96,610.79,611.44,607.77,1
2017-02-13,611.94,611.59,611.94,609.36,1
2017-02-20,619.97,620.18,620.46,618.98,1
2017-02-27,612.12,615.77,615.83,612.12,1
2017-03-07,606.05,603.57,606.1,602.95,1
2017-03-14,614.12,617.07,617.21,613.93,1
2017-03-21,609.73,610.7,612.13,608.66,1
2017-03-28,612.28,608.75,612.28,607.98,1
2017-04-04,625.49,629.23,629.78,625.2,1
2017-04-11,621.64,620.25,625.18,614.21,1
2017-04-18,634.73,632.4,634.82,630.27,1
2017-04-25,632.57,629.21,632.57,629.21,1
2017-05-04,635.11,628.1,635.11,628.1,1
2017-05-15,645.38,644.59,646.31,642.79,1
2017-05-22,642.62,645.04,645.16,641.6,1
2017-05-29,642.98,648.15,648.22,642.75,1
2017-06-05,662.32,660.77,662.37,659.76,1
2017-06-13,669.23,666.07,669.26,666.07,1
2017-06-20,669.41,678.72,678.82,669.41,1
2017-06-27,672.63,671.7,673.13,670.87,1
2017-07-04,656.19,662.17,663.85,654.06,1
2017-07-11,656.01,659.27,659.91,654.5,1
2017-07-18,664.02,661.16,664.04,661.16,1
2017-07-25,670.47,678.7,679.48,670.1,1
2017-08-01,653.12,650.89,655.07,649.7,1
2017-08-08,651.67,650.78,651.91,645.73,1
2017-08-16,634.91,634.44,635.97,634.1,1
2017-08-23,643.71,647.79,647.79,643.65,1
2017-08-30,655,656.9,657.43,654.49,1
2017-09-06,652.59,649.23,653.44,649.23,1
2017-09-13,659.09,662.94,662.94,658.54,1
2017-09-20,668.05,676.6,677.29,668.05,1
2017-09-27,649.24,645.02,650.71,644.56,1
2017-10-12,666.54,665.12,666.74,663.37,1
2017-10-19,667.1,671.22,671.39,664.19,1
2017-10-26,680.61,689.94,690.53,680.61,1
2017-11-02,694.96,698.14,698.91,691.52,1
2017-11-09,709.94,710.71,711.78,705.28,1
2017-11-16,780.22,775.46,780.22,759.7,1
2017-11-23,796.8,778.84,796.81,773.32,1
2017-11-30,771.42,779.84,782.42,769.79,1
2017-12-07,753.46,771.47,773.28,744.34,1
2017-12-14,770.35,777.25,777.44,764.74,1
2017-12-21,740.32,754.54,759.13,740.31,1
2018-01-02,812.45,803.63,813.4,800.54,1
2018-01-09,829.99,841.39,843.56,827.29,1
2018-01-16,901.23,889.23,901.23,884.76,1
2018-01-23,894.43,881.68,894.43,877.68,1
2018-01-30,920.96,928.72,932.01,918.79,1
2018-02-06,858.17,821.24,858.74,814.46,1
2018-02-13,829.39,852.94,854.08,829.39,1
2018-02-22,870.22,871.72,873.48,863.89,1
2018-03-02,860.23,846.4,861.08,845.72,1
2018-03-09,865.8,857.8,868.51,857.47,1
2018-03-16,894.43,893.24,894.45,889.4,1
2018-03-23,829.68,851.7,859.93,829.67,1
2018-03-30,871.09,869.86,873.04,867.11,1
2018-04-06,867.96,867.43,869.81,863.92,1
2018-04-13,891.87,884.12,892.75,877.74,1
2018-04-20,889.17,885.59,892.01,880.68,1
2018-04-27,886.49,886.37,886.62,880.03,1
2018-05-08,827.22,860.56,863.56,827.2,1
2018-05-15,862.94,865.53,867.13,858.55,1
2018-05-23,869.16,875.12,875.36,867.28,1
2018-05-30,874.22,876.42,876.71,861.84,1
2018-06-07,887.91,881.47,887.95,880.01,1
2018-06-15,866.22,866.77,869.77,863.42,1
2018-06-22,830.27,826.01,830.68,815.43,1
2018-06-29,818.22,817.2,819.05,802,1
2018-07-06,808.89,795.23,809.96,785.22,1
2018-07-13,827.89,820.59,827.89,820.43,1
2018-07-20,791.61,796.27,801.02,785.39,1
2018-07-27,773.98,766.03,773.98,763.44,1
2018-08-03,788.81,786.1,788.82,784.33,1
2018-08-10,784.81,789.71,792.44,781.34,1
2018-08-20,769.78,775.81,778.26,769.21,1
2018-08-27,801.04,799.29,801.58,796.11,1
2018-09-03,816.84,817.93,820.35,812.85,1
2018-09-10,816.16,819.7,820.13,814.87,1
2018-09-17,828.88,837.93,837.97,826.16,1
2018-09-27,833.01,828.09,834.29,827.88,1
2018-10-05,773.7,784.94,791.32,769.29,1
2018-10-15,718.87,732.98,733.9,717.72,1
2018-10-22,744.15,736.74,744.15,733.11,1
2018-10-29,629.7,663.95,674.77,629.7,1
2018-11-05,691.94,686.76,693.29,680.11,1
2018-11-12,670.82,677.96,682.52,670.13,1
2018-11-19,702.13,693.25,702.26,692.2,1
2018-11-26,695.36,685.1,697.57,685.06,1
2018-12-03,709.46,704.38,709.65,702.65,1
2018-12-10,670.39,675.53,680.19,667.25,1
2018-12-17,661.9,665.48,665.77,652.84,1
2018-12-24,669.79,671.78,673.48,668.46,1
2019-01-03,657.02,671.98,673.61,656.85,1
2019-01-10,683.34,680.61,685.65,678.23,1
2019-01-17,686.35,694.94,696.21,686.27,1
2019-01-24,704.41,696.97,704.78,696.8,1
2019-01-31,716.86,719.93,721.58,714.31,1
2019-02-12,730.58,734.87,735.14,729.52,1
2019-02-19,748.05,746.5,748.69,741.2,1
2019-02-26,747.09,752.25,753.66,746.12,1
2019-03-06,746.7,750.13,750.81,741.68,1
2019-03-13,754.89,755.3,758.9,750.49,1
2019-03-20,749.76,750.5,750.5,741.25,1
2019-03-27,728.45,739.22,739.22,728.43,1
2019-04-03,749.3,741.76,749.3,740.73,1
2019-04-10,760.15,755.73,760.15,754.05,1
2019-04-17,766.89,766.7,768.43,765.36,1
2019-04-24,757.82,765,765.02,755.93,1
2019-05-02,760.38,753.51,760.94,753.43,1
2019-05-10,722.62,726.06,729.84,712.15,1
2019-05-17,714.13,723.94,727.56,713.94,1
2019-05-24,690.03,694.02,696.75,686.72,1
2019-05-31,696.47,688.7,699.4,687.71,1
2019-06-10,721.14,721.12,721.5,717.08,1
2019-06-17,719.13,723.52,723.9,718.62,1
2019-06-24,717.69,725.04,725.05,717.22,1
2019-07-01,696,696.38,697.97,692.76,1
2019-07-08,668.72,691.97,691.97,668.72,1
2019-07-15,674.79,682.36,682.36,671.71,1
2019-07-22,674.78,674,675.48,671.44,1
2019-07-29,618.78,643.34,643.34,618.78,1
2019-08-05,569.79,614.69,615.23,569.78,1
2019-08-12,594.17,590.43,594.7,585.07,1
2019-08-20,607.01,597.15,607.87,595.62,1
2019-08-27,588.32,592.38,596.43,587.42,1
2019-09-03,620.02,619.86,623.34,619.28,1
2019-09-10,623.25,627.77,628.81,621.95,1
2019-09-19,645.71,646.83,651.45,643,1
2019-09-26,628.42,632.31,635.64,622.55,1
2019-10-04,621.84,623.08,627.15,619.53,1
2019-10-14,641.46,638.65,643.41,637.69,1
2019-10-21,649.18,646.79,649.18,645.35,1
2019-10-28,652.42,655.05,657.29,651.95,1
2019-11-04,668.45,667.2,669.66,665.63,1
2019-11-11,661.37,666.13,666.13,658.7,1
2019-11-18,669.34,670.07,671.09,666.82,1
2019-11-25,647.4,639.5,647.41,639.5,1
2019-12-02,634.5,635.58,638.35,632.22,1
2019-12-09,627.86,630.6,630.63,625.59,1
2019-12-16,644.44,644.91,646.56,643.24,1
2019-12-23,647.62,651.77,652.81,646.68,1
2020-01-02,674.02,672.53,674.3,666.62,1
2020-01-09,666.09,657.01,666.09,656.25,1
2020-01-16,686.52,679.67,686.52,679.49,1
2020-01-23,685.57,685.94,687.71,683.52,1
2020-02-03,646.85,631.82,648.34,627.65,1
2020-02-10,676.07,669.53,676.08,668.1,1
2020-02-17,692.59,690.35,692.64,686.73,1
2020-02-24,639.29,653.4,656.31,639.22,1
2020-03-02,627.66,617.88,627.71,607.32,1
2020-03-09,614.6,631.13,632.52,614.58,1
2020-03-16,504.51,538.68,541.87,504.51,1
2020-03-23,443.76,443.51,455.97,435.81,1
2020-03-30,542.11,513.13,542.12,511.47,1
2020-04-06,597.21,579.25,597.21,577.83,1
2020-04-13,596.71,609.94,611.06,596.71,1
2020-04-21,628.77,634.76,641.07,602.05,1
2020-04-28,644.93,649.46,651.39,638.69,1
2020-05-08,682.3,674.01,682.94,673.52,1
2020-05-15,691.93,695.8,696.91,686.23,1
2020-05-22,708.58,717.78,719.15,702.5,1
2020-05-29,713.68,706.16,714.51,700.84,1
2020-06-05,749.31,743.65,749.75,739.52,1
2020-06-12,746.06,722.91,747.37,722.81,1
2020-06-19,742.03,743.35,743.94,732.55,1
2020-06-26,750.58,758.62,758.62,742.57,1
2020-07-03,752.18,746.13,752.22,741.11,1
2020-07-10,772.81,773.75,775.99,766.51,1
2020-07-17,783.22,776.97,783.32,775.78,1
2020-07-24,794.8,796.08,804.61,788.72,1
2020-07-31,815.3,817.52,818.7,814.23,1
2020-08-07,857.63,858.3,859.43,849.01,1
2020-08-14,835.03,854.71,854.71,831.15,1
2020-08-24,815.74,798.2,815.74,787.93,1
2020-08-31,848.24,847.97,852.54,839.63,1
2020-09-07,878.88,872.03,879.36,864.39,1
2020-09-14,894.17,894.38,894.8,886.48,1
2020-09-21,866.99,889.94,892.34,859.4,1
2020-09-28,835.91,820.72,836.15,819.86,1
2020-10-08,871.62,875.12,875.59,867.63,1
2020-10-16,833.84,845.63,849.2,822.58,1
2020-10-23,807.98,817.7,817.7,804.75,1
2020-10-30,792.65,814.16,814.59,791.3,1
2020-11-06,836.78,849.18,849.39,832.27,1
2020-11-13,839.14,837.28,839.54,826.17,1
2020-11-20,870.18,863.07,870.78,861.29,1
2020-11-27,885.56,876.37,886.2,875.45,1
2020-12-04,913.76,909.99,914.27,908.24,1
2020-12-11,928.44,925.3,929.23,923.39,1
2020-12-18,947.24,945.81,948.59,942.46,1
2020-12-28,927,930.07,937.76,923.96,1
2021-01-06,981.39,987.25,990.88,977.37,1
2021-01-13,979.13,974.14,982.66,972.1,1
2021-01-20,977.66,959.52,978.88,959.52,1
2021-01-27,985.92,996.42,1000.75,984.37,1
2021-02-03,970.69,965.99,970.85,958.47,1
2021-02-10,964.31,958.45,964.66,951.21,1
2021-02-19,965.11,967.65,968.92,944.74,1
2021-02-26,913.94,930.54,930.54,904.18,1
2021-03-08,904.77,925.19,931.14,904.62,1
2021-03-15,926.9,926.04,929.69,921.71,1
2021-03-22,955.38,953.04,957.52,948.77,1
2021-03-29,954.1,956.88,961.73,952.22,1
2021-04-05,969.77,971.04,973.57,966.52,1
2021-04-12,1000.65,992.31,1000.78,990.32,1
2021-04-19,1029.46,1022.06,1032.64,1020.58,1
2021-04-26,1030.06,1027.40,1030.60,1025.73,1
2021-05-03,961.81,982.97,986.2,961.3,1
2021-05-11,978.61,991.41,991.41,974.1,1
2021-05-18,969.1,962.83,969.79,959.98,1
2021-05-26,966.06,962.69,967.49,962.69,1
2021-06-02,981.1,985.5,986,977.74,1
2021-06-09,978.79,986.59,989.15,978.79,1
2021-06-16,998.49,997.68,1000.43,995.35,1
2021-06-23,1016.46,1012.78,1020.85,1012.78,1
2021-06-30,1029.96,1023.74,1030.94,1023.74,1
2021-07-07,1047.36,1045.00,1050.31,1042.42,1
2021-07-14,1044.98,1043.50,1045.45,1038.68,1
2021-07-21,1042.03,1051.73,1051.95,1041.44,1
2021-07-28,1035.68,1043.19,1048.78,1030.04,1
2021-08-04,1047.93,1038.96,1047.93,1035.98,1
2021-08-11,1051.92,1050.48,1057.03,1048.70,1
2021-08-19,991.15,1013.93,1022.77,991.13,1
2021-08-26,1020.44,1020.85,1026.26,1015.91,1
2021-09-02,1047.19,1048.15,1048.20,1042.36,1
2021-09-09,1034.62,1033.97,1042.04,1027.64,1
2021-09-16,1039.43,1047.85,1048.37,1037.72,1
2021-09-28,1012.51,1034.04,1034.07,1012.51,1
2021-10-06,922.36,962.62,967.67,922.36,1
2021-10-14,983.43,960.58,983.63,960.52,1
2021-10-21,993.7,1003.48,1004.61,992.04,1
2021-10-28,1000.13,1008.93,1011.50,999.59,1
2021-11-04,1001.43,1012.62,1015.72,995.73,1
2021-11-11,992.65,981.42,994.69,979.68,1
2021-11-18,1032.77,1033.16,1034.51,1018.13,1
2021-11-25,1015.66,1023.41,1025.90,1015.62,1
2021-12-02,977.43,967.34,978.16,961.98,1
2021-12-09,1022.87,1009.29,1022.87,1009.29,1
2021-12-16,1007.86,1013.05,1016.32,1006.90,1
2021-12-23,1003.31,1004.45,1007.42,1001.48,1
2021-12-30,1033.98,1029.74,1034.87,1021.59,1
2022-01-07,995.16,986.18,997.02,986.18,1
2022-01-14,971.39,971.11,977.69,967.19,1
2022-01-21,942.85,950.67,958.38,937.48,1
2022-01-28,872.87,852.57,872.87,835.55,1
2022-02-09,910.53,904.07,910.53,900.86,1
2022-02-16,878.15,857.54,878.15,857.54,1
2022-02-23,877.33,873.32,879.98,870.25,1
2022-03-03,912.32,901.28,912.35,899.85,1
2022-03-11,891.71,888.57,894.99,887.28,1
2022-03-18,922.96,915.29,922.99,912,1
2022-03-25,934.69,936.94,937.69,933.09,1
2022-04-01,940.57,940.49,942.22,936.86,1
2022-04-08,934.73,931.98,935.68,924.73,1
2022-04-15,924.44,921.53,925.13,916.91,1
2022-04-22,922.78,922.77,924.16,916.65,1
2022-04-29,904.75,895.64,904.76,894.62,1
2022-05-09,860.84,880.34,880.78,859.73,1
2022-05-16,856.25,862.24,866.47,855.45,1
2022-05-23,883.59,883.78,884.39,878.9,1
2022-05-30,886.44,882.17,886.44,881.46,1
2022-06-08,874.95,877.77,880.73,873.61,1
2022-06-15,799.41,822.27,826.3,795.42,1
2022-06-22,746.96,783.21,785.23,746.94,1
2022-06-29,762.35,759.21,765.79,753.32,1
2022-07-06,744.63,750.04,759.88,743.61,1
2022-07-13,763.18,751.34,763.73,747.74,1
2022-07-20,790.72,792.94,795.92,788.02,1
2022-07-27,795.7,789.61,795.81,788.29,1
2022-08-03,815.36,804.17,815.4,803.2,1
2022-08-10,820.27,829.29,829.29,820.27,1
2022-08-18,826.06,822.71,826.75,817.52,1
2022-08-25,807.37,795.18,807.37,794.16,1
2022-09-01,788.32,800.74,801.02,788.13,1
2022-09-08,777.81,776.59,781.52,775.31,1
2022-09-19,751.91,771.52,772.45,750.64,1
2022-09-26,692.37,719.6,719.6,690.6,1
2022-10-04,696.79,685.19,696.79,683.63,1
2022-10-12,671.67,669.59,673.42,663.6,1
2022-10-19,690.56,697.94,705.84,689.67,1
2022-10-26,683.17,690.67,691.13,683.14,1
2022-11-02,697.37,697.4,699.24,694.94,1
2022-11-09,714.6,715.19,717.09,711.15,1
2022-11-16,743.1,746.55,746.62,737.87,1
2022-11-23,725.59,718.29,725.64,718.29,1
2022-11-30,729.54,726.56,729.54,722.4,1
2022-12-07,718.14,715.63,722.62,711.63,1
2022-12-14,729,718.17,729.17,718.17,1
2022-12-21,705.7,708.13,709.95,701.61,1
2022-12-28,692.37,699.24,699.39,691.01,1
2023-01-05,679.92,685.78,688.35,677.77,1
2023-01-12,710.82,713.56,714.1,707.54,1
2023-01-19,712.89,707.66,712.94,705.76,1
2023-01-30,738.62,743.73,746.33,736.9,1
2023-02-06,761.33,763.66,766.23,760.65,1
2023-02-13,772.55,771.5,774.08,767.64,1
2023-02-20,788.89,777.68,789.26,773.86,1
2023-02-27,780.3,775.01,781.54,769.75,1
2023-03-07,815.76,814.27,818.56,810.47,1
2023-03-14,758.05,788.44,789.22,758.05,1
2023-03-21,802.53,806.51,809.33,802.42,1
2023-03-28,833.51,831.07,833.68,825.4,1
2023-04-04,857.18,853.92,861.13,852.02,1
2023-04-11,898.94,893.2,899.37,879.73,1
2023-04-18,909.02,910.75,910.75,902.9,1
2023-04-25,838.71,857.54,858.91,828.25,1
2023-05-03,843.18,848.05,852.23,841.81,1
2023-05-11,824.54,836.6,840.66,821.94,1
2023-05-18,835.89,839.27,841.1,833.73,1
2023-05-25,847.72,857.3,860.01,845.84,1
2023-06-02,868.06,866.16,868.17,864.97,1
2023-06-12,885.76,887.2,887.2,881.76,1
2023-06-19,888.61,888.52,889.49,881.14,1
2023-06-26,879.5,874.31,881.24,869.29,1
2023-07-03,889.29,873.91,889.29,873.66,1
2023-07-10,860.35,868,870.18,857.35,1
2023-07-17,898.29,894.75,899.44,891.18,1
2023-07-24,929.9,934.99,935.55,920.89,1
2023-07-31,935.97,923.01,938.43,921.39,1
2023-08-07,898.22,913.25,913.25,894.48,1
2023-08-14,901.68,907.43,908.13,894.08,1
2023-08-22,893.33,898.4,899.21,889.71,1
2023-08-29,916.24,911.94,918.39,907.82,1
2023-09-05,921.48,918.85,922.65,913.02,1
2023-09-12,898.04,918.1,918.96,895.96,1
2023-09-19,883.89,891.57,894.26,882.42,1
2023-09-26,827.82,841.8,845.3,827.82,1
2023-10-10,795,821.22,823.27,792.91,1
2023-10-17,820.38,817.47,825.33,817.29,1
2023-10-24,784.86,771.03,784.86,750.32,1
2023-10-31,736.1,758.65,759.24,734.2,1
2023-11-07,824.37,842.16,847.37,805.81,1
2023-11-14,794.19,779.47,794.91,779.47,1
2023-11-21,817.01,816.34,819.14,811.24,1
2023-11-28,816.44,811.76,816.62,811.06,1
2023-12-05,813.38,823.86,828.25,810.52,1
2023-12-12,839.53,835.41,842.56,833.67,1
2023-12-19,858.3,850.36,858.65,849.33,1
2023-12-27,859.79,851.49,860.29,851.21,1
2024-01-05,878.33,866.81,878.98,864.86,1
2024-01-12,868.08,878.69,880.3,865.81,1
2024-01-19,842.67,848.66,856.05,837.87,1
2024-01-26,837.24,818.76,839.52,817.06,1
2024-02-02,814.77,803.71,817.74,803.71,1
2024-02-13,845.15,831.14,846.58,830.66,1
2024-02-20,866.17,858.08,866.17,854.58,1
2024-02-27,853.75,870.1,870.1,850.77,1
2024-03-06,870.67,861.67,872.06,859.71,1
2024-03-13,889.93,892.41,894.39,881.33,1
2024-03-20,891.45,894.34,896.44,890,1
2024-03-27,911.25,914.33,918.49,905.26,1
2024-04-03,879.96,883.22,883.95,874.77,1
2024-04-11,858.1,850.8,860.83,847.54,1
2024-04-18,855.65,833.38,856.05,833.38,1
2024-04-25,853.26,855.78,865.15,853.13,1
2024-05-03,865.59,872.27,875.11,865.21,1
2024-05-13,854.43,866.67,867.08,852.75,1
2024-05-21,846.51,849.32,849.32,843.62,1
2024-05-28,851.01,847.46,852.42,846.9,1
2024-06-04,845.84,844.62,851.49,841.81,1
2024-06-12,870.67,871.36,876.45,867.32,1
2024-06-19,861.17,860.66,866.21,856.16,1
2024-06-26,842.12,845.91,846.76,839.34,1
2024-07-03,836.1,832.98,838.89,829.5,1
2024-07-10,858.55,859.01,860.82,854.6,1
2024-07-17,829.41,841.28,843.1,829.09,1
2024-07-24,814.25,809.45,819.81,807.55,1
2024-07-31,803.15,802,804.17,795.18,1
2024-08-07,748.54,731.82,754.41,731.44,1
2024-08-14,776.83,775.11,778.66,774.17,1
2024-08-22,773.47,782.59,783.89,768.48,1
2024-08-29,756.04,756.33,758.99,754,1
2024-09-05,725.28,736.96,740.23,718.25,1
2024-09-12,731.03,719.29,733.81,719.29,1
2024-09-24,767.35,757.37,767.37,757.23,1
2024-10-02,762.13,757.3,769.69,754.38,1
2024-10-11,770.98,779,781.12,769.68,1
2024-10-18,753.22,765.71,765.71,749.53,1
2024-10-25,727.41,739.05,739.62,725.27,1
2024-11-01,729.05,735.67,736.26,729.05,1
2024-11-08,743.38,739.91,746.89,739.66,1
2024-11-15,685.42,675.64,688.91,668.38,1
2024-11-22,677.01,682.37,689.99,676.06,1
2024-11-29,678.19,694.24,694.24,677.08,1
2024-12-06,661.33,670.7,671.34,644.39,1
2024-12-13,693.73,684.25,695.76,683.3,1
2024-12-20,668.31,684.79,685.1,667,1
2024-12-30,678.19,662.68,679.68,661.92,1
