2000-01-04,1059.04,1028.33,1066.18,1016.59,1
2000-01-05,986.31,1006.87,1026.52,984.05,1
2000-01-12,955.01,957.98,976.86,949.2,1
2000-01-19,938.78,969.31,977,938.74,1
2000-01-26,885.54,896.34,902.43,875.82,1
2000-02-02,943.59,929.69,950.13,923.4,1
2000-02-10,966.18,966.36,991.71,957.73,1
2000-02-17,897.52,869.35,901.83,869.35,1
2000-02-24,867.37,874.53,887.82,857.68,1
2000-03-03,894.83,909.81,910.02,882.48,1
2000-03-10,891.36,902.31,913.6,886.26,1
2000-03-17,855.57,864.36,869.82,850.04,1
2000-03-24,889.24,876.93,900.06,861.64,1
2000-03-31,860.94,872.02,885.74,860.52,1
2000-04-10,870.17,861.72,880.41,851.3,1
2000-04-18,747.3,738.1,769.38,724.05,1
2000-04-25,737.2,738.56,742.15,730.43,1
2000-05-03,752.76,751.07,755.62,742.94,1
2000-05-12,740.3,762.8,763.01,737.07,1
2000-05-19,730.68,712.13,730.71,695.73,1
2000-05-26,656.66,690.54,693.1,656.66,1
2000-06-02,760.69,759.22,776.49,750.38,1
2000-06-12,845.81,851.06,858.34,828.66,1
2000-06-19,755.38,748.47,777.13,744.9,1
2000-06-26,791.55,782.28,794.89,779.39,1
2000-07-03,835.21,824.83,836.53,824.83,1
2000-07-10,851.47,847.6,856.83,847.14,1
2000-07-18,812.33,822.3,829.19,806.88,1
2000-07-25,737.64,730.49,743.52,720.72,1
2000-08-01,727.1,710.05,727.53,700.83,1
2000-08-08,666.08,676.22,686.96,665.63,1
2000-08-16,751.14,748.73,754.46,745.68,1
2000-08-23,719.79,739.04,740.7,719.37,1
2000-08-30,718.93,726.63,727.39,718.93,1
2000-09-06,676.69,677.55,690.99,673.91,1
2000-09-18,577.56,591.98,595.1,552.78,1
2000-09-25,584.63,562.79,584.84,562.48,1
2000-10-02,589.22,595.68,599.03,585.53,1
2000-10-10,588.34,588.72,595.79,578.2,1
2000-10-17,512.85,536.2,545.08,512.85,1
2000-10-24,545.05,527.36,549.79,523.02,1
2000-10-31,514.48,497.59,514.48,483.58,1
2000-11-07,553.35,560.55,564.38,550.39,1
2000-11-14,552.99,543.53,552.99,543.53,1
2000-11-21,531.45,529.51,531.45,515.41,1
2000-11-28,536.94,544.44,547.31,535.96,1
2000-12-05,516.96,505.1,516.97,502.94,1
2000-12-12,543.08,556.22,558.5,541.99,1
2000-12-19,530.8,541.23,541.25,530.18,1
2001-01-02,520.95,503.31,521.34,500.97,1
2001-01-09,589.92,583.85,589.92,572.55,1
2001-01-16,603.42,600.68,608.51,588.42,1
2001-01-26,591.73,623.68,624,591.73,1
2001-02-02,608.48,614.51,616.67,602.13,1
2001-02-09,595.47,588.36,598.97,581.49,1
2001-02-16,604.92,605.93,611.54,604.27,1
2001-02-23,583.52,579.97,590.49,579.45,1
2001-03-05,565.38,549.27,565.38,549.27,1
2001-03-12,545.05,554.36,556.84,545.05,1
2001-03-19,534.33,531.84,541.2,528.88,1
2001-03-26,545.98,544.75,550.26,542.09,1
2001-04-02,515.2,520.56,522.09,512.4,1
2001-04-10,491.21,500.97,501.65,491.21,1
2001-04-17,513.97,506.92,516.12,505.92,1
2001-04-24,555.64,552.32,556.48,547.39,1
2001-05-02,583.7,586.27,587.18,580.39,1
2001-05-09,578.84,589.06,589.42,578.34,1
2001-05-16,572.4,578.68,585.67,572.36,1
2001-05-23,622.6,620.03,625.8,616.56,1
2001-05-30,628.42,629.45,629.9,620.95,1
2001-06-07,601.14,594.28,601.35,594.28,1
2001-06-14,613.75,612.96,623.37,610.36,1
2001-06-21,595.53,597.72,599.76,589.46,1
2001-06-28,583.27,585.66,591.03,582.91,1
2001-07-05,593.61,598.95,600.51,592.8,1
2001-07-12,559.95,561.5,566.26,559.95,1
2001-07-20,537.71,540.26,541.95,534.39,1
2001-07-27,541.13,536.86,542.58,534.94,1
2001-08-03,568.69,572,572,563.55,1
2001-08-10,555.34,556.04,558.27,552,1
2001-08-20,567.09,568.88,574.16,566.42,1
2001-08-27,578.74,577.46,585.34,574.71,1
2001-09-03,541.83,545.02,547.63,539.17,1
2001-09-10,550.73,547.99,551.26,545.16,1
2001-09-17,468.76,475.31,476.42,464.39,1
2001-09-24,482.19,473.75,482.19,471.91,1
2001-10-04,500.64,498.87,501.22,494.76,1
2001-10-11,517.05,514.84,519.56,513.87,1
2001-10-18,524.21,522.31,526.49,519.41,1
2001-10-25,542.19,542.83,545.12,539.62,1
2001-11-01,544.09,540.63,546.12,536.2,1
2001-11-08,573.04,564.82,574.75,564.82,1
2001-11-15,606.44,602.09,612.32,600.72,1
2001-11-22,624.56,617.82,624.56,609.81,1
2001-11-29,628.86,624.18,641.11,616.51,1
2001-12-06,686.61,707.06,715.93,678.81,1
2001-12-13,676.59,682.47,684.31,667.95,1
2001-12-20,664.51,649.3,666.48,642.86,1
2001-12-28,693.7,680.22,695.96,680.22,1
2002-01-08,734.76,747.21,750.89,734.76,1
2002-01-15,718.64,732.58,732.58,716.34,1
2002-01-22,724.36,721.65,731.09,717.77,1
2002-01-29,774.03,780.47,784.46,769.53,1
2002-02-05,739.91,720.7,739.91,718.86,1
2002-02-15,783.59,781.99,793.67,781.66,1
2002-02-22,792,774.78,792.64,773.4,1
2002-03-04,834.21,842.21,847.39,834.21,1
2002-03-11,827.02,828.22,830.38,818.43,1
2002-03-18,869.71,877.19,878.32,863.65,1
2002-03-25,879.41,901.43,903.77,879.41,1
2002-04-01,875.83,900.47,900.47,874.9,1
2002-04-09,888.67,903.79,905.26,884.43,1
2002-04-16,901.29,896.41,904.61,891,1
2002-04-23,925.7,918.06,927.1,909.07,1
2002-04-30,842.34,840.31,847.19,829.16,1
2002-05-08,844.67,839.02,850.9,837.26,1
2002-05-15,862.62,850.58,866.03,850.58,1
2002-05-22,863.06,837.59,863.06,829.5,1
2002-05-29,835.19,838.73,838.73,821.81,1
2002-06-05,809.59,813.04,818.55,808.08,1
2002-06-14,822.01,820.43,832.26,820.2,1
2002-06-21,778.53,767.5,783.35,758.95,1
2002-06-28,742.72,723.73,747.62,722.63,1
2002-07-08,783.35,807.12,807.36,778.78,1
2002-07-15,783.52,787.65,799.87,780.3,1
2002-07-23,743.52,715.81,743.52,709.37,1
2002-07-30,724.08,722.58,731.31,722.23,1
2002-08-06,673.78,660.94,674.76,660.94,1
2002-08-13,708.63,695.14,708.71,693.31,1
2002-08-21,745.12,734.42,746.51,731.45,1
2002-08-28,724.05,718.35,732.11,718.35,1
2002-09-04,723.05,726.58,728.87,717.09,1
2002-09-11,724.71,717.97,726.26,716.34,1
2002-09-18,703.87,708.06,710,699.77,1
2002-09-26,662.41,672.91,676.42,659.2,1
2002-10-04,650.92,642.43,654.7,638,1
2002-10-11,587.51,602.88,604.47,576.49,1
2002-10-18,670.79,660.67,674.19,657.03,1
2002-10-25,655.88,646.1,662.32,646.09,1
2002-11-01,647.65,652.34,657.12,646.15,1
2002-11-08,674.85,668.06,674.87,664.24,1
2002-11-15,672.95,669.15,673.5,665.34,1
2002-11-22,692.87,703.98,704.38,692.49,1
2002-11-29,724.8,719.46,724.8,713.01,1
2002-12-06,718.09,716.13,723.09,712.62,1
2002-12-13,708.13,709.83,711.56,701.56,1
2002-12-23,691.38,711.72,713.32,690.23,1
2003-01-02,635.17,633.03,637.1,623.75,1
2003-01-09,630.4,643.5,644.43,630.4,1
2003-01-16,648.69,639.56,649.54,635.79,1
2003-01-23,625.18,622.54,626.98,615.11,1
2003-01-30,591.86,589.07,593.7,586.03,1
2003-02-07,577.48,587.68,587.7,571.2,1
2003-02-14,575.24,574.89,577.09,567.46,1
2003-02-21,603.6,605.26,605.26,597.04,1
2003-02-28,575.43,586.07,587.94,573.3,1
2003-03-07,546.02,547.89,555.38,544.09,1
2003-03-14,537.65,547.29,548.45,534.51,1
2003-03-21,575.77,569.67,576.95,565.34,1
2003-03-28,556.33,552.13,556.33,544.67,1
2003-04-04,558.01,540.26,558.84,536.7,1
2003-04-11,582.97,577.09,597.02,574.3,1
2003-04-18,624.77,623.17,625.13,616.29,1
2003-04-25,566.63,578.2,578.2,560.53,1
2003-05-06,604.33,603.05,609.72,602.29,1
2003-05-14,609.97,610.63,616.82,606.06,1
2003-05-21,600.57,599.55,603.24,596.29,1
2003-05-28,628.36,629.19,630.92,622.53,1
2003-06-04,640.27,642.35,642.79,632.47,1
2003-06-12,657.95,658.43,661.89,653.73,1
2003-06-19,690.49,681.03,690.59,679.06,1
2003-06-26,675.75,668.32,679.57,667.72,1
2003-07-03,686.83,696.54,699.34,684.94,1
2003-07-10,700.51,701.43,710.26,700.49,1
2003-07-18,699.35,700.52,707.43,697.67,1
2003-07-25,705.09,698.53,705.6,696.64,1
2003-08-01,727.26,718.84,728.38,718.25,1
2003-08-08,704.14,710.54,712.31,704.14,1
2003-08-18,730.1,728.92,734.81,727.56,1
2003-08-25,756.73,754.17,760.85,752.34,1
2003-09-01,764.11,763.22,765.64,759.36,1
2003-09-08,760.25,759.49,761.91,756.01,1
2003-09-18,758.18,768.39,769.28,756.73,1
2003-09-25,713.52,707.58,714.56,699.83,1
2003-10-02,715.24,716.27,718.36,708.03,1
2003-10-10,757.89,735.25,759.6,735.25,1
2003-10-17,767.75,776.99,783.08,767.75,1
2003-10-24,748.17,752.31,759.55,743.38,1
2003-10-31,782.36,787.95,789.46,775.38,1
2003-11-07,804.05,796.58,804.05,789.97,1
2003-11-14,809.89,809.94,818.34,807.67,1
2003-11-21,770.78,764.12,777.96,762.36,1
2003-11-28,796.18,783.17,797.07,783.17,1
2003-12-05,789.41,802.71,802.86,789.41,1
2003-12-12,806.08,806.42,810.68,801.33,1
2003-12-19,811.2,814.89,817.5,809.17,1
2003-12-29,792.44,779.24,792.44,779.24,1
2004-01-07,827.07,826.08,831.07,825.23,1
2004-01-14,849.62,847.27,855.29,844.55,1
2004-01-26,869.04,867.65,871.94,861.82,1
2004-02-02,854.89,850.28,855.43,847.74,1
2004-02-09,864.77,860.9,866.87,859.58,1
2004-02-16,881.28,879.23,885.65,876.56,1
2004-02-23,877.52,874.93,881.43,867.99,1
2004-03-02,899.21,892.57,899.99,892.38,1
2004-03-09,891.58,891.1,893.73,888.46,1
2004-03-16,850.13,843.83,850.15,838.11,1
2004-03-23,866.17,854.92,868.99,849.76,1
2004-03-30,873.46,879.41,879.41,870.86,1
2004-04-07,909.93,906.78,915.13,903.24,1
2004-04-14,916.31,909.95,919.38,907.36,1
2004-04-22,924.01,931.09,933.84,921.97,1
2004-04-29,875.41,890.61,896.45,872.63,1
2004-05-07,838.74,837.73,843.01,819.61,1
2004-05-14,768.46,798.8,802.32,759.65,1
2004-05-21,786.36,780.99,786.36,768.63,1
2004-05-31,803.84,811.46,811.59,793.77,1
2004-06-07,809.45,788.41,809.51,788.41,1
2004-06-14,738.79,744.25,761.29,737.65,1
2004-06-21,749.3,745.22,758.58,743.69,1
2004-06-28,770.95,777.85,780.31,764.29,1
2004-07-05,756.72,754.16,758.72,744.39,1
2004-07-12,746.27,752.71,757.9,740.98,1
2004-07-19,750.4,730.58,750.4,729.57,1
2004-07-26,736.21,730.15,739.56,729.8,1
2004-08-02,719.59,730.61,730.64,719.59,1
2004-08-09,742.13,728.66,742.61,724.5,1
2004-08-16,773.85,774.29,777.96,767.26,1
2004-08-23,787.65,792.5,796.84,783.5,1
2004-08-30,805.19,811.55,815.05,802.75,1
2004-09-06,824.21,823.64,824.98,817.18,1
2004-09-13,851.91,842.15,852.06,841.41,1
2004-09-20,856.87,849.46,862.98,849.45,1
2004-09-30,835.09,829.93,836.54,827.17,1
2004-10-07,885.33,887.39,891.25,878.8,1
2004-10-14,846.63,849.09,852.56,839.87,1
2004-10-21,820.63,830.24,831.05,814.64,1
2004-10-28,833.54,825.85,833.54,821.54,1
2004-11-04,851.2,860.19,860.19,851.2,1
2004-11-11,861.26,856.66,867.25,855.51,1
2004-11-18,875.84,886.38,888.07,874.96,1
2004-11-25,872.49,873.87,879.92,871.12,1
2004-12-02,884.1,891.14,893.51,882.58,1
2004-12-09,861.31,870.61,871.87,855.88,1
2004-12-16,873.7,869.92,878.67,868.9,1
2004-12-23,876.88,890.32,890.32,873.11,1
2004-12-30,895.92,886.2,896.1,885.43,1
2005-01-07,870.84,876.36,878.89,866.72,1
2005-01-14,905.1,879.83,905.52,877.44,1
2005-01-21,919.61,910.04,920.35,906.23,1
2005-01-28,921.59,924.09,924.91,915.74,1
2005-02-04,933.55,928.21,936.45,926.1,1
2005-02-16,971.56,973.61,979,965.58,1
2005-02-23,968.43,968.16,971.71,963.9,1
2005-03-03,1010.92,1008.22,1015.28,999.86,1
2005-03-10,998.66,1007.21,1012.81,998.66,1
2005-03-17,980.05,983.52,988.37,972.9,1
2005-03-24,956.33,970.29,972.85,949.98,1
2005-03-31,965.68,969.85,970.38,961.54,1
2005-04-08,992.17,995.87,996.9,989.56,1
2005-04-15,947.22,954.61,955.38,940.04,1
2005-04-22,940.79,952.8,952.96,940.78,1
2005-04-29,911.3,907.63,914.25,902.88,1
2005-05-09,935.2,942.01,942.32,926.48,1
2005-05-16,929.04,925.41,935.53,925.05,1
2005-05-23,951.05,955.05,955.05,946.8,1
2005-05-30,969.04,962.25,969.04,959.98,1
2005-06-07,970.88,975.39,975.39,968.28,1
2005-06-14,983.75,989.65,994.07,982.59,1
2005-06-21,989.99,992.25,997.8,986.61,1
2005-06-28,994.74,989.54,995.45,987.78,1
2005-07-05,1018.81,1023.32,1025.25,1017.27,1
2005-07-12,1043.88,1048.44,1051.28,1042.67,1
2005-07-19,1075.48,1062.32,1075.51,1062.15,1
2005-07-26,1090.6,1089.96,1094.82,1085.87,1
2005-08-02,1118.83,1117.21,1118.85,1110.31,1
2005-08-09,1099.77,1082.76,1099.79,1079.53,1
2005-08-17,1113.25,1107.27,1114.42,1100.68,1
2005-08-24,1094.21,1111.9,1111.91,1088.74,1
2005-08-31,1083.33,1068.89,1085.14,1067.3,1
2005-09-07,1142.99,1136.25,1143,1132.82,1
2005-09-14,1170.77,1154.73,1170.77,1152.61,1
2005-09-22,1199.97,1190.69,1200.23,1187.43,1
2005-09-29,1231.22,1230.64,1232.98,1220.21,1
2005-10-07,1201.01,1195.29,1215.25,1193.74,1
2005-10-14,1190.17,1202.33,1207.24,1177.68,1
2005-10-21,1183.48,1146.71,1183.49,1144.78,1
2005-10-28,1140.72,1148.88,1149.35,1137.23,1
2005-11-04,1221.98,1223.37,1229.17,1215.03,1
2005-11-11,1256.12,1246.71,1257.25,1246.71,1
2005-11-18,1272.25,1277.36,1281.18,1263.9,1
2005-11-25,1293.22,1294.79,1298.25,1285.24,1
2005-12-02,1310.12,1318.94,1319.28,1309.86,1
2005-12-09,1317.42,1319.01,1332.64,1313.33,1
2005-12-16,1321.04,1322.4,1330.46,1314.52,1
2005-12-23,1359.53,1358.51,1360,1347.14,1
2006-01-02,1389.27,1383.32,1389.27,1370.61,1
2006-01-09,1408.33,1421.9,1421.9,1405.05,1
2006-01-16,1421.79,1423.08,1425.05,1409.53,1
2006-01-23,1297.43,1307.4,1327.26,1285.63,1
2006-01-31,1399.83,1391.51,1403.3,1381.75,1
2006-02-07,1332.28,1340.84,1348.24,1329.6,1
2006-02-14,1328.21,1315.14,1330.05,1303.19,1
2006-02-21,1346.49,1350.45,1352.17,1339.2,1
2006-02-28,1371.59,1377.44,1379.71,1363.93,1
2006-03-08,1314.05,1303.58,1322.51,1296.78,1
2006-03-15,1333.98,1337.21,1342.44,1332.53,1
2006-03-22,1309.83,1326.74,1326.74,1306.07,1
2006-03-29,1332.72,1319.24,1337.08,1314.63,1
2006-04-05,1388.77,1390.27,1395.64,1383.39,1
2006-04-12,1383.59,1375.84,1384.21,1372.24,1
2006-04-19,1437.84,1445.77,1450.93,1434.87,1
2006-04-26,1451.22,1433.38,1451.22,1430.74,1
2006-05-04,1441.02,1436.6,1441.46,1424.72,1
2006-05-12,1445.2,1448.57,1454.14,1429.92,1
2006-05-19,1372.29,1364.18,1372.29,1346.31,1
2006-05-26,1322.43,1315.1,1326.34,1312.75,1
2006-06-05,1301.62,1315.77,1315.77,1295.59,1
2006-06-13,1203.86,1215.55,1218.39,1201.6,1
2006-06-20,1225.83,1244.5,1244.56,1221.13,1
2006-06-27,1247.54,1245.44,1253.41,1242.68,1
2006-07-04,1285.92,1304.45,1305.67,1285.26,1
2006-07-11,1300.44,1296.06,1301.95,1289.12,1
2006-07-19,1233.65,1236.26,1244.58,1231.05,1
2006-07-26,1279.08,1284.59,1286.22,1277.08,1
2006-08-02,1295.11,1281.92,1295.11,1277.31,1
2006-08-09,1314.93,1306.99,1321.55,1297.28,1
2006-08-17,1327.78,1325.74,1335.41,1325.74,1
2006-08-24,1315.73,1322.16,1322.22,1309.55,1
2006-08-31,1352.74,1348.05,1361.48,1344.57,1
2006-09-07,1351.17,1351.55,1353.67,1342.57,1
2006-09-14,1358.75,1333.66,1358.75,1329.11,1
2006-09-21,1366.79,1373.35,1378.79,1363.48,1
2006-09-28,1371.43,1362.72,1372.22,1359.47,1
2006-10-10,1328.37,1322.44,1334.41,1322.44,1
2006-10-17,1351.3,1360.56,1360.56,1339.89,1
2006-10-24,1366.5,1373.57,1374.43,1364.07,1
2006-10-31,1364.55,1356.91,1364.83,1351.08,1
2006-11-07,1387.44,1389.12,1392.51,1385.41,1
2006-11-14,1407.37,1402.92,1407.54,1400.74,1
2006-11-21,1405.9,1402.75,1406.58,1399.97,1
2006-11-28,1411.47,1407.52,1413.71,1404.67,1
2006-12-05,1420.59,1432.97,1436.69,1420.4,1
2006-12-12,1376.98,1392.22,1392.9,1373.03,1
2006-12-19,1427.76,1431.07,1436.4,1425.6,1
2006-12-27,1425.1,1426.8,1429.84,1418.77,1
2007-01-05,1385.76,1398.6,1400.59,1372.36,1
2007-01-12,1388.37,1379,1389,1372.87,1
2007-01-19,1360.56,1369.09,1372.63,1356.22,1
2007-01-26,1371.33,1372.36,1378.48,1366.1,1
2007-02-02,1413.14,1386.78,1413.34,1386.06,1
2007-02-09,1427.68,1424.49,1432.29,1422.97,1
2007-02-16,1448.81,1444.46,1448.96,1439.03,1
2007-02-26,1470.03,1466.92,1470.95,1462.19,1
2007-03-06,1402.93,1382.7,1403.75,1382.7,1
2007-03-13,1436.05,1441.6,1442.04,1433.67,1
2007-03-20,1444.17,1449.43,1449.79,1440.42,1
2007-03-27,1453.23,1450.02,1456.39,1442.49,1
2007-04-03,1463.75,1463.41,1464.48,1452.56,1
2007-04-10,1499.16,1500.79,1502.34,1492.35,1
2007-04-17,1528.66,1538.89,1538.89,1524.33,1
2007-04-24,1556.71,1545.61,1557.65,1538.11,1
2007-05-02,1553.3,1550.39,1555.62,1546.6,1
2007-05-09,1593.42,1582.91,1593.42,1578.58,1
2007-05-16,1600.6,1591.07,1600.72,1586,1
2007-05-23,1646.59,1647.44,1651.61,1638.36,1
2007-05-31,1700.91,1683.35,1702.01,1677.78,1
2007-06-08,1727.28,1735.96,1739.14,1717.18,1
2007-06-15,1772.26,1772.03,1776.8,1762.22,1
2007-06-22,1770.98,1801.2,1802.43,1759.95,1
2007-06-29,1743.6,1755.84,1766.25,1742.88,1
2007-07-06,1861.01,1855.03,1863.01,1838.75,1
2007-07-13,1962.93,1946.08,1962.94,1941.55,1
2007-07-23,1993.05,1978.05,1993.97,1968.55,1
2007-07-30,1906.71,1874.08,1906.71,1859.12,1
2007-08-06,1855.05,1832.54,1855.36,1829.22,1
2007-08-13,1849.26,1840.89,1849.31,1820.96,1
2007-08-21,1736.18,1740.85,1764.25,1721.18,1
2007-08-28,1829.31,1806.58,1829.43,1792.07,1
2007-09-04,1874.74,1881.17,1899.66,1871.87,1
2007-09-11,1847.36,1844.68,1851.35,1827.9,1
2007-09-18,1838.61,1867.61,1870.83,1837.22,1
2007-09-28,1946.48,1950.99,1951.18,1936.86,1
2007-10-08,2012.82,2020.34,2022.01,2002.43,1
2007-10-15,2035.39,2043.93,2047.02,2012.04,1
2007-10-22,1903.81,1901.15,1910.19,1875.23,1
2007-10-29,2062.92,2051.62,2070.86,2044.09,1
2007-11-05,2015.76,2025.04,2027.21,1992.24,1
2007-11-12,1923.42,1957.78,1957.78,1901.87,1
2007-11-19,1893.47,1936.38,1936.5,1892.87,1
2007-11-26,1855.33,1803.76,1855.33,1795,1
2007-12-03,1902.43,1907.95,1912.71,1888.08,1
2007-12-10,1906.42,1930.36,1935.86,1900.95,1
2007-12-17,1839.82,1873.15,1886.39,1839.58,1
2007-12-26,1906.72,1924.91,1926.09,1901.91,1
2008-01-04,1863.9,1853.54,1869.76,1824.41,1
2008-01-11,1782.27,1844.57,1847.11,1776.26,1
2008-01-18,1734.72,1689.28,1737.42,1684.39,1
2008-01-25,1692.41,1682.93,1692.66,1674.21,1
2008-02-01,1634.53,1645.05,1648.97,1619.65,1
2008-02-13,1631.78,1663.29,1663.95,1629.57,1
2008-02-20,1687.91,1704.66,1718.15,1683.7,1
2008-02-27,1720.89,1725.96,1732.8,1715.81,1
2008-03-05,1677.1,1680.63,1687.2,1667.87,1
2008-03-12,1658.83,1685.44,1687.63,1658.17,1
2008-03-19,1622.23,1626.28,1632.68,1614.96,1
2008-03-26,1679.67,1676.81,1681.91,1670.31,1
2008-04-02,1742.19,1738.64,1743.54,1734.42,1
2008-04-10,1764.64,1745.6,1764.64,1735.78,1
2008-04-17,1768.67,1782.51,1783.85,1765.59,1
2008-04-24,1799.34,1808.88,1812.62,1794.64,1
2008-05-02,1848.27,1851.64,1851.64,1843.14,1
2008-05-13,1842.8,1829.37,1842.8,1813.98,1
2008-05-20,1873.15,1886.52,1889.85,1857.05,1
2008-05-27,1825.23,1806.2,1825.48,1806.2,1
2008-06-03,1819.39,1832.31,1836.71,1814.5,1
2008-06-11,1781.67,1781.14,1786.98,1760.66,1
2008-06-18,1774.13,1745.5,1775.11,1742.68,1
2008-06-25,1717.79,1710.45,1717.81,1695.01,1
2008-07-02,1623.6,1665.52,1667.97,1607.88,1
2008-07-09,1519.38,1557.07,1563.07,1519.05,1
2008-07-16,1507.4,1518.57,1529.87,1488.75,1
2008-07-23,1591.76,1586.27,1598.89,1577.94,1
2008-07-30,1577.7,1594.04,1595.84,1572.17,1
2008-08-06,1578.71,1567.3,1580.25,1560.88,1
2008-08-13,1562.72,1572.87,1581.46,1553.94,1
2008-08-21,1512.59,1539.55,1540.45,1511.69,1
2008-08-28,1474.15,1503.26,1503.74,1473,1
2008-09-04,1426.43,1421.16,1436.62,1409.33,1
2008-09-11,1443.24,1459.69,1467.9,1439.38,1
2008-09-19,1455.78,1441.31,1464.59,1435.72,1
2008-09-26,1476.33,1492.42,1498.74,1469.83,1
2008-10-06,1358.75,1389.68,1389.68,1351.72,1
2008-10-13,1288.53,1272.95,1294.19,1252.44,1
2008-10-20,1207.63,1195.9,1211.09,1149.39,1
2008-10-27,946.45,937.18,966.41,892.16,1
2008-11-03,1129.08,1117.13,1158.87,1109.32,1
2008-11-10,1152.46,1152.26,1165.57,1124.13,1
2008-11-17,1078.32,1074.33,1104.66,1050.4,1
2008-11-24,970.14,996.23,1014.49,969.49,1
2008-12-01,1058.62,1074,1083.01,1058.62,1
2008-12-08,1105.05,1041.41,1111.27,1037.64,1
2008-12-15,1158.19,1152.25,1164.72,1138.42,1
2008-12-22,1179.61,1189.85,1201.14,1167.63,1
2008-12-30,1124.47,1124.6,1144.24,1121.32,1
2009-01-08,1205.7,1212.7,1218.43,1195.15,1
2009-01-15,1111.34,1138.47,1145.41,1108.15,1
2009-01-22,1116.23,1125.22,1127.35,1106.74,1
2009-02-02,1146.95,1145.87,1170.7,1136.37,1
2009-02-09,1202.69,1224.44,1227.73,1199.93,1
2009-02-16,1175.47,1183.52,1199.5,1174.73,1
2009-02-23,1099.55,1058.54,1099.55,1051.52,1
2009-03-02,1018.81,1044.28,1044.28,1010.87,1
2009-03-09,1071.73,1068.98,1077.13,1052.41,1
2009-03-16,1125.46,1126.09,1142.58,1119.33,1
2009-03-23,1199.5,1179.6,1201.23,1179.13,1
2009-03-30,1197.46,1239.8,1244.78,1196.32,1
2009-04-06,1297.85,1292.42,1315.3,1292.42,1
2009-04-13,1338.26,1341.74,1353.27,1328.99,1
2009-04-20,1336.39,1331.76,1338.9,1311.73,1
2009-04-27,1339.83,1358.2,1366.66,1334.02,1
2009-05-06,1393.45,1399.82,1408.57,1385.35,1
2009-05-13,1414.52,1409.59,1414.63,1400.35,1
2009-05-20,1435.7,1427.98,1436.92,1424.6,1
2009-05-27,1362.02,1394.74,1396.77,1360.3,1
2009-06-03,1414.89,1423.8,1427.05,1402.76,1
2009-06-10,1414.88,1379.61,1414.88,1376.46,1
2009-06-17,1391.17,1391.97,1397.21,1384.13,1
2009-06-24,1363.79,1366.01,1370,1350.31,1
2009-07-01,1411.66,1386.33,1414.79,1381.09,1
2009-07-08,1431.02,1424.92,1431.02,1412.68,1
2009-07-15,1420.86,1402.76,1422.41,1402.28,1
2009-07-22,1494.04,1492.37,1496.49,1485.04,1
2009-07-29,1524.32,1524.08,1529.8,1516.03,1
2009-08-05,1559.47,1571.71,1575.03,1557.79,1
2009-08-12,1565.35,1571.74,1571.74,1552.51,1
2009-08-19,1545.96,1555.03,1564.9,1545.93,1
2009-08-26,1614.12,1607.7,1615.05,1602.4,1
2009-09-02,1613.16,1598.66,1622.82,1592.48,1
2009-09-09,1607.77,1622.25,1622.81,1602.69,1
2009-09-16,1683.33,1660.43,1693.84,1660.43,1
2009-09-23,1711.47,1723.03,1723.17,1705.98,1
2009-09-30,1673.14,1688.6,1704.24,1665.9,1
2009-10-08,1615.46,1607.86,1615.46,1591.15,1
2009-10-15,1658.99,1661.69,1672.08,1653.33,1
2009-10-22,1630.33,1638.01,1650.03,1623.96,1
2009-10-29,1585.85,1584.52,1587.19,1564.41,1
2009-11-05,1552.24,1568.67,1571.8,1551.94,1
2009-11-12,1572.73,1598.55,1603.01,1572.72,1
2009-11-19,1620.54,1608.94,1625.35,1608.58,1
2009-11-26,1599.52,1606.73,1621.21,1599.51,1
2009-12-03,1615,1597.31,1615,1594.5,1
2009-12-10,1652.73,1635.58,1652.73,1612.71,1
2009-12-17,1647.84,1663.65,1664.65,1647.66,1
2009-12-24,1682.34,1663.66,1687.08,1662.31,1
2010-01-05,1690.62,1701.62,1702.39,1686.45,1
2010-01-12,1698.64,1695.83,1701.16,1683.29,1
2010-01-19,1710.22,1719.41,1723.22,1706.73,1
2010-01-26,1637.34,1670.47,1671.66,1626.98,1
2010-02-02,1595.81,1618.6,1618.6,1591.24,1
2010-02-09,1570.49,1550.8,1571.96,1549.11,1
2010-02-17,1627.43,1619.04,1628.31,1618.27,1
2010-02-24,1612.83,1616.55,1618.46,1606.24,1
2010-03-04,1618.2,1625.35,1631.1,1612.47,1
2010-03-11,1656.62,1670.82,1672.48,1656.48,1
2010-03-18,1675.17,1679.21,1687.7,1675.1,1
2010-03-25,1688.39,1680.42,1688.39,1677.05,1
2010-04-01,1719.17,1695.3,1719.74,1695.3,1
2010-04-08,1733.78,1722.13,1733.78,1719.51,1
2010-04-15,1743.91,1745.52,1747.38,1729.59,1
2010-04-22,1739.52,1737.29,1740.04,1727.61,1
2010-04-29,1728.42,1738.77,1738.77,1720.67,1
2010-05-07,1647.5,1632.45,1658.3,1625.83,1
2010-05-14,1695.63,1685.75,1699.59,1677.44,1
2010-05-24,1604.93,1589.83,1612.91,1585.62,1
2010-05-31,1641.25,1625.08,1641.25,1621.09,1
2010-06-08,1651.48,1635.01,1656.37,1630.43,1
2010-06-15,1690.03,1687.85,1696.74,1684.52,1
2010-06-22,1731.48,1727.96,1734.42,1723.96,1
2010-06-29,1707.76,1735.31,1739.97,1703.47,1
2010-07-06,1684.94,1664.87,1684.94,1650.3,1
2010-07-13,1735.08,1737.92,1750.48,1732.85,1
2010-07-20,1736.77,1727.38,1740.82,1724.6,1
2010-07-27,1768.31,1775.47,1778.72,1765.42,1
2010-08-03,1790.6,1796,1796.28,1784.57,1
2010-08-10,1781.13,1792.12,1794.55,1779.57,1
2010-08-17,1755.03,1737.36,1757.22,1734.51,1
2010-08-24,1760.53,1757.1,1771.76,1749.11,1
2010-08-31,1742.75,1746.85,1752.07,1736.23,1
2010-09-07,1787.74,1792.07,1796.5,1786.37,1
2010-09-14,1815.25,1824.78,1827.03,1810.78,1
2010-09-24,1846.6,1830.22,1846.6,1825.8,1
2010-10-01,1876.73,1872.39,1884,1868.9,1
2010-10-08,1897.07,1900.86,1900.86,1887.98,1
2010-10-15,1902.29,1898.85,1903.25,1893.76,1
2010-10-22,1897.31,1882.08,1897.31,1880.25,1
2010-10-29,1882.95,1913.61,1913.95,1875.31,1
2010-11-05,1938.96,1962.34,1966.99,1938.57,1
2010-11-12,1913.12,1951.35,1958.22,1899.49,1
2010-11-19,1940.96,1936.74,1940.96,1927.81,1
2010-11-26,1901.8,1932.78,1936.72,1893.94,1
2010-12-03,1957.26,1960.61,1960.61,1948.51,1
2010-12-10,1986.14,1984.11,1991.96,1979.73,1
2010-12-17,2026.3,2018.28,2027.55,2010.75,1
2010-12-24,2029.6,2040.64,2042.89,2027.96,1
2011-01-03,2070.08,2063.69,2070.09,2054.83,1
2011-01-10,2080.81,2082.29,2088.64,2069.3,1
2011-01-17,2099.85,2112.37,2118.86,2099.84,1
2011-01-24,2082.16,2067.32,2082.97,2064,1
2011-01-31,2069.73,2080.6,2089.72,2069.73,1
2011-02-10,2008.5,2041.07,2043.07,2008.5,1
2011-02-17,1977.22,2002,2006.59,1959.71,1
2011-02-24,1949.88,1957.63,1970.66,1945.41,1
2011-03-04,2004.68,1989.88,2008.89,1984.15,1
2011-03-11,1955.54,1956.34,1970.7,1949.32,1
2011-03-18,1981.13,1963.17,1988.04,1960.49,1
2011-03-25,2054.04,2058.35,2060.29,2041.72,1
2011-04-01,2121.01,2107.67,2121.02,2101.83,1
2011-04-08,2127.97,2119.01,2135.98,2118.72,1
2011-04-15,2140.5,2136.27,2142.71,2126.59,1
2011-04-22,2197.82,2203.04,2208.06,2190.87,1
2011-04-29,2192.36,2211.33,2219.6,2177.8,1
2011-05-09,2139.17,2157.95,2161.93,2136.59,1
2011-05-17,2102.41,2103.82,2111.44,2092.32,1
2011-05-24,2061.76,2052.44,2070.64,2048.55,1
2011-05-31,2142.47,2104.16,2146.79,2102.77,1
2011-06-08,2083.35,2102.97,2109.11,2068.78,1
2011-06-15,2086.53,2087.96,2091,2064.82,1
2011-06-22,2063.9,2066.91,2074.46,2059.36,1
2011-06-29,2094.42,2097.87,2098.95,2081.71,1
2011-07-06,2171.19,2156.94,2171.19,2155.33,1
2011-07-13,2129.64,2117.12,2129.64,2107.63,1
2011-07-20,2154.95,2158.88,2164.22,2149.25,1
2011-07-27,2174.31,2152.66,2174.73,2151.84,1
2011-08-03,2066.26,2079.19,2080.76,2056.53,1
2011-08-10,1806.24,1877.4,1877.4,1802.29,1
2011-08-18,1860.58,1891.82,1894.94,1833.34,1
2011-08-25,1764.58,1791.08,1803.77,1762.79,1
2011-09-01,1880.7,1887.21,1928.4,1877.4,1
2011-09-08,1846.64,1858.05,1858.05,1826.44,1
2011-09-19,1820.94,1818.9,1839.82,1813.1,1
2011-09-26,1652.71,1720.5,1721.03,1644.11,1
2011-10-04,1706.19,1683.94,1706.45,1658.06,1
2011-10-11,1795.02,1810.36,1811.14,1792.78,1
2011-10-18,1838.9,1826.44,1845.18,1822.91,1
2011-10-25,1888.65,1900.99,1905.78,1883.68,1
2011-11-01,1909.63,1891.22,1925.08,1891.22,1
2011-11-08,1903.14,1927.89,1928.07,1900.09,1
2011-11-15,1886.12,1888.67,1900.58,1878.42,1
2011-11-22,1826.28,1798.41,1830.84,1797.93,1
2011-11-29,1856.52,1828.3,1856.76,1823.93,1
2011-12-06,1902.82,1914.49,1920.7,1892.01,1
2011-12-13,1864.06,1877.4,1880.4,1863.77,1
2011-12-20,1793.06,1791.62,1797.59,1780.1,1
2011-12-27,1842.02,1856.78,1864.71,1813.48,1
2012-01-04,1866.22,1883.48,1884.69,1866.22,1
2012-01-11,1845.55,1857.54,1857.82,1843.12,1
2012-01-18,1892.39,1891.17,1898.7,1884.33,1
2012-01-27,1964.83,1960.7,1966.2,1949.46,1
2012-02-03,1972.34,1982.24,1982.62,1961.95,1
2012-02-10,1993.71,2010.04,2011.52,1986.96,1
2012-02-17,2023.47,2025.56,2031.4,2019.79,1
2012-02-24,2019.89,2010.6,2019.9,1998.39,1
2012-03-05,2016.06,2028.97,2030.57,2011.5,1
2012-03-12,2002.5,2018.73,2019.14,2001.5,1
2012-03-19,2047,2040.07,2050.87,2036.35,1
2012-03-26,2019.19,2035.17,2041.05,2012.86,1
2012-04-02,2029.29,2022.42,2031.79,2015.72,1
2012-04-09,1997.08,2008.03,2009.36,1995.8,1
2012-04-17,1985.3,1995.33,1999.5,1982.44,1
2012-04-24,1963.42,1956.75,1972.24,1954.01,1
2012-05-02,1999.07,1994.17,2001.11,1989.55,1
2012-05-09,1950.29,1958.31,1962.04,1945.31,1
2012-05-16,1840.53,1886.69,1889.29,1840.23,1
2012-05-23,1808.62,1815.33,1815.33,1796.5,1
2012-05-31,1843.47,1819.99,1843.49,1813.01,1
2012-06-08,1835.64,1854,1854.59,1832.83,1
2012-06-15,1858.16,1871.48,1871.48,1847.19,1
2012-06-22,1847.39,1861.44,1863.57,1843.57,1
2012-06-29,1854.01,1808.61,1854.01,1801.63,1
2012-07-06,1858.2,1877.74,1880.36,1850.1,1
2012-07-13,1812.89,1790.98,1820.66,1773.67,1
2012-07-20,1822.93,1823.95,1830.26,1818.84,1
2012-07-27,1829.16,1812.98,1829.16,1805.92,1
2012-08-03,1848.68,1846.58,1864.13,1843.87,1
2012-08-10,1946.4,1937.89,1948.05,1933.93,1
2012-08-20,1946.31,1944.67,1949.89,1938.25,1
2012-08-27,1917.87,1909.02,1925.15,1907.5,1
2012-09-03,1912.71,1909.06,1921.84,1885.03,1
2012-09-10,1924.7,1934.63,1937.85,1924.7,1
2012-09-17,2002.35,2005.54,2011.5,1997.79,1
2012-09-24,2003.44,1996.42,2005.45,1977.7,1
2012-10-02,1996.03,1998.52,2003.63,1995.12,1
2012-10-10,1948.22,1961.9,1962.72,1948.22,1
2012-10-17,1955.15,1955.78,1965.53,1949.71,1
2012-10-24,1913.96,1907.16,1922.02,1901.62,1
2012-10-31,1912.06,1912.83,1918.4,1909.08,1
2012-11-07,1937.55,1933.79,1937.55,1916.81,1
2012-11-14,1894.04,1891.45,1895.48,1880.61,1
2012-11-21,1884.04,1895.72,1899.6,1878.25,1
2012-11-28,1912.78,1916.31,1916.76,1906.2,1
2012-12-05,1947.04,1933.45,1949.7,1930.15,1
2012-12-12,1975.44,1972.33,1975.44,1966.91,1
2012-12-20,1999.5,2002.11,2006.08,1991.81,1
2012-12-28,1997.05,1984.84,2002.67,1984.84,1
2013-01-08,1997.94,2003.22,2009.99,1997.91,1
2013-01-15,1983.74,2006.89,2016.37,1983.74,1
2013-01-22,1996.52,1986.58,1999.35,1981.88,1
2013-01-29,1955.96,1946.11,1958.88,1944.81,1
2013-02-05,1938.18,1936.92,1944,1928.75,1
2013-02-13,1976.07,1952.86,1976.07,1950.58,1
2013-02-20,2024.64,1997.04,2024.64,1995.31,1
2013-02-27,2004.04,2008.94,2014.96,1999.65,1
2013-03-07,2004.4,2018.63,2018.63,1998.29,1
2013-03-14,2002.13,2000.07,2002.13,1978.57,1
2013-03-21,1950.82,1969.3,1973.26,1950.82,1
2013-03-28,1993.52,1989.7,1995.31,1985.45,1
2013-04-04,1959.45,1963.39,1965.19,1938.89,1
2013-04-11,1949.8,1944.53,1949.8,1926.54,1
2013-04-18,1900.06,1916.55,1919.53,1900.05,1
2013-04-25,1951.6,1937.88,1951.66,1935.81,1
2013-05-03,1965.71,1967.88,1968.04,1953.4,1
2013-05-10,1944.75,1975.48,1975.48,1944.75,1
2013-05-20,1982.43,1990.36,1991.27,1982.43,1
2013-05-27,1979.97,1974.59,1984.13,1971.53,1
2013-06-03,1989.57,1993.11,2000.56,1989.51,1
2013-06-11,1920.68,1933.1,1933.34,1910.05,1
2013-06-18,1900.62,1887.72,1900.63,1872.7,1
2013-06-25,1780.63,1790.33,1807.62,1770.53,1
2013-07-02,1855.02,1861.26,1867.18,1850.29,1
2013-07-09,1830.35,1828.63,1831.35,1815.03,1
2013-07-16,1866.36,1875.53,1875.68,1860.37,1
2013-07-23,1904.15,1890.55,1904.15,1885.57,1
2013-07-30,1917.05,1901.88,1917.11,1900.54,1
2013-08-06,1906.62,1914.06,1914.06,1895.87,1
2013-08-13,1913.03,1893.42,1913.03,1890.78,1
2013-08-21,1867.46,1891.01,1894.74,1863.6,1
2013-08-28,1884.52,1862.51,1885.35,1861.56,1
2013-09-04,1933.03,1929.6,1938.26,1921.93,1
2013-09-11,2003.85,1995.96,2003.85,1987.4,1
2013-09-23,2009.41,2000.72,2015.18,1994.77,1
2013-09-30,1996.96,2002.02,2005.41,1994.22,1
2013-10-08,2002.76,1987.97,2002.78,1981.21,1
2013-10-16,2034.61,2040.03,2049.5,2033.75,1
2013-10-23,2035.75,2062.81,2063.28,2035.75,1
2013-10-30,2059.58,2055,2059.58,2043.93,1
2013-11-06,2013.67,2015.32,2023.52,2011.41,1
2013-11-13,1963.56,1993.16,1993.16,1963.56,1
2013-11-20,2017.24,2028.34,2029.61,2010.74,1
2013-11-27,2028.81,2016.28,2028.81,2010.84,1
2013-12-04,1986.8,1998.69,2006.71,1986.8,1
2013-12-11,1977.97,1987.22,2000.15,1972.87,1
2013-12-18,1974.63,1971.85,1982.42,1966.18,1
2013-12-26,1999.3,2004.25,2009.96,1997.34,1
2014-01-03,1946.14,1963.72,1964.63,1936.15,1
2014-01-10,1938.54,1949.53,1956.97,1931.16,1
2014-01-17,1944.48,1958.5,1962.64,1943.13,1
2014-01-24,1940.56,1941.55,1947.01,1924.49,1
2014-02-04,1886.85,1894.96,1898.08,1885.53,1
2014-02-11,1932.06,1924.45,1935.29,1920.55,1
2014-02-18,1946.91,1946.88,1951.06,1935.6,1
2014-02-25,1964.86,1958.3,1964.86,1955.7,1
2014-03-04,1954.11,1954.58,1963.56,1952.61,1
2014-03-11,1963.87,1957.22,1963.87,1951.2,1
2014-03-18,1940.21,1941.12,1946.14,1931.83,1
2014-03-25,1941.25,1940.9,1946.09,1936.62,1
2014-04-01,1991.98,1983.78,1991.98,1976.06,1
2014-04-08,1993.03,1977.61,1994.58,1977.61,1
2014-04-15,1992.27,2008.49,2009.04,1990.34,1
2014-04-22,2004.22,2000.94,2004.42,1991.47,1
2014-04-29,1964.77,1974.67,1976.17,1960.36,1
2014-05-09,1956.55,1953.48,1958.34,1949.64,1
2014-05-16,2013.44,2003.48,2013.44,1997.27,1
2014-05-23,2017.17,2013.09,2017.96,2011.76,1
2014-05-30,1994.96,2015.37,2019.17,1994.96,1
2014-06-10,2011.8,2000.89,2011.87,1996.21,1
2014-06-17,2001.55,1994.89,2002.96,1991.53,1
2014-06-24,1994.35,1976.24,1998.31,1976.24,1
2014-07-01,1999,1993.29,1999,1987.89,1
2014-07-08,2006.66,2003.55,2009.22,1997.87,1
2014-07-15,2012.72,2004.93,2015.54,2004.49,1
2014-07-22,2028.93,2021.18,2028.93,2017.76,1
2014-07-29,2061.97,2054.03,2065.96,2053.41,1
2014-08-05,2066.26,2076.17,2077.73,2058.92,1
2014-08-12,2041.47,2048.39,2055.85,2038.14,1
2014-08-20,2072.78,2080.77,2082.21,2063.61,1
2014-08-27,2074.93,2075.45,2081.83,2070.77,1
2014-09-03,2051.2,2050.09,2054.08,2040.44,1
2014-09-15,2035.82,2039.03,2040.08,2028.8,1
2014-09-22,2039.27,2053.3,2053.3,2032.36,1
2014-09-29,2026.6,2035.93,2036.44,2021.37,1
2014-10-07,1972.91,1979.83,1982.96,1966.22,1
2014-10-15,1925.91,1932.11,1938.85,1918.77,1
2014-10-22,1936.97,1936.91,1936.99,1924.21,1
2014-10-29,1961.17,1938.8,1961.49,1931.59,1
2014-11-05,1931.43,1938.61,1944.5,1928.99,1
2014-11-12,1967.27,1965.21,1974.69,1961.66,1
2014-11-19,1966.87,1974.41,1974.41,1959.21,1
2014-11-26,1980.84,1984.83,1985.43,1972.95,1
2014-12-03,1969.91,1969.57,1973.96,1964.77,1
2014-12-10,1945.56,1964.04,1966.11,1943.27,1
2014-12-17,1900.16,1913.28,1913.28,1900.16,1
2014-12-24,1946.61,1940.76,1947.35,1936.74,1
2015-01-05,1915.75,1921.96,1921.96,1903.37,1
2015-01-12,1920.95,1918.18,1924.66,1917.88,1
2015-01-19,1902.62,1902.81,1912.42,1900.26,1
2015-01-26,1935.68,1928.26,1936.4,1924.14,1
2015-02-02,1952.68,1947.91,1956.1,1944.58,1
2015-02-09,1947,1949.5,1952.86,1944.79,1
2015-02-16,1958.23,1960.03,1963.44,1955.39,1
2015-02-26,1993.08,1993.27,1993.43,1983.94,1
2015-03-05,1998.38,1996.81,2002.48,1993.92,1
2015-03-12,1970.59,1979.22,1988.77,1970.59,1
2015-03-19,2037.89,2047.13,2047.13,2031.07,1
2015-03-26,2022.56,2027.2,2036.7,2019.51,1
2015-04-02,2029.07,2036.9,2040.45,2028.22,1
2015-04-09,2058.87,2060.3,2064.46,2054.17,1
2015-04-16,2139.9,2134.14,2139.9,2125.54,1
2015-04-23,2173.41,2156.94,2174.72,2139.33,1
2015-04-30,2127.17,2134.94,2136.9,2121.29,1
2015-05-11,2097.38,2106.12,2110.79,2097.38,1
2015-05-18,2113.72,2108.15,2113.72,2099.48,1
2015-05-26,2143.5,2146.47,2148.7,2130.3,1
2015-06-02,2078.64,2102.62,2107.17,2076.16,1
2015-06-09,2064.03,2063.4,2073.75,2057.21,1
2015-06-16,2028.72,2045.01,2045.77,2008.46,1
2015-06-23,2081.2,2071.3,2086.09,2066.21,1
2015-06-30,2074.2,2054.83,2075.02,2049.44,1
2015-07-07,2040.29,2067.04,2067.93,2028.98,1
2015-07-14,2059.23,2070.44,2070.44,2052.21,1
2015-07-21,2083.62,2082.18,2088.24,2069.21,1
2015-07-28,2039.1,2026.33,2045.55,2015.91,1
2015-08-04,2027.99,2007.75,2027.99,2007.66,1
2015-08-11,1986.65,2020.15,2021.81,1986.46,1
2015-08-19,1939.38,1954.56,1959.51,1915.91,1
2015-08-26,1894.09,1843.7,1895.45,1835.58,1
2015-09-02,1915.22,1886.14,1920.62,1883.5,1
2015-09-09,1934.2,1903.28,1934.2,1902.93,1
2015-09-16,1975.45,1949.49,1978.68,1949.15,1
2015-09-23,1944.64,1960.33,1968.16,1944.51,1
2015-10-02,1969.68,1979.41,1985.57,1969.68,1
2015-10-12,2021.63,2022.33,2030.92,2015.43,1
2015-10-19,2030.27,2032.36,2036.3,2022.25,1
2015-10-26,2048.08,2049.41,2049.6,2039.97,1
2015-11-02,2035.24,2033.15,2036.05,2028.2,1
2015-11-09,2025.7,2038.59,2038.59,2022.52,1
2015-11-16,1943.02,1945.68,1956.09,1942.85,1
2015-11-23,2003.7,1995.92,2008.34,1992.86,1
2015-11-30,1991.97,2022.38,2022.38,1987.12,1
2015-12-07,1963.67,1987.62,1988.04,1963.66,1
2015-12-14,1927.82,1926.36,1930.4,1919.22,1
2015-12-21,1981.19,1974.26,1986.66,1968.14,1
2015-12-29,1966.31,1956.49,1968.57,1946.21,1
2016-01-07,1904.33,1915.71,1926.41,1901.24,1
2016-01-14,1900.01,1893.18,1900.48,1882.02,1
2016-01-21,1840.53,1848.1,1860.02,1838.04,1
2016-01-28,1906.94,1885.38,1907.56,1877.78,1
2016-02-04,1916.26,1900.48,1917.09,1897.18,1
2016-02-16,1888.3,1870.1,1892.15,1868.11,1
2016-02-23,1914.22,1928.85,1929.53,1909.79,1
2016-03-02,1947.42,1944.27,1949.94,1942.24,1
2016-03-09,1952.95,1940.55,1952.95,1938.32,1
2016-03-16,1974.9,1971.58,1982.08,1969.66,1
2016-03-23,1995.12,1996.47,2001.67,1989.84,1
2016-03-30,2002.14,2005.24,2009.1,1998.51,1
2016-04-06,1971.32,1963.17,1975.09,1961.51,1
2016-04-14,2015.93,2004.15,2016.03,2000.83,1
2016-04-21,2022.1,2014.6,2022.1,2009.45,1
2016-04-28,2000.93,2020.83,2022.99,1998.6,1
2016-05-09,1967.81,1974.52,1976.14,1962.92,1
2016-05-16,1967.91,1961.91,1970.53,1961.32,1
2016-05-23,1955.25,1954.26,1956.77,1940.44,1
2016-05-30,1967.13,1969.72,1970.54,1955.49,1
2016-06-07,2011.63,1993.08,2011.67,1992.77,1
2016-06-14,1972.03,1976.8,1982.32,1965.34,1
2016-06-21,1982.7,1977.8,1983.87,1971.99,1
2016-06-28,1936.22,1907.71,1937.99,1907.49,1
2016-07-05,1989.85,1995.69,1996.77,1985.94,1
2016-07-12,1991.23,1991.13,1998.03,1986.45,1
2016-07-19,2016.89,2022.8,2023.22,2010.27,1
2016-07-26,2027.34,2009.4,2027.34,2008.25,1
2016-08-02,2019.03,2023.55,2026.1,2017.59,1
2016-08-09,2043.78,2033.52,2046.03,2032.18,1
2016-08-17,2043.75,2045.37,2048.29,2032.53,1
2016-08-24,2043.76,2050.82,2052.74,2039.53,1
2016-08-31,2034.65,2038.58,2041.17,2027.24,1
2016-09-07,2061.88,2068.81,2073.89,2061.88,1
2016-09-19,2015.78,1997.43,2019.45,1997.1,1
2016-09-26,2047.11,2052.76,2060.71,2042.7,1
2016-10-04,2054.86,2056.94,2059.25,2050.46,1
2016-10-11,2031.93,2053.29,2060.78,2030.51,1
2016-10-18,2040.43,2027.81,2040.72,2026.47,1
2016-10-25,2037.17,2042.29,2042.65,2031.25,1
2016-11-01,2007.39,2003.41,2010.51,1990.45,1
2016-11-08,2003.38,2009.56,2010.17,1994.33,1
2016-11-15,1967.53,1977.33,1978.94,1967.21,1
2016-11-22,1983.47,1976.07,1986.82,1974.05,1
2016-11-29,1978.39,1977.1,1982.53,1972.31,1
2016-12-06,1989.86,1976.51,1993.47,1976.51,1
2016-12-13,2035.98,2026.39,2035.99,2023.61,1
2016-12-20,2041.94,2044.87,2047.38,2040.81,1
2016-12-27,2042.17,2040.74,2044.43,2037.12,1
2017-01-04,2045.64,2046.29,2046.29,2040.61,1
2017-01-11,2075.17,2048.08,2079.7,2047.56,1
2017-01-18,2070.54,2073.77,2075.23,2058.35,1
2017-01-25,2066.94,2075.33,2077.72,2062.96,1
2017-02-03,2073.16,2075.9,2079.85,2064.05,1
2017-02-10,2075.08,2075.8,2080.74,2072.23,1
2017-02-17,2080.58,2072.57,2081.18,2072.57,1
2017-02-24,2094.12,2106.43,2107.83,2090.05,1
2017-03-06,2081.36,2073.2,2083.8,2067.68,1
2017-03-13,2117.59,2102.37,2122.88,2100.91,1
2017-03-20,2157.01,2160.32,2160.57,2151.51,1
2017-03-27,2155.66,2161.17,2165.25,2153.14,1
2017-04-03,2167.51,2166.04,2171.33,2161.26,1
2017-04-10,2133.32,2148.83,2148.83,2128.35,1
2017-04-17,2145.76,2140.87,2150.7,2138.7,1
2017-04-24,2173.74,2175.5,2177.89,2166.83,1
2017-05-02,2219.67,2213.61,2229.74,2212.87,1
2017-05-12,2286.02,2296.06,2296.51,2283.38,1
2017-05-19,2288.48,2286.78,2293.82,2282.13,1
2017-05-26,2355.3,2344.39,2364.8,2341.61,1
2017-06-02,2371.72,2353.77,2372.65,2353.45,1
2017-06-12,2357.87,2370.69,2374.7,2353.35,1
2017-06-19,2370.9,2364.02,2377.2,2356.84,1
2017-06-26,2388.66,2381.09,2390.7,2377.88,1
2017-07-03,2394.48,2397.66,2399.9,2384.55,1
2017-07-10,2382.1,2386.3,2389.87,2378.04,1
2017-07-17,2425.1,2427.76,2430.34,2419.91,1
2017-07-24,2451.53,2451.41,2451.53,2443.65,1
2017-07-31,2402.71,2392.02,2403.9,2388.39,1
2017-08-07,2398.75,2402.57,2412.13,2395.74,1
2017-08-14,2334.22,2336.02,2341.78,2327.8,1
2017-08-22,2365.33,2360.29,2369.02,2359.97,1
2017-08-29,2364.74,2356.2,2364.74,2332.85,1
2017-09-05,2326.62,2340.62,2340.62,2319.94,1
2017-09-12,2365.47,2372.02,2372.45,2359.12,1
2017-09-19,2416.05,2419.3,2422.05,2411.68,1
2017-09-26,2374.32,2371.62,2381.31,2365.34,1
2017-10-11,2458.16,2442.49,2458.16,2439.81,1
2017-10-18,2482.91,2481.53,2490.58,2475.67,1
2017-10-25,2492.5,2495.87,2497.41,2481.48,1
2017-11-01,2556.47,2535.97,2556.47,2535.83,1
2017-11-08,2552.4,2534.48,2558.74,2533.73,1
2017-11-15,2518.25,2525.6,2526.61,2511.76,1
2017-11-22,2540.51,2546.61,2553.22,2535.19,1
2017-11-29,2512.9,2517.26,2524.41,2508.66,1
2017-12-06,2474.37,2510.19,2510.47,2474.29,1
2017-12-13,2480.55,2462.42,2481.92,2457.7,1
2017-12-20,2472.37,2473.82,2484.5,2470.62,1
2017-12-28,2467.49,2439.31,2467.51,2437.26,1
2018-01-08,2513.28,2510.7,2515.37,2494.18,1
2018-01-15,2503.73,2510.97,2513.3,2496.18,1
2018-01-22,2502.11,2516.9,2517.12,2488.44,1
2018-01-29,2598.19,2588.87,2607.1,2587.55,1
2018-02-05,2491.75,2487.34,2503.99,2476.24,1
2018-02-12,2385.38,2380.49,2397.9,2367.31,1
2018-02-21,2429.65,2417.73,2432.45,2404.02,1
2018-02-28,2427.36,2447.11,2460.12,2426.21,1
2018-03-08,2433.08,2420.67,2433.08,2407.59,1
2018-03-15,2492.38,2486,2496.51,2471.04,1
2018-03-22,2496.02,2494.84,2508.71,2485.34,1
2018-03-29,2436.37,2421.7,2439.47,2413.71,1
2018-04-05,2437.52,2426.92,2446.78,2420.92,1
2018-04-12,2442.71,2450.95,2454.95,2441.58,1
2018-04-19,2486.1,2483.26,2490.57,2476.51,1
2018-04-26,2475.64,2460.62,2484.09,2456.2,1
2018-05-04,2461.38,2486.47,2487.77,2461.38,1
2018-05-14,2476.11,2482.97,2486.17,2471.91,1
2018-05-21,2465.57,2464.07,2472.3,2447.69,1
2018-05-29,2457.25,2476.7,2479.68,2457.18,1
2018-06-05,2453.76,2450.39,2455.78,2432.81,1
2018-06-14,2423.48,2450.86,2451.95,2422.37,1
2018-06-21,2337.83,2364.16,2370.58,2337.83,1
2018-06-28,2314.24,2327.37,2335.35,2310.8,1
2018-07-05,2257.55,2264.74,2274.74,2243.9,1
2018-07-12,2285.06,2285.93,2298.56,2277.73,1
2018-07-19,2282.29,2298.91,2300.18,2278.94,1
2018-07-26,2289.06,2284.51,2297.16,2276.54,1
2018-08-02,2270.2,2304.14,2306.72,2265.46,1
2018-08-09,2303.71,2303.04,2303.71,2291.91,1
2018-08-17,2247.05,2244.61,2250.92,2240.14,1
2018-08-24,2293.21,2276.16,2295.22,2271.35,1
2018-08-31,2322.88,2298.13,2322.88,2295.72,1
2018-09-07,2281.58,2278.08,2286.82,2264.9,1
2018-09-14,2318.25,2304.7,2318.65,2304.15,1
2018-09-21,2339.17,2332.04,2339.17,2325.12,1
2018-10-04,2274.49,2311.06,2311.06,2270.22,1
2018-10-12,2161.85,2131.66,2173.01,2129.13,1
2018-10-19,2156.26,2130.06,2158.78,2117.62,1
2018-10-26,2027.15,2066.57,2066.57,2008.86,1
2018-11-02,2096,2046.61,2096.63,2044.94,1
2018-11-09,2086.09,2093.89,2101.92,2082.47,1
2018-11-16,2092.4,2097.94,2103.11,2086.54,1
2018-11-23,2057.48,2073.26,2075.91,2047.96,1
2018-11-30,2096.86,2116.83,2122.33,2093.83,1
2018-12-07,2075.76,2081.68,2086.84,2065.62,1
2018-12-14,2069.38,2095.64,2095.64,2061.4,1
2018-12-21,2061.49,2052.7,2061.51,2049.76,1
2019-01-02,2010,2050.55,2053.45,2004.27,1
2019-01-09,2064.71,2034.19,2068.23,2034.19,1
2019-01-16,2106.1,2098.65,2106.35,2091.92,1
2019-01-23,2127.78,2108.72,2131.05,2106.74,1
2019-01-30,2206.2,2183.49,2206.2,2177.88,1
2019-02-11,2180.73,2180.54,2181.58,2167.36,1
2019-02-18,2210.89,2207.36,2217.32,2203,1
2019-02-25,2232.56,2241.13,2241.76,2224.64,1
2019-03-05,2179.23,2183.35,2185.74,2171.33,1
2019-03-12,2157.18,2154.61,2161.69,2150.96,1
2019-03-19,2177.62,2183.03,2183.76,2171.05,1
2019-03-26,2148.8,2152.98,2153.9,2143.63,1
2019-04-02,2177.18,2177.2,2181.37,2171.84,1
2019-04-09,2213.56,2212.32,2221.62,2203.54,1
2019-04-16,2248.63,2241.06,2249.89,2235.72,1
2019-04-23,2220.51,2217.61,2223.92,2212.14,1
2019-04-30,2203.59,2213.43,2215.77,2186.33,1
2019-05-09,2102.01,2159.79,2164.98,2102.01,1
2019-05-16,2067.69,2094.88,2095.58,2062.44,1
2019-05-23,2059.59,2063.25,2065.86,2046.82,1
2019-05-30,2038.8,2024.33,2040.66,2023.91,1
2019-06-07,2072.33,2070.78,2081.16,2057.97,1
2019-06-14,2095.41,2096.32,2103.02,2087.47,1
2019-06-21,2125.62,2132.38,2132.68,2120.15,1
2019-06-28,2130.62,2135.06,2139.24,2123.97,1
2019-07-05,2110.59,2111,2115.43,2096.23,1
2019-07-12,2086.66,2083.53,2090.43,2077.35,1
2019-07-19,2094.36,2080.21,2096.73,2076.51,1
2019-07-26,2066.26,2063.35,2068.16,2054.64,1
2019-08-02,1998.13,1995.31,2005.31,1987.12,1
2019-08-09,1937.75,1940.06,1946.94,1936.14,1
2019-08-19,1939.9,1936.64,1943.09,1931.44,1
2019-08-26,1916.31,1915.34,1924.49,1909.92,1
2019-09-02,1969.19,1961.19,1973.25,1958.59,1
2019-09-09,2019.55,2013.38,2029.8,2013.28,1
2019-09-18,2070.73,2064.42,2075.63,2058.52,1
2019-09-25,2073.39,2093.47,2095.27,2072.41,1
2019-10-02,2031.91,2058.23,2058.23,2031.91,1
2019-10-11,2044.61,2048.08,2053.94,2040.48,1
2019-10-18,2060.69,2082.23,2088.54,2057.89,1
2019-10-25,2087.89,2091.16,2091.24,2079.3,1
2019-11-01,2100.2,2084.79,2100.42,2081.53,1
2019-11-08,2137.23,2154.18,2155.94,2133.75,1
2019-11-15,2162.18,2137.96,2165.02,2135.26,1
2019-11-22,2101.96,2098.89,2106.42,2093.99,1
2019-11-29,2087.96,2125.53,2125.53,2085.1,1
2019-12-06,2081.85,2072.44,2084.44,2070.17,1
2019-12-13,2170.25,2164.63,2170.25,2159.45,1
2019-12-20,2204.18,2205.57,2206.82,2194.8,1
2019-12-30,2197.67,2202.62,2208.04,2195.65,1
2020-01-08,2151.31,2156.27,2162.32,2137.72,1
2020-01-15,2230.98,2229.8,2238.21,2223.39,1
2020-01-22,2267.25,2238.53,2269.27,2235.13,1
2020-01-31,2119.01,2160.6,2167.23,2119.01,1
2020-02-07,2211.95,2221.49,2223.92,2198.14,1
2020-02-14,2243.59,2232.71,2251.5,2221.9,1
2020-02-21,2162.84,2165.65,2184.43,2160.28,1
2020-02-28,1987.01,2020.17,2031.01,1980.82,1
2020-03-06,2040.22,2053.09,2062.57,2032.13,1
2020-03-13,1771.44,1722.68,1809.31,1680.6,1
2020-03-20,1566.15,1498.49,1566.82,1466.48,1
2020-03-27,1717.73,1756.07,1759.05,1668.21,1
2020-04-03,1725.44,1731.17,1743.91,1706.68,1
2020-04-10,1860.7,1835.76,1861.1,1824.43,1
2020-04-20,1898.36,1908.34,1925.25,1893.17,1
2020-04-27,1922.77,1897.06,1929.82,1894.62,1
2020-05-07,1928.61,1922,1938.5,1918.57,1
2020-05-14,1924.96,1922.44,1931.43,1913.49,1
2020-05-21,1998.31,2003.2,2004.95,1993,1
2020-05-28,2028.54,2047.08,2054.52,2003.75,1
2020-06-04,2151.18,2181.64,2191,2139.68,1
2020-06-11,2176.78,2184.36,2200.72,2148.51,1
2020-06-18,2133.48,2134.35,2145.13,2120.29,1
2020-06-25,2112.37,2130.45,2143.33,2112.37,1
2020-07-02,2135.37,2116.72,2135.37,2113.98,1
2020-07-09,2167.9,2171.15,2181.48,2166.74,1
2020-07-16,2183.76,2203.3,2207.34,2177.82,1
2020-07-23,2216.19,2227.24,2227.24,2202.99,1
2020-07-30,2267.01,2275.33,2281.33,2263.81,1
2020-08-06,2342.61,2322.64,2352.48,2322.64,1
2020-08-13,2437.53,2455.28,2458.17,2412.49,1
2020-08-21,2304.59,2306.16,2329.34,2280.97,1
2020-08-28,2353.8,2362.22,2379.26,2345.28,1
2020-09-04,2368.25,2332.68,2371.02,2332.68,1
2020-09-11,2396.69,2389.76,2397.56,2374,1
2020-09-18,2412.4,2413.53,2417.81,2396.33,1
2020-09-25,2278.79,2295.19,2296.36,2267.63,1
2020-10-07,2386.94,2350.82,2387.45,2347.82,1
2020-10-15,2361.21,2375.91,2376.73,2348.74,1
2020-10-22,2355.05,2355.61,2360.22,2339.73,1
2020-10-29,2326.67,2312.34,2330.17,2299.91,1
2020-11-05,2413.79,2373.41,2413.79,2370.85,1
2020-11-12,2475.62,2482.68,2488.79,2467.04,1
2020-11-19,2547.42,2536.89,2548.95,2529.53,1
2020-11-26,2625.91,2605.73,2625.97,2592.43,1
2020-12-03,2696.22,2686.38,2696.22,2672.85,1
2020-12-10,2746.46,2750.34,2765.46,2718.7,1
2020-12-17,2770.43,2769.89,2772.71,2742.25,1
2020-12-24,2806.86,2762.6,2812.16,2762.6,1
2021-01-05,2990.57,2943.67,2990.57,2921.84,1
2021-01-12,3125.95,3145.87,3154.79,3047.56,1
2021-01-19,3092.66,3013.05,3107,3011.32,1
2021-01-26,3140.31,3203.96,3209.18,3132.67,1
2021-02-02,3096.81,3065.56,3138.95,3065.56,1
2021-02-09,3084.67,3102.25,3129.66,3084.67,1
2021-02-18,3086.66,3131.74,3140.4,3086.66,1
2021-02-25,3099.69,3026.47,3099.8,3026.47,1
2021-03-05,3026.26,3036.16,3036.98,2982.45,1
2021-03-12,3054.39,3030.73,3061.43,3030.73,1
2021-03-19,3039.53,3063.01,3063.01,3022.49,1
2021-03-26,3041.01,3012.79,3041.86,3012.79,1
2021-04-02,3112.8,3104.72,3121.58,3101.6,1
2021-04-09,3131.88,3146.51,3156.04,3125.24,1
2021-04-16,3198.62,3194.08,3206.76,3185.67,1
2021-04-23,3186.1,3173.47,3188.7,3146.54,1
2021-04-30,3147.86,3176.43,3179.43,3143.38,1
2021-05-10,3249.3,3201.46,3255.9,3201.46,1
2021-05-17,3134.52,3163.21,3173.01,3121.32,1
2021-05-25,3171.32,3152.93,3173.1,3148.3,1
2021-06-01,3221.87,3207.12,3233.17,3199.18,1
2021-06-08,3247.83,3251.83,3264.67,3242.56,1
2021-06-15,3258.63,3253.17,3262.8,3247.9,1
2021-06-22,3263.88,3245.79,3267.63,3245.79,1
2021-06-29,3286.68,3305.26,3305.42,3276.63,1
2021-07-06,3305.21,3295.44,3313.51,3295.44,1
2021-07-13,3271.38,3253.24,3273.9,3253.24,1
2021-07-20,3232.7,3223.24,3234.8,3214.42,1
2021-07-27,3232.53,3244.43,3252.85,3230.75,1
2021-08-03,3237.14,3221.57,3237.14,3213.2,1
2021-08-10,3243.19,3272.44,3272.44,3232.46,1
2021-08-18,3158.93,3141.98,3175.88,3124.56,1
2021-08-25,3146.81,3148.13,3161,3124.25,1
2021-09-01,3207.02,3195.67,3215.13,3185.8,1
2021-09-08,3162.99,3178.74,3187.55,3157.07,1
2021-09-15,3153.4,3147.21,3164.01,3138.8,1
2021-09-27,3133.64,3121.7,3146.35,3119.26,1
2021-10-05,2962.17,2998.17,2998.17,2940.59,1
2021-10-13,2944.41,2913.34,2953.33,2909.47,1
2021-10-20,3013.13,3043.13,3047.24,3012.97,1
2021-10-27,3025.49,3045.83,3049.02,3019,1
2021-11-03,2975.71,3020.36,3020.87,2969.01,1
2021-11-10,2930.17,2947.46,2958.61,2924.36,1
2021-11-17,2962.42,3004.02,3004.67,2957.7,1
2021-11-24,2994.29,3006.34,3017.9,2981.02,1
2021-12-01,2899.72,2860.12,2905.74,2837.03,1
2021-12-08,3001.8,3017.93,3036.13,2995.34,1
2021-12-15,2989.39,2979.83,2992.3,2973,1
2021-12-22,2984.48,2993.5,3000.79,2976.65,1
2021-12-29,2993.29,3002.9,3007.72,2988.67,1
2022-01-06,2920.53,2925.4,2952.54,2915.38,1
2022-01-13,2962.09,2979.91,2982.14,2958.39,1
2022-01-20,2862.68,2842.28,2862.7,2830.97,1
2022-01-27,2614.49,2709.24,2722.86,2614.49,1
2022-02-08,2746.47,2767.76,2779.85,2726.72,1
2022-02-15,2676.54,2712.45,2716.45,2665.47,1
2022-02-22,2706.79,2705.08,2721.84,2690.09,1
2022-03-02,2703.52,2698.31,2716.46,2692.24,1
2022-03-10,2680.32,2660.86,2682.79,2660.86,1
2022-03-17,2694.51,2703.27,2714,2694.51,1
2022-03-24,2729.66,2716.25,2729.66,2705.14,1
2022-03-31,2757.65,2743.24,2765.2,2743.2,1
2022-04-07,2695.86,2714.7,2718.5,2693.36,1
2022-04-14,2716.71,2719.34,2720.3,2702.61,1
2022-04-21,2728.21,2725.71,2737.54,2725.04,1
2022-04-28,2667.49,2656.54,2667.49,2638.37,1
2022-05-06,2644.51,2650.89,2652.51,2635.97,1
2022-05-13,2604.24,2570.01,2605.84,2565.96,1
2022-05-20,2639.29,2605.78,2641.68,2605.38,1
2022-05-27,2638.05,2640.75,2644.71,2631.49,1
2022-06-07,2626.34,2659.27,2662.04,2622.78,1
2022-06-14,2492.97,2472.96,2503.17,2457.39,1
2022-06-21,2408.93,2402.99,2423.48,2385.6,1
2022-06-28,2422.09,2405.2,2422.1,2393.96,1
2022-07-05,2341.78,2322.11,2344.08,2309.62,1
2022-07-12,2317.76,2330.88,2333.02,2303.74,1
2022-07-19,2370.97,2367.52,2372.74,2359.59,1
2022-07-26,2412.96,2397.27,2415.39,2395.17,1
2022-08-02,2439.62,2451,2451.07,2428.76,1
2022-08-09,2503.46,2493.57,2506.49,2481.36,1
2022-08-17,2516.47,2536.57,2543.15,2512.01,1
2022-08-24,2447.45,2446.18,2454.01,2430.69,1
2022-08-31,2472.05,2433.47,2473.75,2426.14,1
2022-09-07,2376.46,2395.66,2398.4,2365.35,1
2022-09-16,2382.78,2387.56,2395.1,2371.11,1
2022-09-23,2290,2331.33,2334.06,2285.71,1
2022-09-30,2155.49,2161.11,2177.2,2134.77,1
2022-10-11,2192.07,2193.02,2193.05,2174.06,1
2022-10-18,2249.95,2249.15,2251.74,2220.71,1
2022-10-25,2235.07,2237.04,2253.24,2230.75,1
2022-11-01,2335.22,2301.58,2335.57,2297.57,1
2022-11-08,2399.04,2387.2,2400.39,2375.67,1
2022-11-15,2480.33,2482.76,2485.2,2463.65,1
2022-11-22,2405.27,2405.96,2426.4,2401.5,1
2022-11-29,2433.39,2405.54,2433.87,2401.1,1
2022-12-06,2393.16,2397.7,2416.88,2390.2,1
2022-12-13,2372.4,2385.05,2388.27,2364.87,1
2022-12-20,2333.29,2344.73,2353.86,2324.66,1
2022-12-27,2332.79,2327.52,2335.99,2321.48,1
2023-01-04,2255.98,2205.98,2260.06,2198.82,1
2023-01-11,2359.53,2364.05,2369.66,2350.36,1
2023-01-18,2368.32,2380.36,2383,2356.84,1
2023-01-27,2484.02,2474.52,2497.4,2464.53,1
2023-02-03,2480.4,2466.54,2485.08,2460.21,1
2023-02-10,2469.73,2470.65,2473.8,2454.74,1
2023-02-17,2451.21,2447.66,2471.51,2445.74,1
2023-02-24,2423.61,2442.49,2452.97,2421.47,1
2023-03-06,2462.62,2452.46,2464.45,2441.07,1
2023-03-13,2410.6,2400.45,2413.24,2369.79,1
2023-03-20,2379.2,2391.87,2405.99,2378.7,1
2023-03-27,2409.22,2423.94,2423.94,2395.97,1
2023-04-03,2472.34,2485.81,2485.81,2467.59,1
2023-04-10,2512.08,2491.68,2519.99,2490.17,1
2023-04-17,2575.91,2570.3,2577.08,2561.14,1
2023-04-24,2523.5,2538.36,2541.89,2518.73,1
2023-05-02,2524.39,2504.01,2524.42,2503.21,1
2023-05-10,2496.51,2505.96,2510.13,2488.42,1
2023-05-17,2494.66,2479.65,2498.37,2475.02,1
2023-05-24,2567.45,2557.11,2572.21,2555.04,1
2023-06-01,2569.17,2572.56,2580.15,2565,1
2023-06-09,2641.16,2624.15,2644.7,2618.45,1
2023-06-16,2625.79,2623.57,2625.79,2612.21,1
2023-06-23,2570.1,2599.04,2600.81,2568.07,1
2023-06-30,2564.28,2558.43,2571.03,2541.72,1
2023-07-07,2526.71,2547.41,2547.41,2515.07,1
2023-07-14,2628.3,2607.47,2628.3,2603.36,1
2023-07-21,2609.76,2581.06,2609.76,2570.58,1
2023-07-28,2608.32,2593.67,2609.54,2586.33,1
2023-08-04,2602.8,2606.17,2612.3,2598.38,1
2023-08-11,2591.26,2611.25,2616.84,2589.94,1
2023-08-21,2508.8,2511.7,2524.41,2505.59,1
2023-08-28,2543.41,2534.42,2543.41,2525.64,1
2023-09-04,2584.55,2566.93,2584.55,2560.32,1
2023-09-11,2556.88,2549.88,2556.89,2540.44,1
2023-09-18,2574.72,2588.69,2596.55,2573.26,1
2023-09-25,2495.76,2504.1,2509.38,2486.44,1
2023-10-06,2408.73,2408.81,2421.18,2403.92,1
2023-10-16,2436.24,2442.43,2453.77,2422.52,1
2023-10-23,2357.02,2370.07,2375.79,2354.7,1
2023-10-30,2310.55,2292.34,2317.75,2292.34,1
2023-11-06,2502.37,2399.8,2502.37,2395.03,1
2023-11-13,2403.76,2431.24,2435.32,2399.04,1
2023-11-20,2491.2,2464.72,2499.75,2464.04,1
2023-11-27,2495.66,2501.83,2511.37,2489.18,1
2023-12-04,2514.95,2522.22,2525.63,2510.52,1
2023-12-11,2525.36,2524.79,2528.89,2512.45,1
2023-12-18,2566.86,2568.77,2573.13,2556.05,1
2023-12-26,2602.59,2609.44,2612.14,2594.65,1
2024-01-04,2587.02,2592.44,2602.64,2580.09,1
2024-01-11,2540.27,2543.03,2557.3,2540.27,1
2024-01-18,2440.04,2439.96,2453.97,2429.12,1
2024-01-25,2470.34,2467.73,2474.01,2452.36,1
2024-02-01,2542.46,2491.93,2542.46,2491.93,1
2024-02-08,2620.32,2620.26,2629.51,2610.21,1
2024-02-19,2680.26,2653.12,2683.39,2653.12,1
2024-02-26,2647.08,2657.35,2659.6,2629.78,1
2024-03-05,2649.4,2660.8,2684.83,2649.35,1
2024-03-12,2681.81,2673.47,2686.14,2659.72,1
2024-03-19,2656.17,2673.57,2673.57,2645.14,1
2024-03-26,2757.09,2756.42,2779.4,2752.27,1
2024-04-02,2753.16,2744.15,2760.33,2737.19,1
2024-04-09,2705.16,2733.23,2741.23,2703.96,1
2024-04-17,2584.18,2619.15,2626.63,2584.18,1
2024-04-24,2675.75,2662.84,2677.85,2662.84,1
2024-05-01,2692.06,2693.22,2710.23,2687.29,1
2024-05-09,2712.14,2743.29,2749.14,2710.25,1
2024-05-17,2724.62,2751.47,2752.17,2724.62,1
2024-05-24,2687.6,2693.65,2696.99,2681.17,1
2024-05-31,2636.52,2657.87,2664.48,2635.77,1
2024-06-10,2701.17,2698.71,2718.89,2689.19,1
2024-06-17,2744.1,2754.83,2759.86,2741.03,1
2024-06-24,2764.73,2772.85,2782.9,2758.09,1
2024-07-01,2804.31,2792.96,2805.95,2783.98,1
2024-07-08,2857.76,2862.58,2868.99,2855.53,1
2024-07-15,2860.92,2869.15,2872.9,2848.93,1
2024-07-22,2763.51,2790.99,2795.12,2752.63,1
2024-07-29,2765.53,2748.32,2776.86,2742.69,1
2024-08-05,2441.55,2611.3,2611.3,2386.96,1
2024-08-12,2618.3,2602.16,2622.86,2602.01,1
2024-08-20,2696.63,2699.74,2706.05,2686.06,1
2024-08-27,2689.25,2696.24,2700.18,2681.92,1
2024-09-03,2664.63,2683.12,2695.59,2664.63,1
2024-09-10,2523.43,2542.69,2544.83,2522.48,1
2024-09-20,2593.37,2603.83,2619.55,2591.4,1
2024-09-27,2649.78,2674.58,2681.45,2649.78,1
2024-10-08,2594.36,2592.65,2601.96,2581.79,1
2024-10-16,2610.36,2606.7,2622.33,2601.35,1
2024-10-23,2599.62,2575.25,2607.79,2567.42,1
2024-10-30,2593.79,2606.99,2613.47,2586.88,1
2024-11-06,2563.51,2591.9,2592.75,2544.04,1
2024-11-13,2417.08,2468.27,2478.87,2415.77,1
2024-11-20,2482.29,2475.76,2489.15,2471.79,1
2024-11-27,2503.06,2518.82,2526.32,2498.32,1
2024-12-04,2464,2450.76,2483.04,2442.46,1
2024-12-11,2442.51,2412.15,2443.34,2411.38,1
2024-12-18,2484.43,2463.06,2492,2462.82,1
2024-12-26,2429.67,2449.52,2449.52,2428.82,1
