2000-01-03,4131.15 ,4186.19 ,4192.19 ,3989.71 ,0
2000-01-07,3882.62 ,3711.09 ,3882.67 ,3711.09 ,0
2000-01-14,4064.27 ,4045.72 ,4091.95 ,4045.72 ,0
2000-01-24,4096.08 ,4290.38 ,4303.15 ,4095.31 ,0
2000-01-31,3940.35 ,3873.84 ,3940.46 ,3748.03 ,0
2000-02-07,4321.77 ,4274.03 ,4321.96 ,4244.15 ,0
2000-02-14,4418.55 ,4434.38 ,4435.96 ,4355.54 ,0
2000-02-22,4382.12 ,4432.83 ,4443.94 ,4291.01 ,0
2000-02-29,4696.69 ,4646.64 ,4698.46 ,4637.17 ,0
2000-03-07,4847.84 ,4991.97 ,5006.78 ,4829.88 ,0
2000-03-14,4706.63 ,4997.31 ,5013.49 ,4706.61 ,0
2000-03-21,4711.68 ,4589.52 ,4712.24 ,4467.53 ,0
2000-03-28,4833.89 ,4939.05 ,4952.93 ,4833.89 ,0
2000-04-04,4148.89 ,4283.45 ,4283.45 ,3649.11 ,0
2000-04-11,4055.90 ,4094.61 ,4182.96 ,4009.52 ,0
2000-04-18,3793.57 ,3596.15 ,3794.97 ,3563.83 ,0
2000-04-26,3630.09 ,3728.99 ,3777.08 ,3629.36 ,0
2000-05-03,3707.31 ,3755.30 ,3787.43 ,3592.79 ,0
2000-05-10,3384.73 ,3525.02 ,3584.83 ,3367.06 ,0
2000-05-17,3644.96 ,3649.54 ,3717.57 ,3616.27 ,0
2000-05-24,3270.61 ,3155.14 ,3276.19 ,3042.66 ,0
2000-06-01,3582.50 ,3471.95 ,3583.27 ,3400.91 ,0
2000-06-08,3825.56 ,3886.04 ,3890.02 ,3797.41 ,0
2000-06-15,3845.74 ,3802.19 ,3849.94 ,3763.74 ,0
2000-06-22,3936.84 ,4073.73 ,4073.73 ,3936.84 ,0
2000-06-29,3877.23 ,3900.29 ,3929.10 ,3838.85 ,0
2000-07-07,4023.20 ,3978.38 ,4054.05 ,3960.81 ,0
2000-07-14,4246.18 ,4221.80 ,4252.22 ,4174.60 ,0
2000-07-21,4094.45 ,4154.00 ,4163.34 ,4093.76 ,0
2000-07-28,3663.00 ,3855.10 ,3867.80 ,3642.28 ,0
2000-08-04,3787.36 ,3812.31 ,3846.98 ,3751.22 ,0
2000-08-11,3789.47 ,3741.62 ,3789.98 ,3686.86 ,0
2000-08-18,3930.34 ,3958.70 ,3980.26 ,3925.95 ,0
2000-08-25,4042.68 ,4049.84 ,4083.12 ,4025.59 ,0
2000-09-01,4234.33 ,4252.15 ,4259.87 ,4192.89 ,0
2000-09-11,3896.35 ,3961.16 ,4008.46 ,3880.69 ,0
2000-09-18,3726.52 ,3838.63 ,3862.32 ,3702.54 ,0
2000-09-25,3741.22 ,3852.53 ,3868.11 ,3737.50 ,0
2000-10-02,3568.90 ,3714.48 ,3714.48 ,3559.84 ,0
2000-10-09,3355.56 ,3352.15 ,3376.92 ,3233.19 ,0
2000-10-16,3290.28 ,3315.48 ,3339.85 ,3262.37 ,0
2000-10-23,3468.69 ,3483.38 ,3523.69 ,3432.44 ,0
2000-10-30,3191.40 ,3243.88 ,3279.72 ,3149.24 ,0
2000-11-06,3416.21 ,3469.35 ,3480.01 ,3412.98 ,0
2000-11-13,2966.72 ,2956.09 ,3063.31 ,2859.39 ,0
2000-11-20,2875.64 ,2943.11 ,2949.50 ,2860.49 ,0
2000-11-28,2734.98 ,2873.73 ,2891.40 ,2734.46 ,0
2000-12-05,2889.80 ,2702.72 ,2889.80 ,2694.41 ,0
2000-12-12,2931.77 ,2994.06 ,3002.53 ,2930.99 ,0
2000-12-19,2511.71 ,2617.06 ,2696.61 ,2509.76 ,0
2000-12-27,2539.35 ,2471.33 ,2539.52 ,2450.22 ,0
2001-01-04,2566.83 ,2593.96 ,2644.80 ,2549.83 ,0
2001-01-11,2640.57 ,2495.59 ,2661.93 ,2495.01 ,0
2001-01-19,2770.38 ,2838.36 ,2841.25 ,2752.06 ,0
2001-01-26,2781.30 ,2705.39 ,2785.62 ,2686.65 ,0
2001-02-02,2660.50 ,2782.93 ,2791.58 ,2660.11 ,0
2001-02-09,2470.97 ,2542.24 ,2542.62 ,2455.87 ,0
2001-02-16,2425.38 ,2444.60 ,2457.65 ,2397.43 ,0
2001-02-26,2308.50 ,2287.88 ,2309.73 ,2238.64 ,0
2001-03-05,2142.92 ,2142.75 ,2163.09 ,2127.96 ,0
2001-03-12,1923.38 ,2001.68 ,2004.09 ,1922.78 ,0
2001-03-19,1951.18 ,1901.45 ,1953.08 ,1867.58 ,0
2001-03-26,1918.49 ,1957.71 ,1960.68 ,1909.42 ,0
2001-04-02,1782.97 ,1835.22 ,1852.49 ,1769.66 ,0
2001-04-09,1745.71 ,1739.66 ,1757.38 ,1710.76 ,0
2001-04-17,1923.22 ,1872.35 ,1941.57 ,1869.34 ,0
2001-04-24,2016.61 ,2055.32 ,2095.89 ,2012.37 ,0
2001-05-01,2168.24 ,2116.24 ,2168.42 ,2088.61 ,0
2001-05-08,2198.77 ,2209.01 ,2210.45 ,2165.37 ,0
2001-05-15,2085.58 ,2086.98 ,2125.32 ,2077.50 ,0
2001-05-22,2313.85 ,2319.18 ,2328.05 ,2291.91 ,0
2001-05-30,2084.50 ,2136.95 ,2137.67 ,2077.98 ,0
2001-06-06,2217.73 ,2239.86 ,2249.72 ,2204.88 ,0
2001-06-13,2121.66 ,2175.62 ,2187.16 ,2121.38 ,0
2001-06-20,2031.24 ,1974.11 ,2032.67 ,1973.70 ,0
2001-06-27,2074.74 ,2068.29 ,2084.40 ,2048.88 ,0
2001-07-05,2080.11 ,2122.89 ,2130.96 ,2079.83 ,0
2001-07-12,2075.74 ,2033.22 ,2080.13 ,2031.84 ,0
2001-07-19,2046.59 ,2042.32 ,2079.33 ,2027.11 ,0
2001-07-26,2022.96 ,1980.03 ,2025.88 ,1963.21 ,0
2001-08-02,2087.38 ,2092.52 ,2102.53 ,2061.75 ,0
2001-08-09,1963.32 ,1962.48 ,1971.61 ,1941.24 ,0
2001-08-16,1930.32 ,1899.90 ,1930.46 ,1879.07 ,0
2001-08-23,1842.97 ,1857.52 ,1883.48 ,1842.51 ,0
2001-08-30,1791.68 ,1817.19 ,1833.29 ,1777.11 ,0
2001-09-07,1687.70 ,1694.02 ,1724.57 ,1676.42 ,0
2001-09-20,1470.93 ,1494.94 ,1513.24 ,1467.10 ,0
2001-09-27,1460.71 ,1456.80 ,1465.70 ,1418.15 ,0
2001-10-04,1597.31 ,1602.60 ,1641.56 ,1581.08 ,0
2001-10-11,1701.47 ,1649.55 ,1701.48 ,1649.55 ,0
2001-10-18,1652.72 ,1648.69 ,1668.00 ,1634.72 ,0
2001-10-25,1775.47 ,1708.49 ,1775.51 ,1683.61 ,0
2001-11-01,1746.30 ,1705.52 ,1746.65 ,1683.99 ,0
2001-11-08,1827.77 ,1855.68 ,1888.39 ,1816.56 ,0
2001-11-15,1900.57 ,1891.36 ,1922.12 ,1882.84 ,0
2001-11-23,1903.20 ,1878.91 ,1905.58 ,1873.64 ,0
2001-11-30,1930.58 ,1929.29 ,1941.94 ,1916.73 ,0
2001-12-07,2021.26 ,2043.68 ,2046.99 ,2002.34 ,0
2001-12-14,1953.17 ,1945.18 ,1965.74 ,1934.60 ,0
2001-12-21,1945.83 ,1941.55 ,1954.47 ,1931.87 ,0
2001-12-31,1950.40 ,1984.31 ,1989.17 ,1950.40 ,0
2002-01-08,2055.74 ,2039.42 ,2060.23 ,2027.34 ,0
2002-01-15,2000.91 ,1994.88 ,2011.25 ,1977.28 ,0
2002-01-23,1922.38 ,1889.53 ,1925.15 ,1879.24 ,0
2002-01-30,1913.44 ,1897.73 ,1913.66 ,1851.49 ,0
2002-02-06,1812.71 ,1853.13 ,1853.13 ,1805.01 ,0
2002-02-13,1859.16 ,1844.79 ,1862.42 ,1844.12 ,0
2002-02-21,1716.24 ,1763.82 ,1769.37 ,1716.24 ,0
2002-02-28,1731.49 ,1759.33 ,1773.20 ,1728.65 ,0
2002-03-07,1881.63 ,1903.24 ,1910.70 ,1865.06 ,0
2002-03-14,1854.14 ,1863.10 ,1873.01 ,1851.38 ,0
2002-03-21,1868.83 ,1835.21 ,1870.16 ,1825.99 ,0
2002-03-28,1845.35 ,1836.25 ,1852.85 ,1833.33 ,0
2002-04-05,1770.03 ,1796.92 ,1803.21 ,1769.95 ,0
2002-04-12,1756.19 ,1738.96 ,1756.33 ,1728.52 ,0
2002-04-19,1796.83 ,1816.35 ,1816.62 ,1795.27 ,0
2002-04-26,1663.89 ,1722.83 ,1728.52 ,1663.78 ,0
2002-05-03,1613.03 ,1643.17 ,1643.87 ,1605.97 ,0
2002-05-10,1600.85 ,1657.18 ,1657.45 ,1599.64 ,0
2002-05-17,1741.39 ,1745.17 ,1754.22 ,1723.06 ,0
2002-05-24,1661.49 ,1680.66 ,1681.10 ,1658.78 ,0
2002-06-03,1562.56 ,1613.50 ,1621.50 ,1561.17 ,0
2002-06-10,1530.69 ,1536.98 ,1551.80 ,1526.96 ,0
2002-06-17,1553.29 ,1519.65 ,1555.07 ,1519.26 ,0
2002-06-24,1460.34 ,1429.56 ,1476.56 ,1414.69 ,0
2002-07-01,1403.80 ,1457.04 ,1459.84 ,1402.51 ,0
2002-07-09,1381.12 ,1405.37 ,1415.31 ,1379.57 ,0
2002-07-16,1375.26 ,1371.91 ,1407.59 ,1364.88 ,0
2002-07-23,1229.05 ,1287.59 ,1295.59 ,1228.88 ,0
2002-07-30,1344.19 ,1322.99 ,1354.48 ,1313.49 ,0
2002-08-06,1259.55 ,1224.80 ,1279.57 ,1224.80 ,0
2002-08-13,1269.28 ,1300.73 ,1324.43 ,1268.99 ,0
2002-08-20,1376.59 ,1384.47 ,1389.84 ,1370.98 ,0
2002-08-27,1347.78 ,1395.04 ,1396.40 ,1346.21 ,0
2002-09-04,1292.31 ,1268.65 ,1294.65 ,1261.00 ,0
2002-09-11,1315.45 ,1328.35 ,1347.27 ,1314.96 ,0
2002-09-18,1252.13 ,1244.52 ,1263.90 ,1233.08 ,0
2002-09-25,1222.29 ,1195.60 ,1227.23 ,1184.12 ,0
2002-10-02,1187.30 ,1208.03 ,1222.72 ,1183.76 ,0
2002-10-09,1114.11 ,1117.14 ,1135.89 ,1112.08 ,0
2002-10-16,1232.42 ,1239.54 ,1253.61 ,1229.06 ,0
2002-10-23,1320.23 ,1288.24 ,1320.25 ,1279.46 ,0
2002-10-30,1326.73 ,1307.49 ,1334.63 ,1300.55 ,0
2002-11-06,1418.99 ,1408.22 ,1419.04 ,1386.52 ,0
2002-11-13,1361.34 ,1342.22 ,1371.74 ,1334.13 ,0
2002-11-20,1419.35 ,1375.69 ,1419.64 ,1375.41 ,0
2002-11-27,1487.94 ,1463.27 ,1491.45 ,1462.62 ,0
2002-12-05,1410.75 ,1444.74 ,1445.95 ,1410.58 ,0
2002-12-12,1399.55 ,1407.02 ,1411.69 ,1388.51 ,0
2002-12-19,1354.10 ,1358.61 ,1384.58 ,1346.18 ,0
2002-12-27,1348.31 ,1363.64 ,1369.21 ,1346.65 ,0
2003-01-06,1421.32 ,1390.19 ,1428.65 ,1390.09 ,0
2003-01-13,1446.04 ,1461.73 ,1467.35 ,1436.98 ,0
2003-01-21,1364.25 ,1380.43 ,1386.71 ,1364.25 ,0
2003-01-28,1342.18 ,1335.43 ,1346.50 ,1321.44 ,0
2003-02-04,1306.15 ,1310.48 ,1310.48 ,1292.20 ,0
2003-02-11,1295.46 ,1301.54 ,1315.04 ,1285.77 ,0
2003-02-19,1334.32 ,1343.37 ,1344.59 ,1322.12 ,0
2003-02-26,1303.68 ,1323.01 ,1331.47 ,1302.83 ,0
2003-03-05,1314.40 ,1305.28 ,1317.69 ,1302.05 ,0
2003-03-12,1279.24 ,1266.99 ,1279.59 ,1253.22 ,0
2003-03-19,1397.07 ,1396.27 ,1401.24 ,1378.57 ,0
2003-03-26,1387.45 ,1390.27 ,1397.94 ,1383.35 ,0
2003-04-02,1396.72 ,1374.71 ,1400.86 ,1374.71 ,0
2003-04-09,1356.74 ,1385.28 ,1393.37 ,1356.60 ,0
2003-04-16,1394.72 ,1411.70 ,1418.52 ,1391.99 ,0
2003-04-24,1457.23 ,1453.23 ,1465.92 ,1448.05 ,0
2003-05-01,1472.56 ,1463.00 ,1478.85 ,1451.32 ,0
2003-05-08,1489.69 ,1492.49 ,1504.04 ,1486.91 ,0
2003-05-15,1551.38 ,1541.43 ,1552.98 ,1536.03 ,0
2003-05-22,1507.55 ,1493.39 ,1512.80 ,1489.08 ,0
2003-05-30,1595.91 ,1583.23 ,1599.92 ,1582.52 ,0
2003-06-06,1627.42 ,1670.03 ,1684.06 ,1625.18 ,0
2003-06-13,1626.49 ,1656.61 ,1660.43 ,1624.12 ,0
2003-06-20,1644.72 ,1657.31 ,1660.47 ,1638.93 ,0
2003-06-27,1625.26 ,1636.03 ,1653.74 ,1621.25 ,0
2003-07-07,1720.71 ,1685.41 ,1721.25 ,1685.41 ,0
2003-07-14,1754.82 ,1757.43 ,1776.10 ,1748.88 ,0
2003-07-21,1681.41 ,1706.15 ,1706.29 ,1675.18 ,0
2003-07-28,1735.36 ,1734.68 ,1740.59 ,1726.24 ,0
2003-08-04,1714.06 ,1714.84 ,1723.27 ,1687.77 ,0
2003-08-11,1661.51 ,1646.95 ,1668.06 ,1646.59 ,0
2003-08-18,1739.49 ,1707.17 ,1739.59 ,1706.93 ,0
2003-08-25,1764.31 ,1763.78 ,1768.12 ,1752.12 ,0
2003-09-02,1841.48 ,1817.92 ,1841.48 ,1804.30 ,0
2003-09-09,1873.43 ,1883.00 ,1886.27 ,1867.81 ,0
2003-09-16,1887.25 ,1848.41 ,1887.87 ,1848.41 ,0
2003-09-23,1901.72 ,1877.44 ,1901.73 ,1875.15 ,0
2003-09-30,1786.94 ,1812.81 ,1812.81 ,1783.46 ,0
2003-10-07,1907.85 ,1882.92 ,1907.88 ,1878.59 ,0
2003-10-14,1943.19 ,1929.52 ,1943.33 ,1922.82 ,0
2003-10-21,1940.90 ,1929.31 ,1944.34 ,1922.78 ,0
2003-10-28,1932.26 ,1893.28 ,1932.26 ,1892.43 ,0
2003-11-04,1957.96 ,1961.45 ,1971.38 ,1953.64 ,0
2003-11-11,1930.75 ,1938.85 ,1944.01 ,1923.50 ,0
2003-11-18,1881.75 ,1919.45 ,1926.00 ,1881.75 ,0
2003-11-25,1943.04 ,1948.36 ,1956.20 ,1942.02 ,0
2003-12-03,1960.25 ,1989.14 ,2000.92 ,1960.13 ,0
2003-12-10,1904.65 ,1912.24 ,1916.00 ,1887.46 ,0
2003-12-17,1921.33 ,1922.21 ,1926.00 ,1910.24 ,0
2003-12-24,1969.23 ,1969.71 ,1974.31 ,1964.88 ,0
2004-01-02,2006.68 ,2011.08 ,2022.37 ,1999.77 ,0
2004-01-09,2086.92 ,2083.64 ,2113.33 ,2077.09 ,0
2004-01-16,2140.46 ,2126.12 ,2140.47 ,2119.35 ,0
2004-01-26,2153.83 ,2120.56 ,2153.83 ,2115.34 ,0
2004-02-02,2063.15 ,2072.13 ,2085.49 ,2053.79 ,0
2004-02-09,2060.57 ,2069.29 ,2074.27 ,2060.44 ,0
2004-02-17,2080.35 ,2068.42 ,2084.72 ,2068.01 ,0
2004-02-24,2005.44 ,2000.75 ,2018.07 ,1991.05 ,0
2004-03-02,2039.65 ,2056.38 ,2064.40 ,2039.65 ,0
2004-03-09,1995.16 ,2008.75 ,2011.83 ,1987.29 ,0
2004-03-16,1943.09 ,1952.78 ,1961.99 ,1927.69 ,0
2004-03-23,1901.80 ,1923.23 ,1928.61 ,1898.94 ,0
2004-03-30,2000.63 ,1985.67 ,2000.68 ,1981.44 ,0
2004-04-06,2059.90 ,2064.13 ,2068.27 ,2053.32 ,0
2004-04-14,2024.85 ,2018.36 ,2040.15 ,2013.98 ,0
2004-04-21,1995.63 ,1987.22 ,1995.91 ,1973.25 ,0
2004-04-28,1989.54 ,2026.44 ,2026.44 ,1985.54 ,0
2004-05-05,1957.26 ,1954.99 ,1967.33 ,1948.51 ,0
2004-05-12,1925.59 ,1924.32 ,1927.23 ,1878.77 ,0
2004-05-19,1898.17 ,1917.58 ,1936.04 ,1898.16 ,0
2004-05-26,1976.15 ,1961.16 ,1976.16 ,1957.58 ,0
2004-06-03,1960.26 ,1983.86 ,1983.86 ,1960.26 ,0
2004-06-10,1999.87 ,1996.80 ,2000.99 ,1988.89 ,0
2004-06-18,1986.73 ,1977.77 ,2000.41 ,1973.91 ,0
2004-06-25,2025.47 ,2016.74 ,2033.87 ,2015.57 ,0
2004-07-02,2006.66 ,2014.09 ,2014.74 ,1996.61 ,0
2004-07-12,1936.92 ,1936.17 ,1941.24 ,1921.40 ,0
2004-07-19,1883.83 ,1889.06 ,1893.80 ,1870.14 ,0
2004-07-26,1839.02 ,1852.42 ,1860.12 ,1829.06 ,0
2004-08-02,1892.09 ,1874.93 ,1893.13 ,1869.66 ,0
2004-08-09,1774.64 ,1782.35 ,1787.44 ,1774.48 ,0
2004-08-16,1782.84 ,1759.58 ,1789.49 ,1759.58 ,0
2004-08-23,1838.70 ,1843.79 ,1848.12 ,1835.11 ,0
2004-08-30,1836.49 ,1855.78 ,1855.78 ,1836.49 ,0
2004-09-07,1858.56 ,1856.00 ,1865.43 ,1847.48 ,0
2004-09-14,1915.40 ,1909.20 ,1917.74 ,1901.77 ,0
2004-09-21,1921.18 ,1913.13 ,1925.85 ,1909.43 ,0
2004-09-28,1869.87 ,1865.88 ,1873.86 ,1852.59 ,0
2004-10-05,1955.50 ,1950.23 ,1960.90 ,1946.86 ,0
2004-10-12,1925.17 ,1913.70 ,1929.98 ,1904.11 ,0
2004-10-19,1922.90 ,1944.41 ,1952.85 ,1922.60 ,0
2004-10-26,1928.79 ,1915.15 ,1928.80 ,1905.49 ,0
2004-11-02,1984.79 ,1981.47 ,2002.93 ,1978.64 ,0
2004-11-09,2043.33 ,2039.03 ,2049.77 ,2034.41 ,0
2004-11-16,2078.62 ,2087.07 ,2087.30 ,2073.35 ,0
2004-11-23,2084.28 ,2082.47 ,2092.02 ,2068.98 ,0
2004-12-01,2138.23 ,2104.58 ,2138.32 ,2104.58 ,0
2004-12-08,2126.11 ,2118.14 ,2130.76 ,2110.57 ,0
2004-12-15,2162.55 ,2159.68 ,2171.27 ,2151.31 ,0
2004-12-22,2157.03 ,2145.99 ,2163.48 ,2145.18 ,0
2004-12-30,2178.34 ,2177.47 ,2182.37 ,2176.40 ,0
2005-01-06,2090.00 ,2098.51 ,2103.90 ,2088.03 ,0
2005-01-13,2070.56 ,2093.54 ,2094.80 ,2067.94 ,0
2005-01-21,2034.27 ,2053.15 ,2058.00 ,2032.88 ,0
2005-01-28,2035.83 ,2052.54 ,2055.13 ,2024.36 ,0
2005-02-04,2086.66 ,2056.47 ,2086.72 ,2056.29 ,0
2005-02-11,2076.66 ,2048.96 ,2081.48 ,2039.72 ,0
2005-02-18,2058.62 ,2065.15 ,2068.89 ,2056.20 ,0
2005-02-28,2051.72 ,2058.28 ,2066.53 ,2038.77 ,0
2005-03-07,2090.21 ,2073.90 ,2100.57 ,2073.82 ,0
2005-03-14,2051.04 ,2043.64 ,2051.04 ,2037.41 ,0
2005-03-21,2007.51 ,2008.16 ,2011.39 ,1993.76 ,0
2005-03-29,1973.88 ,1990.27 ,2002.65 ,1968.58 ,0
2005-04-05,1999.32 ,1994.38 ,2002.35 ,1991.88 ,0
2005-04-12,2005.40 ,1988.33 ,2007.24 ,1970.01 ,0
2005-04-19,1932.36 ,1922.82 ,1933.21 ,1918.15 ,0
2005-04-26,1927.44 ,1943.75 ,1958.58 ,1927.44 ,0
2005-05-03,1933.07 ,1924.78 ,1944.53 ,1924.78 ,0
2005-05-10,1962.77 ,1968.08 ,1971.25 ,1957.29 ,0
2005-05-17,2004.15 ,1986.16 ,2004.15 ,1980.94 ,0
2005-05-24,2061.62 ,2052.28 ,2062.52 ,2049.77 ,0
2005-06-01,2087.86 ,2067.23 ,2095.54 ,2067.23 ,0
2005-06-08,2060.18 ,2073.21 ,2074.61 ,2057.58 ,0
2005-06-15,2074.92 ,2076.73 ,2079.13 ,2053.39 ,0
2005-06-22,2092.03 ,2097.05 ,2102.75 ,2083.76 ,0
2005-06-29,2068.89 ,2074.44 ,2076.02 ,2066.45 ,0
2005-07-07,2075.66 ,2050.71 ,2076.43 ,2050.30 ,0
2005-07-14,2152.82 ,2156.56 ,2164.18 ,2148.61 ,0
2005-07-21,2178.60 ,2191.77 ,2193.19 ,2171.98 ,0
2005-07-28,2198.44 ,2188.29 ,2198.52 ,2183.27 ,0
2005-08-04,2191.32 ,2208.33 ,2209.37 ,2190.30 ,0
2005-08-11,2174.55 ,2158.30 ,2174.55 ,2156.97 ,0
2005-08-18,2136.08 ,2139.40 ,2146.49 ,2133.08 ,0
2005-08-25,2134.37 ,2131.30 ,2138.46 ,2129.46 ,0
2005-09-01,2147.90 ,2150.03 ,2157.32 ,2142.32 ,0
2005-09-09,2175.51 ,2168.90 ,2177.23 ,2164.41 ,0
2005-09-16,2160.35 ,2153.75 ,2160.83 ,2146.79 ,0
2005-09-23,2116.84 ,2105.37 ,2121.05 ,2099.95 ,0
2005-09-30,2151.69 ,2140.17 ,2151.69 ,2138.23 ,0
2005-10-07,2090.35 ,2091.12 ,2097.42 ,2082.44 ,0
2005-10-14,2064.83 ,2054.50 ,2064.95 ,2042.54 ,0
2005-10-21,2082.21 ,2083.84 ,2091.44 ,2074.20 ,0
2005-10-28,2089.88 ,2073.85 ,2089.88 ,2064.92 ,0
2005-11-04,2169.43 ,2165.10 ,2172.68 ,2156.60 ,0
2005-11-11,2202.47 ,2198.26 ,2205.36 ,2198.26 ,0
2005-11-18,2227.07 ,2232.36 ,2234.30 ,2218.81 ,0
2005-11-28,2239.37 ,2263.55 ,2264.06 ,2239.34 ,0
2005-12-05,2257.64 ,2269.07 ,2269.48 ,2250.84 ,0
2005-12-12,2260.95 ,2263.97 ,2266.14 ,2253.44 ,0
2005-12-19,2222.74 ,2254.64 ,2256.03 ,2221.79 ,0
2005-12-27,2226.89 ,2253.05 ,2259.68 ,2226.62 ,0
2006-01-04,2263.46 ,2246.96 ,2265.28 ,2246.07 ,0
2006-01-11,2331.36 ,2321.41 ,2332.92 ,2316.49 ,0
2006-01-19,2301.81 ,2291.69 ,2311.71 ,2289.82 ,0
2006-01-26,2283.00 ,2274.85 ,2284.07 ,2264.85 ,0
2006-02-02,2281.57 ,2306.57 ,2308.05 ,2277.30 ,0
2006-02-09,2255.87 ,2273.77 ,2284.52 ,2254.26 ,0
2006-02-16,2294.63 ,2281.88 ,2294.63 ,2278.06 ,0
2006-02-24,2287.04 ,2278.27 ,2287.86 ,2272.78 ,0
2006-03-03,2302.60 ,2299.10 ,2324.92 ,2297.09 ,0
2006-03-10,2262.04 ,2251.81 ,2266.99 ,2239.54 ,0
2006-03-17,2306.48 ,2306.17 ,2310.84 ,2294.50 ,0
2006-03-24,2312.82 ,2304.74 ,2316.15 ,2300.37 ,0
2006-03-31,2339.79 ,2345.53 ,2348.89 ,2334.54 ,0
2006-04-07,2339.02 ,2367.32 ,2375.45 ,2336.71 ,0
2006-04-17,2311.16 ,2325.56 ,2332.67 ,2299.42 ,0
2006-04-24,2333.38 ,2338.78 ,2338.78 ,2324.28 ,0
2006-05-01,2304.79 ,2329.79 ,2334.69 ,2300.25 ,0
2006-05-08,2344.99 ,2342.41 ,2352.56 ,2339.46 ,0
2006-05-15,2238.52 ,2234.01 ,2245.18 ,2220.50 ,0
2006-05-22,2172.86 ,2178.15 ,2184.57 ,2156.67 ,0
2006-05-30,2164.74 ,2202.57 ,2202.57 ,2164.74 ,0
2006-06-06,2162.78 ,2174.28 ,2176.47 ,2144.20 ,0
2006-06-13,2072.47 ,2089.88 ,2108.36 ,2067.74 ,0
2006-06-20,2107.06 ,2110.92 ,2126.72 ,2103.77 ,1250000000
2006-06-27,2100.25 ,2134.58 ,2139.43 ,2098.76 ,1350000000
2006-07-05,2153.34 ,2174.69 ,2190.43 ,2147.12 ,1160000000
2006-07-12,2090.24 ,2121.71 ,2128.86 ,2090.23 ,1320000000
2006-07-19,2080.71 ,2037.68 ,2086.07 ,2037.10 ,1680000000
2006-07-26,2070.46 ,2066.46 ,2083.96 ,2053.64 ,1530000000
2006-08-02,2078.81 ,2069.91 ,2089.00 ,2069.58 ,887670000
2006-08-09,2060.28 ,2085.56 ,2097.76 ,2056.77 ,1040000000
2006-08-16,2149.54 ,2127.06 ,2149.54 ,2120.11 ,1020000000
2006-08-23,2134.66 ,2152.91 ,2160.11 ,2126.75 ,519320000
2006-08-30,2185.73 ,2175.07 ,2188.55 ,2167.48 ,797740000
2006-09-07,2155.29 ,2160.05 ,2174.80 ,2149.36 ,908500000
2006-09-14,2228.73 ,2221.73 ,2230.97 ,2218.86 ,904460000
2006-09-21,2237.75 ,2257.54 ,2261.47 ,2232.89 ,965650000
2006-09-28,2270.02 ,2266.93 ,2273.12 ,2252.91 ,918410000
2006-10-05,2306.34 ,2289.53 ,2306.35 ,2287.61 ,949380000
2006-10-12,2346.18 ,2318.28 ,2346.29 ,2318.28 ,1020000000
2006-10-19,2340.94 ,2332.54 ,2345.24 ,2324.43 ,948980000
2006-10-26,2379.10 ,2361.09 ,2379.29 ,2347.88 ,1110000000
2006-11-02,2334.02 ,2324.48 ,2339.13 ,2320.84 ,833340000
2006-11-09,2376.01 ,2399.28 ,2401.33 ,2370.60 ,1060000000
2006-11-16,2449.06 ,2447.09 ,2453.35 ,2438.04 ,888180000
2006-11-24,2460.26 ,2449.73 ,2468.42 ,2449.32 ,302840000
2006-12-01,2413.21 ,2430.75 ,2434.39 ,2392.95 ,911480000
2006-12-08,2437.36 ,2423.67 ,2447.03 ,2416.77 ,780800000
2006-12-15,2457.20 ,2467.36 ,2470.02 ,2455.24 ,1200000000
2006-12-22,2401.18 ,2415.98 ,2416.49 ,2400.72 ,593310000
2007-01-03,2423.16 ,2429.72 ,2454.62 ,2394.66 ,1140000000
2007-01-10,2459.33 ,2434.04 ,2461.34 ,2427.90 ,993040000
2007-01-18,2443.21 ,2475.33 ,2475.80 ,2438.11 ,1040000000
2007-01-25,2434.24 ,2469.27 ,2470.51 ,2430.56 ,947870000
2007-02-01,2468.38 ,2474.08 ,2481.38 ,2458.71 ,921060000
2007-02-08,2488.67 ,2484.50 ,2492.41 ,2477.71 ,833690000
2007-02-15,2497.10 ,2489.84 ,2498.37 ,2485.51 ,796670000
2007-02-23,2515.10 ,2522.53 ,2522.84 ,2506.95 ,849580000
2007-03-02,2368.00 ,2389.86 ,2401.26 ,2368.00 ,1090000000
2007-03-09,2387.55 ,2403.13 ,2404.80 ,2375.57 ,837340000
2007-03-16,2372.66 ,2376.82 ,2385.32 ,2364.36 ,1070000000
2007-03-23,2448.93 ,2451.83 ,2459.96 ,2447.81 ,778240000
2007-03-30,2421.64 ,2419.91 ,2432.20 ,2403.01 ,965510000
2007-04-09,2469.18 ,2478.02 ,2478.68 ,2464.57 ,795450000
2007-04-16,2518.33 ,2500.55 ,2519.03 ,2500.55 ,816450000
2007-04-23,2523.67 ,2525.77 ,2531.40 ,2518.47 ,872680000
2007-04-30,2525.09 ,2558.05 ,2558.75 ,2525.09 ,1010000000
2007-05-07,2570.95 ,2572.64 ,2580.06 ,2569.22 ,769640000
2007-05-14,2546.44 ,2564.05 ,2568.93 ,2537.92 ,880740000
2007-05-21,2578.79 ,2560.93 ,2587.87 ,2560.85 ,873930000
2007-05-29,2572.06 ,2561.04 ,2576.36 ,2558.40 ,761700000
2007-06-05,2611.23 ,2611.16 ,2613.31 ,2595.01 ,982840000
2007-06-12,2549.77 ,2560.41 ,2576.89 ,2547.99 ,920960000
2007-06-19,2626.76 ,2620.31 ,2631.30 ,2612.42 ,866180000
2007-06-26,2574.16 ,2589.22 ,2590.89 ,2566.34 ,963870000
2007-07-03,2644.95 ,2636.71 ,2644.95 ,2635.00 ,493790000
2007-07-11,2651.79 ,2637.12 ,2652.34 ,2631.89 ,865480000
2007-07-18,2699.49 ,2695.28 ,2699.87 ,2674.26 ,982990000
2007-07-25,2648.17 ,2660.19 ,2665.81 ,2628.15 ,1110000000
2007-08-01,2553.16 ,2538.50 ,2557.11 ,2515.81 ,1310000000
2007-08-08,2612.98 ,2582.60 ,2627.75 ,2582.60 ,1680000000
2007-08-15,2458.83 ,2492.76 ,2520.39 ,2457.89 ,1030000000
2007-08-22,2552.80 ,2542.99 ,2554.90 ,2533.74 ,789640000
2007-08-29,2563.16 ,2518.82 ,2563.16 ,2512.60 ,713320000
2007-09-06,2614.32 ,2615.74 ,2620.89 ,2595.52 ,772220000
2007-09-13,2601.06 ,2607.13 ,2612.70 ,2589.41 ,725840000
2007-09-20,2654.29 ,2659.58 ,2669.43 ,2648.07 ,748110000
2007-09-27,2709.59 ,2711.82 ,2712.79 ,2702.02 ,750310000
2007-10-04,2733.57 ,2735.39 ,2735.52 ,2718.05 ,707500000
2007-10-11,2772.20 ,2824.55 ,2834.00 ,2757.76 ,1020000000
2007-10-18,2799.31 ,2778.31 ,2803.26 ,2770.11 ,820730000
2007-10-25,2750.86 ,2777.59 ,2787.29 ,2733.08 ,1130000000
2007-11-01,2794.83 ,2835.00 ,2835.63 ,2793.17 ,1050000000
2007-11-08,2696.00 ,2748.40 ,2753.05 ,2648.03 ,1430000000
2007-11-15,2618.51 ,2636.27 ,2652.65 ,2601.39 ,955390000
2007-11-23,2596.60 ,2578.99 ,2601.55 ,2567.58 ,342990000
2007-11-30,2660.96 ,2693.61 ,2696.24 ,2642.25 ,1120000000
2007-12-07,2706.16 ,2710.33 ,2711.96 ,2695.96 ,755690000
2007-12-14,2635.74 ,2647.68 ,2671.88 ,2634.75 ,853430000
2007-12-21,2691.99 ,2676.85 ,2691.99 ,2671.59 ,1340000000
2007-12-31,2652.28 ,2663.78 ,2668.61 ,2646.09 ,658480000
2008-01-08,2440.51 ,2506.97 ,2527.42 ,2440.51 ,1120000000
2008-01-15,2417.59 ,2449.04 ,2455.29 ,2412.47 ,1080000000
2008-01-23,2316.41 ,2226.77 ,2320.13 ,2202.54 ,1620000000
2008-01-30,2349.00 ,2346.36 ,2396.00 ,2343.88 ,1120000000
2008-02-06,2278.75 ,2327.18 ,2338.27 ,2277.27 ,1070000000
2008-02-13,2373.93 ,2347.22 ,2373.93 ,2338.91 ,956170000
2008-02-21,2299.78 ,2344.08 ,2353.79 ,2294.77 ,966530000
2008-02-28,2331.57 ,2342.56 ,2352.88 ,2324.47 ,869370000
2008-03-06,2220.50 ,2265.67 ,2272.20 ,2219.33 ,910660000
2008-03-13,2263.61 ,2219.28 ,2272.55 ,2199.38 ,1010000000
2008-03-20,2258.11 ,2220.50 ,2258.11 ,2208.12 ,1480000000
2008-03-28,2261.18 ,2291.32 ,2304.71 ,2256.87 ,788980000
2008-04-04,2370.98 ,2366.91 ,2391.93 ,2351.76 ,769480000
2008-04-11,2290.24 ,2327.70 ,2328.45 ,2286.19 ,780020000
2008-04-18,2402.97 ,2394.52 ,2412.78 ,2383.24 ,948930000
2008-04-25,2422.93 ,2424.68 ,2427.09 ,2391.15 ,834670000
2008-05-02,2476.99 ,2499.14 ,2499.14 ,2461.46 ,910990000
2008-05-09,2445.52 ,2432.55 ,2455.33 ,2429.03 ,652480000
2008-05-16,2528.85 ,2537.41 ,2537.41 ,2504.18 ,959770000
2008-05-23,2444.67 ,2454.14 ,2456.00 ,2430.36 ,694160000
2008-06-02,2491.53 ,2514.82 ,2516.37 ,2471.41 ,793620000
2008-06-09,2459.46 ,2483.22 ,2485.00 ,2429.30 ,847410000
2008-06-16,2474.78 ,2443.13 ,2479.95 ,2441.24 ,776440000
2008-06-23,2385.74 ,2416.55 ,2419.69 ,2384.56 ,749810000
2008-06-30,2292.98 ,2312.42 ,2325.49 ,2292.98 ,852710000
2008-07-08,2294.44 ,2244.90 ,2294.44 ,2233.99 ,1000000000
2008-07-15,2215.71 ,2197.18 ,2249.12 ,2167.29 ,1130000000
2008-07-22,2303.96 ,2256.32 ,2303.96 ,2252.84 ,1000000000
2008-07-29,2319.62 ,2274.61 ,2320.18 ,2274.37 ,877390000
2008-08-05,2349.83 ,2308.14 ,2349.83 ,2303.63 ,869090000
2008-08-12,2430.61 ,2434.26 ,2447.16 ,2421.09 ,774180000
2008-08-19,2384.36 ,2404.95 ,2410.96 ,2376.67 ,649100000
2008-08-26,2361.97 ,2364.31 ,2377.04 ,2345.79 ,543660000
2008-09-03,2333.73 ,2346.81 ,2357.43 ,2320.91 ,809730000
2008-09-10,2228.70 ,2232.21 ,2247.63 ,2209.59 ,838810000
2008-09-17,2098.85 ,2177.58 ,2183.25 ,2098.85 ,1160000000
2008-09-24,2155.68 ,2167.55 ,2179.93 ,2147.36 ,662750000
2008-10-01,2069.40 ,2075.10 ,2083.20 ,2046.06 ,711910000
2008-10-08,1740.33 ,1710.96 ,1806.89 ,1706.86 ,1440000000
2008-10-15,1628.33 ,1754.62 ,1761.23 ,1628.33 ,1010000000
2008-10-22,1615.75 ,1671.23 ,1678.71 ,1587.22 ,1010000000
2008-10-29,1657.21 ,1643.98 ,1705.51 ,1622.01 ,1060000000
2008-11-05,1681.64 ,1757.01 ,1764.43 ,1679.19 ,819290000
2008-11-12,1499.21 ,1555.17 ,1562.78 ,1499.21 ,840450000
2008-11-19,1386.42 ,1479.13 ,1493.05 ,1386.42 ,927040000
2008-11-26,1532.10 ,1441.21 ,1532.10 ,1441.21 ,723980000
2008-12-04,1445.56 ,1465.77 ,1500.95 ,1426.41 ,809720000
2008-12-11,1507.88 ,1548.47 ,1568.61 ,1501.70 ,741130000
2008-12-18,1552.37 ,1583.17 ,1591.70 ,1535.38 ,784480000
2008-12-26,1530.24 ,1531.20 ,1532.13 ,1518.97 ,209010000
2009-01-05,1628.03 ,1621.48 ,1640.46 ,1604.63 ,632990000
2009-01-12,1538.79 ,1573.45 ,1573.46 ,1528.00 ,645320000
2009-01-20,1440.86 ,1520.76 ,1521.85 ,1440.86 ,813220000
2009-01-27,1504.90 ,1494.12 ,1513.21 ,1488.81 ,675540000
2009-02-03,1516.30 ,1499.59 ,1521.21 ,1479.42 ,778320000
2009-02-10,1524.73 ,1578.02 ,1598.50 ,1520.56 ,910350000
2009-02-18,1467.97 ,1480.65 ,1487.92 ,1454.46 ,745320000
2009-02-25,1425.43 ,1428.76 ,1453.66 ,1404.54 ,853990000
2009-03-04,1353.74 ,1340.38 ,1370.29 ,1333.88 ,835260000
2009-03-11,1371.64 ,1364.80 ,1385.29 ,1352.60 ,742710000
2009-03-18,1491.22 ,1454.44 ,1507.40 ,1448.67 ,897800000
2009-03-25,1528.95 ,1527.59 ,1554.25 ,1487.94 ,787640000
2009-04-01,1551.60 ,1504.87 ,1553.03 ,1498.54 ,729150000
2009-04-08,1590.66 ,1576.93 ,1595.97 ,1567.22 ,577970000
2009-04-16,1670.44 ,1645.52 ,1676.17 ,1628.08 ,737570000
2009-04-23,1652.21 ,1651.47 ,1654.85 ,1625.88 ,794590000
2009-04-30,1717.30 ,1732.47 ,1753.61 ,1710.07 ,912410000
2009-05-07,1716.24 ,1772.10 ,1773.13 ,1702.54 ,944720000
2009-05-14,1689.21 ,1672.48 ,1701.22 ,1667.94 ,668010000
2009-05-21,1695.25 ,1709.83 ,1719.58 ,1677.77 ,700340000
2009-05-29,1774.33 ,1756.26 ,1774.33 ,1742.99 ,946600000
2009-06-05,1849.42 ,1864.02 ,1865.95 ,1834.63 ,662100000
2009-06-12,1858.80 ,1852.43 ,1858.80 ,1833.39 ,556530000
2009-06-19,1827.47 ,1824.99 ,1837.58 ,1817.07 ,1130000000
2009-06-26,1838.22 ,1819.16 ,1840.98 ,1816.84 ,1850000000
2009-07-06,1787.40 ,1783.50 ,1793.42 ,1770.11 ,594470000
2009-07-13,1793.21 ,1761.03 ,1793.21 ,1736.95 ,619330000
2009-07-20,1909.29 ,1896.99 ,1909.89 ,1890.00 ,618050000
2009-07-27,1967.89 ,1964.62 ,1971.38 ,1946.95 ,624500000
2009-08-03,2008.61 ,1998.35 ,2008.61 ,1985.88 ,626930000
2009-08-10,1992.24 ,1991.44 ,1999.55 ,1979.39 ,525780000
2009-08-17,1930.84 ,1949.23 ,1949.23 ,1929.64 ,586540000
2009-08-24,2017.98 ,2026.11 ,2036.03 ,2012.00 ,568000000
2009-08-31,2009.06 ,2011.14 ,2013.65 ,1997.53 ,679780000
2009-09-08,2037.77 ,2034.74 ,2038.63 ,2023.03 ,581220000
2009-09-15,2102.64 ,2090.33 ,2106.93 ,2086.16 ,657650000
2009-09-22,2146.30 ,2150.02 ,2150.68 ,2137.39 ,709340000
2009-09-29,2124.04 ,2131.67 ,2141.40 ,2116.63 ,572880000
2009-10-06,2103.57 ,2080.40 ,2111.13 ,2079.49 ,686410000
2009-10-13,2139.89 ,2138.70 ,2146.35 ,2128.44 ,611980000
2009-10-20,2163.47 ,2180.43 ,2181.16 ,2151.77 ,641910000
2009-10-27,2116.09 ,2144.15 ,2148.88 ,2110.91 ,739940000
2009-11-03,2057.32 ,2034.09 ,2057.32 ,2031.25 ,685670000
2009-11-10,2151.08 ,2147.24 ,2160.64 ,2141.27 ,612670000
2009-11-17,2203.78 ,2190.12 ,2203.78 ,2185.55 ,564240000
2009-11-24,2169.18 ,2174.69 ,2175.15 ,2155.22 ,550650000
2009-12-02,2185.03 ,2178.51 ,2198.55 ,2177.82 ,591120000
2009-12-09,2183.73 ,2170.02 ,2185.70 ,2155.96 ,550100000
2009-12-16,2206.91 ,2210.35 ,2220.46 ,2203.33 ,553360000
2009-12-23,2269.64 ,2257.21 ,2271.33 ,2253.67 ,409010000
2009-12-31,2269.15 ,2292.92 ,2293.59 ,2269.11 ,358630000
2010-01-08,2317.17 ,2292.24 ,2317.60 ,2290.61 ,580240000
2010-01-15,2287.99 ,2316.98 ,2322.54 ,2279.20 ,819100000
2010-01-25,2210.80 ,2220.29 ,2223.22 ,2201.17 ,597780000
2010-02-01,2171.20 ,2155.81 ,2171.20 ,2152.26 ,631690000
2010-02-08,2126.05 ,2140.10 ,2152.64 ,2125.11 ,606270000
2010-02-16,2214.19 ,2200.38 ,2214.19 ,2189.18 ,559680000
2010-02-23,2213.44 ,2238.01 ,2239.80 ,2205.70 ,647220000
2010-03-02,2280.79 ,2279.07 ,2292.49 ,2275.35 ,761750000
2010-03-09,2340.68 ,2325.78 ,2353.07 ,2325.74 ,680190000
2010-03-16,2378.01 ,2367.32 ,2378.84 ,2360.67 ,574650000
2010-03-23,2415.24 ,2397.90 ,2416.51 ,2390.04 ,584300000
2010-03-30,2410.69 ,2406.69 ,2417.36 ,2395.80 ,575610000
2010-04-07,2431.16 ,2433.10 ,2442.27 ,2418.73 ,669230000
2010-04-14,2504.86 ,2481.80 ,2504.86 ,2480.43 ,744130000
2010-04-21,2504.61 ,2506.61 ,2510.50 ,2490.19 ,712040000
2010-04-28,2471.73 ,2483.03 ,2484.15 ,2456.63 ,732760000
2010-05-05,2402.29 ,2395.21 ,2421.05 ,2382.07 ,768300000
2010-05-12,2425.02 ,2388.64 ,2426.47 ,2384.69 ,599380000
2010-05-19,2298.37 ,2307.78 ,2324.99 ,2270.62 ,712800000
2010-05-26,2195.88 ,2226.24 ,2257.33 ,2190.44 ,1030000000
2010-06-03,2303.03 ,2285.76 ,2307.47 ,2274.88 ,585150000
2010-06-10,2218.71 ,2188.71 ,2219.65 ,2185.98 ,599250000
2010-06-17,2307.16 ,2316.59 ,2318.27 ,2288.59 ,471310000
2010-06-24,2217.42 ,2246.20 ,2247.42 ,2213.50 ,576450000
2010-07-01,2101.36 ,2110.75 ,2117.94 ,2061.14 ,739370000
2010-07-09,2196.45 ,2174.20 ,2196.95 ,2170.76 ,450660000
2010-07-16,2179.05 ,2231.71 ,2236.66 ,2177.51 ,711020000
2010-07-23,2269.47 ,2234.34 ,2269.47 ,2227.50 ,670310000
2010-07-30,2254.70 ,2227.29 ,2264.81 ,2218.61 ,624500000
2010-08-06,2288.47 ,2267.42 ,2291.15 ,2253.92 ,512540000
2010-08-13,2173.48 ,2183.09 ,2190.27 ,2173.48 ,468630000
2010-08-20,2179.76 ,2172.26 ,2182.67 ,2159.54 ,558440000
2010-08-27,2153.63 ,2134.16 ,2154.99 ,2099.29 ,574920000
2010-09-03,2233.75 ,2227.96 ,2235.57 ,2213.56 ,452450000
2010-09-13,2285.71 ,2263.80 ,2289.49 ,2263.69 ,553390000
2010-09-20,2355.83 ,2322.80 ,2358.90 ,2317.89 ,547990000
2010-09-27,2369.77 ,2379.73 ,2386.01 ,2368.65 ,484980000
2010-10-04,2344.52 ,2362.25 ,2370.87 ,2332.46 ,500600000
2010-10-11,2402.33 ,2403.46 ,2413.03 ,2397.57 ,377790000
2010-10-18,2480.66 ,2470.12 ,2480.95 ,2462.55 ,460150000
2010-10-25,2490.85 ,2491.62 ,2507.03 ,2490.11 ,470190000
2010-11-01,2504.84 ,2520.45 ,2532.37 ,2491.46 ,502150000
2010-11-08,2580.05 ,2570.86 ,2583.30 ,2566.78 ,471580000
2010-11-15,2513.82 ,2529.02 ,2534.56 ,2512.29 ,505090000
2010-11-22,2532.02 ,2509.39 ,2532.02 ,2501.30 ,489600000
2010-11-30,2498.23 ,2497.12 ,2510.71 ,2488.61 ,768950000
2010-12-07,2598.49 ,2623.15 ,2623.60 ,2597.45 ,514640000
2010-12-14,2627.72 ,2631.34 ,2636.85 ,2621.05 ,461410000
2010-12-21,2667.61 ,2658.94 ,2669.01 ,2655.95 ,382420000
2010-12-29,2666.93 ,2667.18 ,2671.23 ,2664.51 ,251430000
2011-01-05,2702.20 ,2673.91 ,2702.20 ,2671.89 ,466870000
2011-01-12,2737.33 ,2731.45 ,2737.33 ,2722.32 ,413050000
2011-01-20,2704.29 ,2712.40 ,2714.10 ,2686.59 ,566670000
2011-01-27,2755.28 ,2745.16 ,2763.64 ,2740.30 ,481920000
2011-02-03,2753.88 ,2746.74 ,2757.54 ,2725.78 ,488250000
2011-02-10,2790.45 ,2764.76 ,2791.43 ,2762.34 ,601570000
2011-02-17,2831.58 ,2816.12 ,2835.20 ,2815.08 ,458300000
2011-02-25,2781.05 ,2752.16 ,2781.12 ,2751.81 ,468600000
2011-03-04,2784.67 ,2797.64 ,2798.07 ,2768.12 ,489530000
2011-03-11,2715.61 ,2689.65 ,2724.61 ,2689.41 ,479300000
2011-03-18,2643.67 ,2665.54 ,2665.56 ,2639.76 ,957290000
2011-03-25,2743.06 ,2746.34 ,2762.55 ,2740.17 ,471150000
2011-04-01,2789.60 ,2796.67 ,2802.63 ,2779.71 ,562200000
2011-04-08,2780.41 ,2806.29 ,2808.56 ,2772.40 ,422400000
2011-04-15,2764.65 ,2752.87 ,2769.29 ,2743.75 ,544730000
2011-04-25,2825.88 ,2820.28 ,2826.26 ,2813.20 ,395070000
2011-05-02,2864.08 ,2881.28 ,2887.75 ,2859.84 ,553480000
2011-05-09,2843.25 ,2828.24 ,2850.39 ,2823.67 ,447830000
2011-05-16,2782.31 ,2815.90 ,2828.14 ,2779.54 ,572930000
2011-05-23,2758.90 ,2761.96 ,2770.51 ,2750.64 ,504940000
2011-05-31,2835.30 ,2824.25 ,2835.34 ,2808.60 ,947550000
2011-06-07,2701.56 ,2712.79 ,2723.32 ,2701.17 ,510840000
2011-06-14,2678.72 ,2662.73 ,2685.65 ,2662.73 ,480750000
2011-06-21,2687.26 ,2640.33 ,2688.50 ,2634.04 ,500030000
2011-06-28,2729.31 ,2694.26 ,2729.94 ,2692.45 ,448660000
2011-07-06,2834.02 ,2821.42 ,2838.85 ,2812.80 ,440070000
2011-07-13,2796.92 ,2800.88 ,2825.86 ,2789.57 ,487150000
2011-07-20,2814.23 ,2839.39 ,2839.65 ,2808.18 ,476060000
2011-07-27,2764.79 ,2823.62 ,2823.86 ,2761.00 ,633900000
2011-08-03,2693.07 ,2673.97 ,2695.37 ,2621.67 ,672330000
2011-08-10,2381.05 ,2425.55 ,2461.28 ,2378.08 ,957550000
2011-08-17,2511.48 ,2527.79 ,2549.11 ,2488.09 ,485710000
2011-08-24,2467.69 ,2437.48 ,2470.80 ,2420.48 ,493490000
2011-08-31,2579.46 ,2589.75 ,2611.58 ,2557.74 ,594610000
2011-09-08,2529.14 ,2533.81 ,2568.45 ,2520.80 ,521740000
2011-09-15,2607.07 ,2595.45 ,2608.95 ,2569.78 ,519060000
2011-09-22,2455.67 ,2466.06 ,2494.31 ,2420.23 ,791230000
2011-09-29,2480.76 ,2535.52 ,2538.97 ,2433.58 ,609960000
2011-10-06,2506.82 ,2459.05 ,2507.44 ,2446.72 ,579840000
2011-10-13,2620.24 ,2595.05 ,2625.22 ,2588.71 ,436760000
2011-10-20,2598.62 ,2605.42 ,2606.39 ,2557.17 ,516280000
2011-10-27,2738.63 ,2720.59 ,2753.37 ,2694.27 ,713320000
2011-11-03,2697.97 ,2666.21 ,2699.84 ,2628.22 ,550990000
2011-11-10,2625.15 ,2652.01 ,2652.40 ,2601.79 ,500670000
2011-11-17,2587.99 ,2637.37 ,2637.48 ,2576.22 ,555830000
2011-11-25,2441.51 ,2453.03 ,2477.03 ,2441.48 ,200910000
2011-12-02,2626.93 ,2650.80 ,2659.23 ,2625.07 ,407880000
2011-12-09,2646.85 ,2603.18 ,2653.46 ,2603.18 ,418360000
2011-12-16,2555.33 ,2554.62 ,2585.42 ,2548.00 ,985010000
2011-12-23,2618.64 ,2607.43 ,2618.84 ,2599.89 ,219150000
2012-01-03,2648.72 ,2657.39 ,2665.90 ,2641.98 ,411790000
2012-01-10,2702.50 ,2704.42 ,2712.50 ,2694.33 ,453070000
2012-01-18,2769.71 ,2731.16 ,2769.71 ,2730.05 ,490870000
2012-01-25,2818.31 ,2803.23 ,2822.79 ,2788.95 ,480460000
2012-02-01,2848.27 ,2830.10 ,2855.73 ,2825.19 ,540080000
2012-02-08,2915.86 ,2906.59 ,2918.26 ,2892.71 ,476380000
2012-02-15,2915.83 ,2943.42 ,2958.19 ,2911.33 ,493940000
2012-02-23,2956.98 ,2933.16 ,2958.42 ,2922.96 ,438290000
2012-03-01,2988.97 ,2979.11 ,2996.37 ,2974.59 ,491290000
2012-03-08,2970.42 ,2954.40 ,2976.05 ,2945.73 ,420620000
2012-03-15,3056.37 ,3048.58 ,3059.81 ,3037.82 ,428060000
2012-03-22,3063.32 ,3055.00 ,3068.50 ,3050.70 ,385900000
2012-03-29,3095.36 ,3087.25 ,3099.80 ,3069.81 ,449580000
2012-04-05,3080.50 ,3061.75 ,3083.38 ,3061.14 ,483010000
2012-04-13,3011.33 ,3045.08 ,3045.42 ,3010.77 ,388070000
2012-04-20,3000.45 ,3023.73 ,3034.69 ,2999.01 ,561760000
2012-04-27,3069.20 ,3060.34 ,3076.44 ,3043.30 ,441280000
2012-05-04,2956.34 ,3001.15 ,3001.48 ,2956.34 ,465450000
2012-05-11,2933.82 ,2919.35 ,2960.38 ,2918.74 ,421690000
2012-05-18,2778.79 ,2814.43 ,2827.28 ,2774.45 ,582490000
2012-05-25,2837.53 ,2839.74 ,2846.31 ,2829.76 ,335020000
2012-06-04,2760.01 ,2747.61 ,2769.93 ,2726.68 ,456970000
2012-06-11,2809.73 ,2882.49 ,2882.96 ,2806.90 ,403820000
2012-06-18,2895.33 ,2872.49 ,2903.03 ,2853.86 ,412120000
2012-06-25,2836.16 ,2863.89 ,2863.89 ,2829.23 ,401020000
2012-07-02,2951.23 ,2938.41 ,2951.23 ,2925.71 ,460180000
2012-07-10,2902.33 ,2945.35 ,2953.47 ,2891.42 ,435820000
2012-07-17,2910.04 ,2911.46 ,2916.61 ,2871.65 ,439220000
2012-07-24,2862.99 ,2894.95 ,2896.56 ,2847.22 ,451960000
2012-07-31,2939.52 ,2945.08 ,2959.62 ,2938.41 ,478610000
2012-08-07,3015.86 ,3002.66 ,3028.61 ,3002.09 ,450340000
2012-08-14,3016.98 ,3032.67 ,3034.16 ,3009.93 ,371460000
2012-08-21,3067.26 ,3085.25 ,3100.54 ,3058.74 ,380180000
2012-08-28,3077.14 ,3069.40 ,3083.19 ,3063.65 ,315420000
2012-09-05,3069.27 ,3072.57 ,3082.75 ,3062.54 ,359620000
2012-09-12,3114.31 ,3115.33 ,3120.12 ,3098.82 ,358660000
2012-09-19,3182.62 ,3179.04 ,3189.35 ,3170.29 ,403830000
2012-09-26,3093.70 ,3113.40 ,3114.54 ,3080.28 ,391160000
2012-10-03,3135.23 ,3130.85 ,3142.36 ,3115.04 ,371290000
2012-10-10,3051.78 ,3066.25 ,3071.57 ,3046.78 ,358010000
2012-10-17,3104.12 ,3091.38 ,3112.45 ,3088.05 ,405950000
2012-10-24,2981.70 ,3011.82 ,3012.95 ,2978.73 ,448430000
2012-11-02,2982.13 ,3033.85 ,3033.85 ,2981.69 ,419050000
2012-11-09,2904.87 ,2892.57 ,2931.11 ,2889.81 ,417310000
2012-11-16,2853.13 ,2838.90 ,2859.57 ,2810.80 ,555840000
2012-11-26,2976.78 ,2961.02 ,2976.93 ,2951.73 ,379660000
2012-12-03,3002.20 ,3029.21 ,3030.28 ,2999.57 ,371180000
2012-12-10,2986.96 ,2973.19 ,2997.64 ,2971.56 ,331960000
2012-12-17,3010.60 ,2975.50 ,3011.22 ,2973.54 ,414460000
2012-12-24,3012.60 ,3013.89 ,3016.18 ,3008.53 ,146530000
2013-01-02,3112.26 ,3091.33 ,3112.65 ,3083.49 ,482500000
2013-01-09,3105.81 ,3099.65 ,3111.22 ,3096.34 ,353260000
2013-01-16,3117.54 ,3110.72 ,3124.65 ,3106.79 ,352340000
2013-01-24,3130.38 ,3125.67 ,3153.56 ,3124.45 ,427840000
2013-01-31,3142.13 ,3140.67 ,3154.18 ,3136.82 ,520150000
2013-02-07,3165.13 ,3167.44 ,3170.42 ,3135.98 ,414270000
2013-02-14,3198.66 ,3182.74 ,3202.33 ,3182.39 ,415060000
2013-02-22,3161.82 ,3149.09 ,3161.82 ,3139.55 ,359900000
2013-03-01,3169.74 ,3143.54 ,3171.50 ,3129.40 ,431390000
2013-03-08,3244.37 ,3245.85 ,3248.70 ,3227.89 ,354700000
2013-03-15,3249.07 ,3260.46 ,3260.62 ,3242.65 ,872860000
2013-03-22,3245.00 ,3235.30 ,3247.94 ,3230.86 ,354600000
2013-04-01,3239.17 ,3268.63 ,3270.23 ,3230.57 ,366640000
2013-04-08,3222.25 ,3207.15 ,3222.26 ,3195.57 ,333250000
2013-04-15,3216.49 ,3277.58 ,3283.40 ,3213.46 ,484380000
2013-04-22,3233.55 ,3217.40 ,3241.16 ,3198.74 ,426940000
2013-04-29,3307.02 ,3290.31 ,3315.34 ,3289.42 ,369130000
2013-05-06,3392.97 ,3382.33 ,3396.21 ,3381.44 ,334290000
2013-05-13,3438.79 ,3429.53 ,3447.10 ,3426.67 ,355120000
2013-05-20,3496.43 ,3490.46 ,3509.41 ,3488.13 ,405120000
2013-05-28,3488.89 ,3497.90 ,3514.80 ,3475.39 ,420670000
2013-06-04,3445.26 ,3467.02 ,3482.75 ,3430.02 ,456830000
2013-06-11,3436.95 ,3436.62 ,3466.57 ,3426.57 ,357180000
2013-06-18,3482.18 ,3456.29 ,3488.31 ,3456.09 ,358540000
2013-06-25,3347.89 ,3350.59 ,3358.31 ,3327.69 ,408550000
2013-07-02,3433.40 ,3430.69 ,3453.29 ,3415.23 ,397170000
2013-07-10,3520.76 ,3502.11 ,3522.99 ,3502.00 ,372210000
2013-07-17,3610.00 ,3608.13 ,3615.79 ,3600.69 ,358960000
2013-07-24,3579.60 ,3605.26 ,3606.28 ,3573.53 ,416680000
2013-07-31,3626.37 ,3627.66 ,3649.35 ,3624.77 ,454730000
2013-08-07,3654.01 ,3658.53 ,3663.20 ,3633.59 ,376950000
2013-08-14,3669.27 ,3683.97 ,3686.55 ,3668.74 ,360840000
2013-08-21,3599.79 ,3603.68 ,3630.23 ,3589.02 ,340210000
2013-08-28,3593.35 ,3579.11 ,3607.36 ,3578.80 ,314630000
2013-09-05,3658.78 ,3652.44 ,3665.01 ,3651.17 ,337420000
2013-09-12,3715.97 ,3724.53 ,3731.84 ,3713.08 ,350680000
2013-09-19,3789.38 ,3794.70 ,3798.16 ,3781.59 ,388050000
2013-09-26,3787.43 ,3774.95 ,3795.72 ,3772.80 ,391050000
2013-10-03,3774.34 ,3809.90 ,3816.96 ,3753.17 ,432210000
2013-10-10,3760.75 ,3721.58 ,3764.72 ,3721.11 ,437740000
2013-10-17,3863.15 ,3822.85 ,3863.49 ,3821.43 ,480880000
2013-10-24,3928.96 ,3911.61 ,3932.60 ,3907.54 ,486020000
2013-10-31,3919.71 ,3924.34 ,3945.04 ,3909.26 ,587130000
2013-11-07,3857.33 ,3935.81 ,3938.33 ,3855.07 ,547990000
2013-11-14,3972.74 ,3956.47 ,3975.89 ,3949.01 ,444850000
2013-11-21,3969.16 ,3938.11 ,3970.91 ,3936.82 ,406570000
2013-11-29,4059.89 ,4057.16 ,4069.70 ,4055.45 ,239420000
2013-12-06,4062.52 ,4069.86 ,4069.86 ,4042.35 ,412610000
2013-12-13,4000.97 ,4015.53 ,4017.45 ,3992.29 ,387860000
2013-12-20,4104.74 ,4064.89 ,4111.93 ,4064.73 ,1250000000
2013-12-30,4154.20 ,4153.58 ,4158.73 ,4142.18 ,305830000
2014-01-07,4153.18 ,4128.57 ,4158.18 ,4126.48 ,513530000
2014-01-14,4183.02 ,4129.60 ,4183.84 ,4125.81 ,470400000
2014-01-22,4243.00 ,4234.58 ,4246.55 ,4225.52 ,483040000
2014-01-29,4051.43 ,4060.61 ,4091.27 ,4044.76 ,555450000
2014-02-05,4011.55 ,4015.50 ,4026.28 ,3968.19 ,535250000
2014-02-12,4201.29 ,4196.85 ,4212.61 ,4190.39 ,494540000
2014-02-20,4267.55 ,4241.46 ,4272.34 ,4226.75 ,494500000
2014-02-27,4318.93 ,4291.47 ,4322.46 ,4284.78 ,487350000
2014-03-06,4352.12 ,4368.81 ,4371.71 ,4341.00 ,499170000
2014-03-13,4260.42 ,4338.26 ,4339.90 ,4242.94 ,569830000
2014-03-20,4319.29 ,4297.99 ,4329.61 ,4287.41 ,431120000
2014-03-27,4151.23 ,4169.35 ,4186.12 ,4131.81 ,549860000
2014-04-03,4237.74 ,4282.18 ,4284.69 ,4216.57 ,499910000
2014-04-10,4054.11 ,4181.21 ,4182.61 ,4042.76 ,612450000
2014-04-17,4095.52 ,4080.30 ,4110.46 ,4064.70 ,506530000
2014-04-25,4075.56 ,4125.16 ,4126.98 ,4068.10 ,526900000
2014-05-02,4123.90 ,4138.63 ,4145.06 ,4115.89 ,480280000
2014-05-09,4071.87 ,4043.44 ,4071.87 ,4025.24 ,502340000
2014-05-16,4090.59 ,4070.35 ,4091.16 ,4044.27 ,469900000
2014-05-23,4185.81 ,4159.78 ,4186.58 ,4148.30 ,387930000
2014-06-02,4237.20 ,4247.96 ,4247.96 ,4207.61 ,408840000
2014-06-09,4336.24 ,4324.35 ,4346.74 ,4320.28 ,435140000
2014-06-16,4321.10 ,4303.93 ,4326.89 ,4296.26 ,407960000
2014-06-23,4368.68 ,4368.95 ,4371.81 ,4358.68 ,424370000
2014-06-30,4408.18 ,4398.37 ,4417.46 ,4396.59 ,493490000
2014-07-08,4391.46 ,4442.87 ,4443.56 ,4372.04 ,540900000
2014-07-15,4416.39 ,4444.91 ,4451.93 ,4389.70 ,444640000
2014-07-22,4456.02 ,4444.94 ,4464.13 ,4443.35 ,403350000
2014-07-29,4442.70 ,4456.07 ,4470.97 ,4441.03 ,486030000
2014-08-05,4352.84 ,4364.59 ,4383.02 ,4333.58 ,467510000
2014-08-12,4389.25 ,4394.69 ,4407.08 ,4371.84 ,366690000
2014-08-19,4527.51 ,4514.26 ,4528.91 ,4513.92 ,373140000
2014-08-26,4570.64 ,4563.81 ,4575.59 ,4556.78 ,342630000
2014-09-03,4572.56 ,4610.14 ,4610.14 ,4565.38 ,456170000
2014-09-10,4586.52 ,4554.15 ,4587.10 ,4544.84 ,426460000
2014-09-17,4562.19 ,4553.96 ,4582.40 ,4539.36 ,441010000
2014-09-24,4555.22 ,4514.92 ,4557.27 ,4500.13 ,430450000
2014-10-01,4422.09 ,4486.65 ,4486.79 ,4409.30 ,575570000
2014-10-08,4468.59 ,4385.70 ,4473.73 ,4355.34 ,595040000
2014-10-15,4215.32 ,4154.10 ,4231.54 ,4116.60 ,794030000
2014-10-22,4382.85 ,4429.16 ,4435.86 ,4381.28 ,501410000
2014-10-29,4549.23 ,4551.37 ,4564.44 ,4517.02 ,543050000
2014-11-05,4620.72 ,4649.47 ,4650.39 ,4607.73 ,497480000
2014-11-12,4675.14 ,4644.63 ,4678.58 ,4643.78 ,447410000
2014-11-19,4675.71 ,4694.78 ,4696.20 ,4655.72 ,427480000
2014-11-26,4787.32 ,4760.23 ,4788.00 ,4757.48 ,351090000
2014-12-04,4769.44 ,4772.00 ,4785.41 ,4753.71 ,448630000
2014-12-11,4708.16 ,4704.65 ,4759.88 ,4699.43 ,448120000
2014-12-18,4748.40 ,4712.39 ,4748.40 ,4697.09 ,553980000
2014-12-26,4806.86 ,4788.06 ,4814.95 ,4787.85 ,264820000
2015-01-05,4652.57 ,4700.34 ,4702.77 ,4641.46 ,476450000
2015-01-12,4664.71 ,4714.07 ,4715.81 ,4650.65 ,491280000
2015-01-20,4654.85 ,4655.84 ,4665.65 ,4601.10 ,473620000
2015-01-27,4681.50 ,4698.23 ,4721.88 ,4659.83 ,469340000
2015-02-03,4727.74 ,4693.25 ,4727.74 ,4670.82 ,553800000
2015-02-10,4787.65 ,4754.62 ,4793.27 ,4737.12 ,441960000
2015-02-18,4906.36 ,4890.84 ,4907.50 ,4885.60 ,410200000
2015-02-25,4967.14 ,4960.36 ,4984.24 ,4955.99 ,422940000
2015-03-04,4967.14 ,4961.24 ,4973.32 ,4938.90 ,433190000
2015-03-11,4849.94 ,4866.94 ,4876.09 ,4846.79 ,456590000
2015-03-18,4982.83 ,4926.83 ,5001.57 ,4907.72 ,473040000
2015-03-25,4876.52 ,5002.83 ,5006.76 ,4876.52 ,518110000
2015-04-01,4880.23 ,4894.36 ,4899.38 ,4844.39 ,457080000
2015-04-09,4974.56 ,4950.84 ,4975.93 ,4928.11 ,387110000
2015-04-16,5007.79 ,4999.36 ,5016.00 ,4996.00 ,383970000
2015-04-23,5056.06 ,5020.22 ,5073.09 ,5019.30 ,435930000
2015-04-30,4941.42 ,4996.99 ,5015.96 ,4921.56 ,591670000
2015-05-07,4945.54 ,4917.75 ,4957.12 ,4914.53 ,470260000
2015-05-14,5050.80 ,5016.68 ,5051.72 ,4999.65 ,404810000
2015-05-21,5090.79 ,5065.94 ,5098.23 ,5062.51 ,381240000
2015-05-29,5070.02 ,5093.10 ,5099.40 ,5057.59 ,545790000
2015-06-05,5068.46 ,5057.04 ,5074.98 ,5025.52 ,426330000
2015-06-12,5051.10 ,5060.24 ,5067.96 ,5043.24 ,348820000
2015-06-19,5117.00 ,5139.77 ,5140.17 ,5113.94 ,994330000
2015-06-26,5080.51 ,5113.26 ,5121.47 ,5060.82 ,1250000000
2015-07-06,4991.94 ,4963.80 ,5020.71 ,4960.93 ,489030000
2015-07-13,5071.51 ,5037.27 ,5074.81 ,5036.68 ,383980000
2015-07-20,5218.86 ,5223.18 ,5231.94 ,5201.49 ,390350000
2015-07-27,5039.78 ,5055.92 ,5072.88 ,5032.69 ,452920000
2015-08-03,5115.38 ,5134.34 ,5143.08 ,5082.32 ,411240000
2015-08-10,5101.80 ,5081.72 ,5112.47 ,5081.11 ,435820000
2015-08-17,5091.70 ,5032.34 ,5092.69 ,5022.42 ,360390000
2015-08-24,4526.25 ,4351.61 ,4694.90 ,4292.14 ,926380000
2015-08-31,4776.51 ,4798.68 ,4824.61 ,4763.42 ,498170000
2015-09-08,4811.93 ,4769.72 ,4815.04 ,4754.89 ,445730000
2015-09-15,4860.52 ,4819.32 ,4872.35 ,4802.09 ,353270000
2015-09-22,4756.72 ,4762.29 ,4776.28 ,4716.91 ,477770000
2015-09-29,4517.32 ,4551.04 ,4596.06 ,4487.06 ,548610000
2015-10-06,4748.36 ,4767.63 ,4783.37 ,4711.79 ,471980000
2015-10-13,4796.61 ,4809.24 ,4858.28 ,4793.92 ,354140000
2015-10-20,4880.97 ,4900.02 ,4909.37 ,4866.60 ,387510000
2015-10-27,5030.15 ,5018.99 ,5040.08 ,5009.07 ,455960000
2015-11-03,5145.13 ,5114.31 ,5163.47 ,5109.68 ,446940000
2015-11-10,5083.24 ,5068.55 ,5086.89 ,5051.22 ,432610000
2015-11-17,4986.02 ,4991.71 ,5023.45 ,4975.74 ,418580000
2015-11-24,5102.81 ,5070.66 ,5110.75 ,5050.14 ,417560000
2015-12-02,5123.22 ,5158.82 ,5176.77 ,5117.15 ,450130000
2015-12-09,5022.86 ,5077.21 ,5106.36 ,5000.12 ,442490000
2015-12-16,5071.13 ,5033.48 ,5078.99 ,4992.63 ,443740000
2015-12-23,5045.93 ,5025.55 ,5046.09 ,5020.44 ,354600000
2015-12-31,5007.41 ,5047.04 ,5058.06 ,5007.01 ,384400000
2016-01-08,4643.63 ,4722.02 ,4742.57 ,4637.85 ,540570000
2016-01-15,4488.42 ,4464.37 ,4520.45 ,4419.41 ,739410000
2016-01-25,4518.49 ,4574.60 ,4590.44 ,4514.78 ,483490000
2016-02-01,4620.37 ,4587.59 ,4636.93 ,4565.38 ,480040000
2016-02-08,4283.75 ,4288.02 ,4301.53 ,4212.81 ,673870000
2016-02-16,4435.95 ,4397.95 ,4435.95 ,4376.52 ,553800000
2016-02-23,4503.58 ,4550.05 ,4558.06 ,4500.94 ,388340000
2016-03-01,4689.60 ,4596.01 ,4689.60 ,4581.75 ,507410000
2016-03-08,4648.82 ,4676.22 ,4695.03 ,4642.86 ,467110000
2016-03-15,4728.67 ,4731.14 ,4735.27 ,4712.07 ,397350000
2016-03-22,4821.66 ,4783.60 ,4835.60 ,4781.71 ,373160000
2016-03-30,4869.29 ,4875.46 ,4899.14 ,4859.35 ,388830000
2016-04-06,4920.72 ,4849.57 ,4921.51 ,4849.28 ,402780000
2016-04-13,4947.42 ,4904.79 ,4951.91 ,4903.60 ,431410000
2016-04-20,4948.13 ,4941.99 ,4969.32 ,4928.29 ,394430000
2016-04-27,4863.14 ,4855.38 ,4872.91 ,4826.38 ,441730000
2016-05-04,4725.64 ,4735.28 ,4751.64 ,4713.91 ,469200000
2016-05-11,4760.69 ,4799.30 ,4812.19 ,4760.36 ,417000000
2016-05-18,4739.12 ,4705.78 ,4762.28 ,4704.49 ,445260000
2016-05-25,4894.89 ,4877.18 ,4905.45 ,4872.42 ,397170000
2016-06-02,4971.36 ,4941.25 ,4971.36 ,4924.23 ,386100000
2016-06-09,4958.62 ,4954.15 ,4965.49 ,4940.55 ,361930000
2016-06-16,4844.91 ,4809.69 ,4847.86 ,4778.78 ,389890000
2016-06-23,4910.04 ,4872.19 ,4910.04 ,4859.40 ,398650000
2016-06-30,4842.67 ,4793.75 ,4843.11 ,4774.52 ,574070000
2016-07-08,4956.76 ,4906.66 ,4959.00 ,4901.27 ,433260000
2016-07-15,5029.59 ,5041.19 ,5044.81 ,5018.52 ,395580000
2016-07-22,5100.16 ,5078.12 ,5103.52 ,5064.11 ,357670000
2016-07-29,5162.13 ,5162.15 ,5175.81 ,5140.05 ,571660000
2016-08-05,5221.12 ,5190.71 ,5227.23 ,5186.24 ,439900000
2016-08-12,5232.90 ,5219.66 ,5233.34 ,5215.55 ,338980000
2016-08-19,5238.38 ,5229.87 ,5245.81 ,5217.65 ,408440000
2016-08-26,5218.92 ,5219.05 ,5253.39 ,5191.86 ,361690000
2016-09-02,5249.90 ,5249.66 ,5263.39 ,5231.02 ,351350000
2016-09-12,5211.89 ,5098.03 ,5217.88 ,5097.80 ,464620000
2016-09-19,5235.03 ,5263.55 ,5281.07 ,5222.91 ,400160000
2016-09-26,5257.49 ,5275.73 ,5282.27 ,5254.96 ,376060000
2016-10-03,5300.87 ,5300.29 ,5308.60 ,5281.95 ,370990000
2016-10-10,5328.67 ,5318.46 ,5340.52 ,5317.73 ,321130000
2016-10-17,5199.82 ,5213.69 ,5219.98 ,5196.03 ,326320000
2016-10-24,5309.83 ,5290.31 ,5311.50 ,5289.23 ,349690000
2016-10-31,5189.14 ,5205.09 ,5206.70 ,5186.56 ,434890000
2016-11-07,5166.17 ,5128.99 ,5169.41 ,5122.77 ,456100000
2016-11-14,5218.40 ,5246.33 ,5247.17 ,5192.05 ,537260000
2016-11-21,5368.86 ,5336.78 ,5369.83 ,5334.16 ,411240000
2016-11-29,5379.92 ,5370.98 ,5403.86 ,5360.56 ,440160000
2016-12-06,5333.00 ,5317.74 ,5333.99 ,5299.94 ,438300000
2016-12-13,5463.83 ,5433.57 ,5486.75 ,5430.72 ,470730000
2016-12-20,5483.94 ,5473.53 ,5489.47 ,5471.71 ,395330000
2016-12-28,5438.56 ,5497.44 ,5498.91 ,5434.70 ,294740000
2017-01-05,5487.94 ,5474.39 ,5495.85 ,5464.36 ,423640000
2017-01-12,5547.49 ,5542.56 ,5550.67 ,5496.82 ,394730000
2017-01-20,5555.33 ,5556.87 ,5574.35 ,5542.23 ,444460000
2017-01-27,5660.78 ,5664.88 ,5667.45 ,5643.90 ,386970000
2017-02-03,5666.77 ,5650.73 ,5666.84 ,5647.58 ,411170000
2017-02-10,5734.13 ,5726.18 ,5743.43 ,5717.42 ,421000000
2017-02-17,5838.58 ,5807.31 ,5838.58 ,5800.80 ,500750000
2017-02-27,5861.90 ,5835.04 ,5861.90 ,5827.00 ,447060000
2017-03-06,5849.18 ,5846.42 ,5857.74 ,5827.46 ,412850000
2017-03-13,5875.78 ,5863.48 ,5877.43 ,5860.83 ,405740000
2017-03-20,5901.53 ,5898.81 ,5915.12 ,5888.12 ,407110000
2017-03-27,5840.37 ,5776.33 ,5849.20 ,5769.39 ,410070000
2017-04-03,5894.68 ,5917.31 ,5928.93 ,5867.73 ,453500000
2017-04-10,5880.93 ,5883.43 ,5907.85 ,5865.56 ,389310000
2017-04-18,5849.47 ,5838.59 ,5860.04 ,5828.57 ,391180000
2017-04-25,6025.49 ,6004.16 ,6036.02 ,6002.65 ,441930000
2017-05-02,6095.37 ,6102.51 ,6102.72 ,6081.56 ,498620000
2017-05-09,6120.59 ,6111.82 ,6133.00 ,6107.59 ,466700000
2017-05-16,6169.87 ,6160.52 ,6170.16 ,6139.10 ,460050000
2017-05-23,6138.71 ,6149.55 ,6150.91 ,6121.79 ,407730000
2017-05-31,6198.52 ,6221.62 ,6221.99 ,6164.07 ,697150000
2017-06-07,6297.38 ,6290.44 ,6302.78 ,6267.18 ,432540000
2017-06-14,6194.89 ,6237.46 ,6237.53 ,6153.55 ,457030000
2017-06-21,6233.95 ,6202.75 ,6236.66 ,6200.86 ,491840000
2017-06-28,6234.41 ,6173.10 ,6238.29 ,6144.80 ,461440000
2017-07-06,6089.46 ,6109.60 ,6127.98 ,6081.96 ,514780000
2017-07-13,6274.44 ,6269.10 ,6281.45 ,6251.26 ,423330000
2017-07-20,6390.00 ,6396.46 ,6398.26 ,6365.68 ,414710000
2017-07-27,6382.19 ,6459.76 ,6460.84 ,6318.62 ,564930000
2017-08-03,6340.34 ,6366.24 ,6368.53 ,6331.14 ,476050000
2017-08-10,6216.87 ,6312.65 ,6318.28 ,6214.41 ,495540000
2017-08-17,6221.91 ,6322.72 ,6334.23 ,6221.91 ,435270000
2017-08-24,6271.33 ,6294.82 ,6302.85 ,6244.57 ,369110000
2017-08-31,6428.66 ,6385.80 ,6435.27 ,6383.58 ,478190000
2017-09-08,6360.19 ,6389.65 ,6391.41 ,6354.96 ,408110000
2017-09-15,6448.47 ,6426.16 ,6464.27 ,6419.65 ,1190000000
2017-09-22,6426.92 ,6401.44 ,6429.54 ,6400.81 ,388100000
2017-09-29,6495.96 ,6461.28 ,6497.98 ,6454.86 ,492430000
2017-10-06,6590.18 ,6566.95 ,6590.18 ,6566.84 ,410590000
2017-10-13,6605.80 ,6613.21 ,6616.58 ,6602.20 ,417540000
2017-10-20,6629.05 ,6633.37 ,6640.02 ,6622.92 ,457360000
2017-10-27,6701.26 ,6635.03 ,6708.13 ,6625.78 ,566650000
2017-11-03,6764.44 ,6737.09 ,6765.14 ,6712.93 ,521390000
2017-11-10,6750.94 ,6736.39 ,6757.35 ,6727.35 ,464510000
2017-11-17,6782.79 ,6794.45 ,6797.75 ,6777.43 ,493180000
2017-11-27,6878.52 ,6889.91 ,6897.43 ,6867.89 ,444300000
2017-12-04,6775.37 ,6897.14 ,6899.23 ,6770.69 ,600980000
2017-12-11,6875.08 ,6847.64 ,6879.80 ,6844.88 ,448360000
2017-12-18,6994.76 ,6980.40 ,7003.89 ,6975.55 ,539240000
2017-12-26,6936.25 ,6928.92 ,6942.14 ,6915.56 ,322150000
2018-01-03,7065.53 ,7017.07 ,7069.15 ,7016.70 ,483920000
2018-01-10,7153.57 ,7129.83 ,7154.24 ,7111.52 ,457150000
2018-01-18,7296.05 ,7293.65 ,7313.89 ,7276.11 ,463520000
2018-01-25,7411.16 ,7457.94 ,7458.53 ,7388.58 ,464670000
2018-02-01,7385.86 ,7377.17 ,7441.09 ,7362.28 ,538730000
2018-02-08,6777.16 ,7067.30 ,7073.99 ,6776.77 ,672310000
2018-02-15,7256.43 ,7200.75 ,7256.93 ,7130.39 ,508640000
2018-02-23,7337.39 ,7261.35 ,7337.83 ,7232.49 ,445460000
2018-03-02,7257.87 ,7099.54 ,7267.19 ,7084.83 ,562030000
2018-03-09,7560.81 ,7475.98 ,7560.81 ,7469.03 ,560830000
2018-03-16,7481.99 ,7504.37 ,7514.21 ,7473.68 ,1260000000
2018-03-23,6992.67 ,7170.68 ,7194.31 ,6992.67 ,589290000
2018-04-02,6870.12 ,7016.17 ,7044.71 ,6805.96 ,586470000
2018-04-09,6950.34 ,6971.44 ,7074.95 ,6944.96 ,494550000
2018-04-16,7156.28 ,7153.87 ,7178.51 ,7115.85 ,426930000
2018-04-23,7128.60 ,7173.99 ,7195.72 ,7094.43 ,421040000
2018-04-30,7066.27 ,7133.95 ,7169.80 ,7065.41 ,510260000
2018-05-07,7265.21 ,7241.82 ,7291.74 ,7235.76 ,465630000
2018-05-14,7411.31 ,7429.45 ,7458.42 ,7401.89 ,489170000
2018-05-21,7394.04 ,7406.34 ,7431.83 ,7368.20 ,443540000
2018-05-29,7396.59 ,7398.51 ,7435.13 ,7354.29 ,479260000
2018-06-05,7637.86 ,7621.36 ,7644.48 ,7602.38 ,480100000
2018-06-12,7703.79 ,7673.87 ,7708.25 ,7669.53 ,474860000
2018-06-19,7725.59 ,7658.47 ,7727.41 ,7635.73 ,577300000
2018-06-26,7561.63 ,7553.74 ,7597.49 ,7527.00 ,496220000
2018-07-03,7502.67 ,7593.63 ,7594.33 ,7498.50 ,298410000
2018-07-11,7716.61 ,7698.51 ,7748.16 ,7696.58 ,420720000
2018-07-18,7854.44 ,7859.43 ,7863.77 ,7822.83 ,437890000
2018-07-25,7932.24 ,7839.09 ,7933.31 ,7838.76 ,465420000
2018-08-01,7707.29 ,7701.82 ,7732.68 ,7670.71 ,531480000
2018-08-08,7888.33 ,7880.00 ,7901.69 ,7864.46 ,474700000
2018-08-15,7774.12 ,7810.02 ,7832.66 ,7732.69 ,535190000
2018-08-22,7889.10 ,7844.04 ,7897.63 ,7840.84 ,383820000
2018-08-29,8109.69 ,8044.34 ,8113.56 ,8042.10 ,428410000
2018-09-06,7922.73 ,7998.27 ,8001.97 ,7885.49 ,539130000
2018-09-13,8013.71 ,7999.93 ,8037.51 ,7989.85 ,522070000
2018-09-20,8028.23 ,7993.53 ,8039.06 ,7986.40 ,534960000
2018-09-27,8041.97 ,8021.22 ,8071.56 ,8017.91 ,484630000
2018-10-04,7879.51 ,7993.33 ,7997.17 ,7833.16 ,764990000
2018-10-11,7329.06 ,7388.07 ,7493.21 ,7274.04 ,760280000
2018-10-18,7485.14 ,7616.47 ,7616.86 ,7452.46 ,591760000
2018-10-25,7318.34 ,7197.49 ,7364.82 ,7178.54 ,683410000
2018-11-01,7434.06 ,7327.82 ,7435.88 ,7286.50 ,684150000
2018-11-08,7530.89 ,7544.17 ,7566.93 ,7499.71 ,599940000
2018-11-15,7259.03 ,7112.83 ,7274.26 ,7072.36 ,646330000
2018-11-23,6938.98 ,6919.52 ,6987.89 ,6919.16 ,272710000
2018-11-30,7330.54 ,7279.30 ,7332.79 ,7255.68 ,862980000
2018-12-10,7020.52 ,6959.63 ,7047.62 ,6878.98 ,587310000
2018-12-17,6753.73 ,6886.46 ,6931.81 ,6710.01 ,690840000
2018-12-24,6192.92 ,6278.49 ,6355.18 ,6190.17 ,405620000
2019-01-02,6665.94 ,6506.91 ,6693.71 ,6506.88 ,581370000
2019-01-09,6957.08 ,6923.06 ,6985.22 ,6899.56 ,577670000
2019-01-16,7034.69 ,7033.75 ,7079.63 ,7028.12 ,511900000
2019-01-24,7073.46 ,7042.25 ,7078.96 ,7029.95 ,574840000
2019-01-31,7281.74 ,7208.17 ,7303.12 ,7205.94 ,769260000
2019-02-07,7288.35 ,7316.50 ,7336.74 ,7235.05 ,568690000
2019-02-14,7426.95 ,7390.25 ,7454.42 ,7375.71 ,529290000
2019-02-22,7527.55 ,7481.63 ,7527.55 ,7479.01 ,595340000
2019-03-01,7595.35 ,7587.45 ,7603.03 ,7540.75 ,611930000
2019-03-08,7408.14 ,7334.35 ,7411.52 ,7332.92 ,559330000
2019-03-15,7688.53 ,7658.41 ,7714.96 ,7652.03 ,1430000000
2019-03-22,7642.67 ,7800.25 ,7817.83 ,7642.57 ,622740000
2019-03-29,7729.32 ,7726.71 ,7733.62 ,7688.51 ,654730000
2019-04-05,7938.69 ,7914.51 ,7940.45 ,7909.14 ,526600000
2019-04-12,7984.16 ,7984.15 ,7992.09 ,7952.61 ,470310000
2019-04-22,8015.27 ,7969.37 ,8017.15 ,7965.90 ,445010000
2019-04-29,8161.85 ,8147.65 ,8176.08 ,8136.41 ,446010000
2019-05-06,8123.29 ,7981.85 ,8135.54 ,7981.85 ,518370000
2019-05-13,7647.02 ,7720.07 ,7760.83 ,7627.23 ,650130000
2019-05-20,7702.38 ,7714.06 ,7747.27 ,7678.35 ,551650000
2019-05-28,7607.35 ,7655.66 ,7693.74 ,7603.76 ,785600000
2019-06-04,7527.12 ,7413.94 ,7529.50 ,7385.02 ,619530000
2019-06-11,7822.57 ,7901.04 ,7909.99 ,7798.63 ,534580000
2019-06-18,7953.88 ,7920.98 ,8005.21 ,7911.67 ,567690000
2019-06-25,7884.72 ,8005.27 ,8007.31 ,7879.15 ,547780000
2019-07-02,8109.09 ,8086.65 ,8109.37 ,8063.10 ,488380000
2019-07-10,8202.53 ,8183.19 ,8228.60 ,8160.56 ,508180000
2019-07-17,8185.21 ,8224.00 ,8230.67 ,8184.66 ,473280000
2019-07-24,8321.50 ,8227.36 ,8321.81 ,8226.50 ,528510000
2019-07-31,8175.42 ,8290.80 ,8299.83 ,8110.02 ,758730000
2019-08-07,7862.83 ,7747.27 ,7881.38 ,7702.42 ,615180000
2019-08-14,7773.94 ,7877.33 ,7900.28 ,7762.87 ,637260000
2019-08-21,8020.21 ,8017.07 ,8036.94 ,7998.50 ,428160000
2019-08-28,7856.88 ,7798.35 ,7866.87 ,7766.67 ,420870000
2019-09-05,8116.83 ,8061.29 ,8134.42 ,8061.29 ,542830000
2019-09-12,8194.47 ,8206.58 ,8243.80 ,8176.73 ,557770000
2019-09-19,8182.88 ,8193.59 ,8237.43 ,8174.32 ,492920000
2019-09-26,8030.66 ,8070.12 ,8072.11 ,7991.02 ,472490000
2019-10-03,7872.25 ,7787.02 ,7872.27 ,7700.00 ,518320000
2019-10-10,7950.77 ,7904.56 ,7982.85 ,7899.81 ,451970000
2019-10-17,8156.85 ,8176.91 ,8183.64 ,8131.25 ,488850000
2019-10-24,8185.80 ,8180.04 ,8187.84 ,8137.66 ,468720000
2019-10-31,8292.36 ,8314.38 ,8321.80 ,8248.81 ,608630000
2019-11-07,8434.52 ,8455.11 ,8483.16 ,8415.87 ,618390000
2019-11-14,8479.02 ,8461.06 ,8485.36 ,8441.58 ,499400000
2019-11-21,8506.21 ,8527.87 ,8530.73 ,8487.29 ,520650000
2019-11-29,8665.47 ,8682.01 ,8697.33 ,8664.03 ,303120000
2019-12-06,8656.53 ,8634.25 ,8665.44 ,8630.58 ,527650000
2019-12-13,8734.88 ,8713.91 ,8768.87 ,8697.58 ,543980000
2019-12-20,8924.95 ,8911.84 ,8931.91 ,8901.87 ,1600000000
2019-12-30,8945.99 ,9004.45 ,9006.36 ,8909.19 ,483980000
2020-01-07,9068.58 ,9076.65 ,9091.93 ,9042.55 ,552230000
2020-01-14,9251.33 ,9270.61 ,9298.33 ,9226.49 ,624220000
2020-01-22,9383.77 ,9413.61 ,9439.29 ,9375.13 ,580340000
2020-01-29,9275.16 ,9318.26 ,9329.11 ,9249.04 ,548870000
2020-02-05,9508.68 ,9574.10 ,9574.93 ,9454.93 ,625910000
2020-02-12,9725.96 ,9688.60 ,9728.77 ,9666.68 ,589710000
2020-02-20,9750.97 ,9799.20 ,9820.86 ,9636.94 ,646920000
2020-02-27,8566.48 ,8744.03 ,8904.11 ,8562.05 ,1150000000
2020-03-05,8738.59 ,8790.09 ,8921.08 ,8677.39 ,901110000
2020-03-12,7201.80 ,7398.58 ,7712.33 ,7194.67 ,1340000000
2020-03-19,7150.58 ,6996.45 ,7341.38 ,6858.38 ,1190000000
2020-03-26,7797.54 ,7462.21 ,7809.82 ,7462.21 ,1010000000
2020-04-02,7487.31 ,7317.45 ,7501.70 ,7307.95 ,912990000
2020-04-09,8153.57 ,8169.01 ,8227.91 ,8072.32 ,925800000
2020-04-17,8650.14 ,8667.48 ,8670.30 ,8531.69 ,1060000000
2020-04-24,8634.52 ,8530.08 ,8642.93 ,8464.42 ,797880000
2020-05-01,8604.95 ,8681.29 ,8754.46 ,8566.84 ,868790000
2020-05-08,9121.32 ,9056.89 ,9125.98 ,9018.21 ,824610000
2020-05-15,9014.56 ,8839.99 ,9018.40 ,8821.38 ,1030000000
2020-05-22,9324.59 ,9278.55 ,9328.28 ,9239.41 ,746030000
2020-06-01,9552.05 ,9471.42 ,9571.28 ,9462.32 ,878990000
2020-06-08,9924.75 ,9823.44 ,9927.12 ,9780.61 ,1340000000
2020-06-15,9726.02 ,9426.90 ,9756.07 ,9403.00 ,1080000000
2020-06-22,10056.48 ,9945.49 ,10059.61 ,9916.60 ,1060000000
2020-06-29,9874.15 ,9771.72 ,9877.34 ,9663.61 ,977010000
2020-07-07,10343.89 ,10412.46 ,10518.98 ,10337.98 ,946990000
2020-07-14,10488.58 ,10310.25 ,10497.83 ,10182.46 ,974170000
2020-07-21,10680.36 ,10837.88 ,10839.93 ,10650.46 ,1060000000
2020-07-28,10402.09 ,10509.20 ,10523.64 ,10397.87 ,811000000
2020-08-04,10941.17 ,10897.89 ,10941.91 ,10852.90 ,886040000
2020-08-11,10782.82 ,10942.66 ,10989.42 ,10762.71 ,969230000
2020-08-18,11210.84 ,11170.75 ,11230.61 ,11103.83 ,736480000
2020-08-25,11466.47 ,11370.23 ,11468.26 ,11343.04 ,719870000
2020-09-01,11939.67 ,11850.96 ,11945.72 ,11794.78 ,812610000
2020-09-09,11141.56 ,11064.76 ,11217.69 ,10970.45 ,861840000
2020-09-16,11050.47 ,11222.08 ,11245.42 ,11046.43 ,923760000
2020-09-23,10633.15 ,10950.83 ,10962.02 ,10612.92 ,962400000
2020-09-30,11167.68 ,11092.90 ,11277.96 ,11092.90 ,1020000000
2020-10-07,11364.70 ,11271.68 ,11380.56 ,11258.35 ,834930000
2020-10-14,11768.83 ,11889.07 ,11939.92 ,11714.35 ,697010000
2020-10-21,11484.69 ,11530.39 ,11613.79 ,11476.08 ,753850000
2020-10-28,11004.87 ,11230.90 ,11249.95 ,10999.07 ,856550000
2020-11-04,11590.78 ,11443.77 ,11663.31 ,11394.21 ,852150000
2020-11-11,11786.43 ,11656.65 ,11793.58 ,11638.90 ,819260000
2020-11-18,11801.60 ,11896.06 ,11942.49 ,11799.96 ,963950000
2020-11-25,12094.40 ,12053.89 ,12114.77 ,12020.95 ,899550000
2020-12-03,12377.18 ,12369.26 ,12439.02 ,12356.99 ,928310000
2020-12-10,12405.81 ,12247.55 ,12431.56 ,12214.74 ,893260000
2020-12-17,12764.75 ,12730.78 ,12765.25 ,12696.35 ,1020000000
2020-12-24,12804.73 ,12791.54 ,12833.55 ,12767.64 ,584090000
2021-01-04,12698.45 ,12958.52 ,12958.73 ,12543.24 ,1270000000
2021-01-11,13036.43 ,13048.78 ,13138.27 ,12999.51 ,1240000000
2021-01-19,13197.18 ,13132.73 ,13206.86 ,13078.70 ,1220000000
2021-01-26,13626.07 ,13681.72 ,13702.69 ,13603.19 ,1250000000
2021-02-02,13612.78 ,13543.10 ,13652.69 ,13535.86 ,1430000000
2021-02-09,14007.70 ,13966.82 ,14044.95 ,13966.55 ,1520000000
2021-02-17,13965.50 ,13911.65 ,13976.43 ,13804.26 ,1350000000
2021-02-24,13597.97 ,13400.25 ,13607.36 ,13286.59 ,1240000000
2021-03-03,12997.75 ,13336.25 ,13372.52 ,12995.07 ,1160000000
2021-03-10,13068.83 ,13234.73 ,13277.10 ,13035.44 ,1220000000
2021-03-17,13525.20 ,13336.92 ,13595.00 ,13272.69 ,1180000000
2021-03-24,12961.89 ,13289.24 ,13292.92 ,12961.35 ,1190000000
2021-03-31,13246.87 ,13122.57 ,13325.54 ,13118.38 ,1210000000
2021-04-08,13829.31 ,13796.89 ,13830.14 ,13758.71 ,870910000
2021-04-15,14038.76 ,13983.23 ,14049.13 ,13970.42 ,867560000
2021-04-22,13818.41 ,13952.57 ,14015.87 ,13771.04 ,871280000
2021-04-29,14082.55 ,14204.51 ,14211.57 ,13952.80 ,994150000
2021-05-06,13632.84 ,13557.83 ,13635.74 ,13439.39 ,1040000000
2021-05-13,13124.99 ,13150.94 ,13247.87 ,13007.24 ,986830000
2021-05-20,13535.74 ,13356.63 ,13563.52 ,13355.71 ,810410000
2021-05-27,13736.28 ,13742.58 ,13776.52 ,13701.62 ,1410000000
2021-06-04,13814.49 ,13697.25 ,13826.82 ,13692.01 ,806240000
2021-06-11,14069.42 ,14030.85 ,14069.42 ,14006.59 ,824120000
2021-06-18,14030.38 ,14096.93 ,14129.22 ,14009.03 ,2140000000
2021-06-25,14360.39 ,14400.81 ,14409.08 ,14337.65 ,3120000000
2021-07-02,14639.33 ,14582.98 ,14649.11 ,14555.33 ,724360000
2021-07-12,14733.24 ,14743.86 ,14761.08 ,14672.63 ,753860000
2021-07-19,14274.98 ,14235.98 ,14313.60 ,14178.66 ,916440000
2021-07-26,14840.71 ,14821.03 ,14863.65 ,14790.49 ,850810000
2021-08-02,14681.07 ,14758.60 ,14770.41 ,14665.67 ,752760000
2021-08-09,14860.18 ,14855.75 ,14883.81 ,14802.69 ,801120000
2021-08-16,14793.76 ,14771.53 ,14794.68 ,14610.02 ,774040000
2021-08-23,14942.65 ,14776.98 ,14963.47 ,14776.98 ,782670000
2021-08-30,15265.89 ,15165.94 ,15288.08 ,15165.12 ,807580000
2021-09-07,15374.33 ,15375.98 ,15403.44 ,15343.28 ,813760000
2021-09-14,15037.76 ,15168.45 ,15181.19 ,15008.30 ,884510000
2021-09-21,14746.40 ,14803.36 ,14847.03 ,14696.47 ,873640000
2021-09-28,14546.68 ,14787.21 ,14817.74 ,14539.88 ,996260000
2021-10-05,14433.83 ,14312.86 ,14508.65 ,14299.78 ,805230000
2021-10-12,14465.92 ,14539.09 ,14552.71 ,14441.60 ,768400000
2021-10-19,15129.09 ,15073.13 ,15137.85 ,15049.73 ,788580000
2021-10-26,15235.72 ,15317.50 ,15384.00 ,15198.23 ,1220000000
2021-11-02,15649.60 ,15583.99 ,15656.60 ,15569.27 ,997880000
2021-11-09,15886.54 ,16024.13 ,16035.21 ,15836.68 ,1030000000
2021-11-16,15973.85 ,15840.32 ,15989.61 ,15825.00 ,1010000000
2021-11-23,15775.14 ,15809.50 ,15895.86 ,15601.46 ,1070000000
2021-12-01,15254.05 ,15752.27 ,15816.82 ,15243.93 ,1220000000
2021-12-08,15786.99 ,15690.65 ,15792.64 ,15618.88 ,921930000
2021-12-15,15565.58 ,15230.71 ,15575.76 ,15055.23 ,1170000000
2021-12-22,15521.89 ,15319.16 ,15525.97 ,15303.06 ,783470000
2021-12-30,15741.56 ,15758.98 ,15868.09 ,15729.16 ,768180000
2022-01-06,15080.86 ,15024.15 ,15198.45 ,14914.87 ,951120000
2022-01-13,14806.81 ,15245.04 ,15259.71 ,14782.24 ,852150000
2022-01-21,13768.92 ,14046.22 ,14171.72 ,13764.24 ,1320000000
2022-01-28,13770.57 ,13436.71 ,13771.91 ,13236.56 ,1060000000
2022-02-04,14098.01 ,13958.48 ,14222.76 ,13850.39 ,862970000
2022-02-11,13791.15 ,14213.62 ,14246.70 ,13733.16 ,1080000000
2022-02-18,13548.07 ,13735.40 ,13762.40 ,13465.56 ,1020000000
2022-02-28,13751.40 ,13570.83 ,13810.64 ,13549.90 ,1390000000
2022-03-07,12830.96 ,13328.36 ,13353.28 ,12828.02 ,1290000000
2022-03-14,12581.22 ,12795.12 ,12918.01 ,12555.35 ,1210000000
2022-03-21,13838.46 ,13860.39 ,13945.81 ,13682.55 ,1140000000
2022-03-28,14354.90 ,14177.21 ,14356.00 ,14101.34 ,892940000
2022-04-04,14532.55 ,14304.35 ,14534.38 ,14286.45 ,915410000
2022-04-11,13411.96 ,13547.29 ,13585.08 ,13401.39 ,991300000
2022-04-19,13619.66 ,13312.44 ,13643.97 ,13281.22 ,855290000
2022-04-26,12490.74 ,12918.04 ,12918.04 ,12490.74 ,1020000000
2022-05-03,12563.76 ,12511.46 ,12645.83 ,12460.99 ,897830000
2022-05-10,11737.67 ,11900.34 ,11944.94 ,11566.28 ,1280000000
2022-05-17,11984.52 ,11905.57 ,11988.43 ,11754.28 ,1020000000
2022-05-24,11264.45 ,11326.44 ,11351.61 ,11092.48 ,924230000
2022-06-01,11994.46 ,12176.89 ,12237.93 ,11901.43 ,940600000
2022-06-08,12086.27 ,12147.28 ,12235.78 ,12052.70 ,911770000
2022-06-15,11099.16 ,10968.40 ,11244.26 ,10866.39 ,1220000000
2022-06-23,11232.19 ,11137.68 ,11260.27 ,11046.28 ,1030000000
2022-06-30,11028.74 ,11048.25 ,11160.92 ,10850.01 ,1160000000
2022-07-08,11635.31 ,11503.61 ,11689.70 ,11479.77 ,820690000
2022-07-15,11452.42 ,11379.36 ,11454.69 ,11295.33 ,947430000
2022-07-22,11834.11 ,12025.37 ,12093.02 ,11767.19 ,884720000
2022-07-29,12390.69 ,12239.69 ,12426.26 ,12181.13 ,1100000000
2022-08-05,12657.55 ,12538.80 ,12720.44 ,12525.77 ,991770000
2022-08-12,13047.19 ,12866.31 ,13047.19 ,12821.22 ,936390000
2022-08-19,12705.21 ,12832.27 ,12859.01 ,12674.87 ,998670000
2022-08-26,12141.71 ,12630.58 ,12655.84 ,12141.52 ,960490000
2022-09-02,11630.86 ,11899.14 ,11945.91 ,11573.51 ,868070000
2022-09-12,12266.41 ,12174.94 ,12270.19 ,12169.28 ,845280000
2022-09-19,11535.02 ,11338.57 ,11538.13 ,11337.83 ,932680000
2022-09-26,10802.92 ,10833.38 ,11024.00 ,10789.05 ,949640000
2022-10-03,10815.43 ,10659.01 ,10875.46 ,10577.89 ,943340000
2022-10-10,10542.10 ,10659.95 ,10669.93 ,10449.04 ,812520000
2022-10-17,10675.80 ,10575.65 ,10696.59 ,10569.69 ,944310000
2022-10-24,10952.61 ,10867.07 ,10983.52 ,10713.33 ,921200000
2022-10-31,10988.15 ,11028.43 ,11047.94 ,10914.00 ,1080000000
2022-11-07,10564.52 ,10516.94 ,10587.96 ,10428.91 ,930250000
2022-11-14,11196.22 ,11233.90 ,11350.13 ,11167.17 ,983400000
2022-11-21,11024.51 ,11091.01 ,11128.78 ,10999.75 ,765200000
2022-11-29,10983.78 ,11060.02 ,11086.02 ,10944.37 ,783460000
2022-12-06,11014.89 ,11228.42 ,11241.42 ,10956.20 ,888700000
2022-12-13,11256.81 ,11542.84 ,11571.64 ,11160.54 ,1240000000
2022-12-20,10547.11 ,10490.89 ,10609.46 ,10446.82 ,972310000
2022-12-28,10213.29 ,10339.20 ,10414.82 ,10207.47 ,751520000
2023-01-05,10305.24 ,10390.31 ,10393.22 ,10295.25 ,957480000
2023-01-12,11001.11 ,10969.26 ,11027.75 ,10797.12 ,1030000000
2023-01-20,11140.43 ,10924.66 ,11143.17 ,10885.64 ,1160000000
2023-01-27,11621.71 ,11470.47 ,11691.89 ,11470.27 ,1050000000
2023-02-03,12006.96 ,11946.86 ,12231.31 ,11946.86 ,1110000000
2023-02-10,11718.12 ,11714.60 ,11775.80 ,11630.54 ,934050000
2023-02-17,11787.27 ,11777.50 ,11803.22 ,11673.21 ,966300000
2023-02-27,11466.98 ,11517.19 ,11565.23 ,11444.60 ,874290000
2023-03-06,11675.74 ,11736.87 ,11827.92 ,11667.48 ,977570000
2023-03-13,11188.84 ,11041.46 ,11326.73 ,10982.80 ,1310000000
2023-03-20,11675.54 ,11614.39 ,11695.55 ,11550.69 ,1080000000
2023-03-27,11768.84 ,11868.54 ,11903.21 ,11739.05 ,844710000
2023-04-03,12189.45 ,12146.09 ,12196.34 ,12086.52 ,950520000
2023-04-11,12031.88 ,12080.24 ,12091.27 ,12011.40 ,883240000
2023-04-18,12153.41 ,12234.56 ,12245.43 ,12110.23 ,883010000
2023-04-25,11799.16 ,11968.81 ,11990.46 ,11798.77 ,921370000
2023-05-02,12080.51 ,12198.02 ,12206.58 ,12015.22 ,1050000000
2023-05-09,12179.55 ,12195.78 ,12216.13 ,12174.06 ,899760000
2023-05-16,12343.05 ,12327.05 ,12403.81 ,12324.52 ,857540000
2023-05-23,12560.25 ,12652.88 ,12709.74 ,12554.43 ,899730000
2023-05-31,12935.29 ,12968.38 ,13029.08 ,12889.37 ,1940000000
2023-06-07,13104.89 ,13295.26 ,13361.90 ,13089.48 ,1110000000
2023-06-14,13626.48 ,13570.56 ,13661.74 ,13455.99 ,1160000000
2023-06-22,13630.61 ,13443.41 ,13631.85 ,13441.56 ,898270000
2023-06-29,13591.33 ,13592.36 ,13618.53 ,13540.26 ,871640000
2023-07-07,13660.72 ,13668.07 ,13804.51 ,13656.74 ,949890000
2023-07-14,14113.70 ,14166.66 ,14232.11 ,14081.96 ,996350000
2023-07-21,14032.80 ,14148.17 ,14179.01 ,14020.45 ,1450000000
2023-07-28,14316.66 ,14199.83 ,14344.35 ,14188.10 ,937550000
2023-08-04,13892.07 ,14025.96 ,14119.22 ,13897.93 ,1000000000
2023-08-11,13644.85 ,13633.65 ,13720.33 ,13609.98 ,842280000
2023-08-18,13290.78 ,13190.02 ,13335.87 ,13161.76 ,980920000
2023-08-25,13590.65 ,13514.37 ,13633.42 ,13376.34 ,782120000
2023-09-01,14031.82 ,14129.96 ,14149.62 ,13982.42 ,820130000
2023-09-11,13917.89 ,13884.03 ,13937.46 ,13805.13 ,853340000
2023-09-18,13710.24 ,13669.96 ,13751.28 ,13663.46 ,962570000
2023-09-25,13271.32 ,13172.54 ,13277.83 ,13132.00 ,769220000
2023-10-02,13307.77 ,13217.99 ,13364.03 ,13204.08 ,877570000
2023-10-09,13484.24 ,13326.22 ,13509.30 ,13277.48 ,723950000
2023-10-16,13567.98 ,13453.81 ,13598.05 ,13447.17 ,832450000
2023-10-23,13018.33 ,12930.85 ,13143.22 ,12848.83 ,859070000
2023-10-30,12789.48 ,12750.46 ,12842.96 ,12691.56 ,801650000
2023-11-06,13518.78 ,13514.08 ,13551.62 ,13435.99 ,912890000
2023-11-13,13767.74 ,13745.96 ,13805.11 ,13687.78 ,837610000
2023-11-20,14284.53 ,14134.75 ,14309.80 ,14134.20 ,902050000
2023-11-28,14281.76 ,14224.63 ,14303.66 ,14195.72 ,870610000
2023-12-05,14229.91 ,14126.40 ,14285.66 ,14121.76 ,1110000000
2023-12-12,14533.40 ,14423.01 ,14533.40 ,14385.39 ,939560000
2023-12-19,15003.22 ,14923.02 ,15003.80 ,14921.60 ,1130000000
2023-12-27,15099.18 ,15089.66 ,15114.08 ,15051.67 ,1070000000
2024-01-04,14510.30 ,14532.23 ,14632.77 ,14504.78 ,1040000000
2024-01-11,14970.18 ,15020.95 ,15063.61 ,14800.38 ,1000000000
2024-01-19,15310.97 ,15122.38 ,15310.97 ,15087.20 ,1140000000
2024-01-26,15455.36 ,15474.85 ,15538.84 ,15433.04 ,857500000
2024-02-02,15628.95 ,15403.16 ,15664.21 ,15366.78 ,956870000
2024-02-09,15990.66 ,15842.38 ,16007.29 ,15831.76 ,1080000000
2024-02-16,15775.65 ,15910.43 ,15917.41 ,15752.02 ,1120000000
2024-02-26,15976.25 ,16014.45 ,16054.90 ,15973.90 ,1060000000
2024-03-04,16207.51 ,16264.21 ,16289.06 ,16199.06 ,1170000000
2024-03-11,16019.27 ,16052.63 ,16085.95 ,15978.04 ,970770000
2024-03-18,16103.45 ,16154.92 ,16247.59 ,16094.17 ,1040000000
2024-03-25,16384.47 ,16335.30 ,16441.17 ,16315.72 ,896530000
2024-04-02,16240.45 ,16199.24 ,16251.41 ,16137.24 ,1030000000
2024-04-09,16306.64 ,16328.76 ,16348.18 ,16141.15 ,888260000
2024-04-16,15865.25 ,15856.38 ,15965.79 ,15822.02 ,912040000
2024-04-23,15696.64 ,15525.55 ,15730.35 ,15510.58 ,981750000
2024-04-30,15657.82 ,15920.89 ,15979.36 ,15655.67 ,1150000000
2024-05-07,16332.55 ,16358.34 ,16397.39 ,16303.84 ,1020000000
2024-05-14,16511.18 ,16391.16 ,16526.27 ,16386.44 ,1240000000
2024-05-21,16832.62 ,16736.10 ,16839.02 ,16719.97 ,1020000000
2024-05-29,16920.58 ,16879.35 ,16989.60 ,16873.97 ,1150000000
2024-06-05,17187.90 ,16974.48 ,17187.92 ,16955.56 ,1010000000
2024-06-12,17608.44 ,17502.15 ,17725.39 ,17490.64 ,1130000000
2024-06-20,17721.59 ,17913.94 ,17936.79 ,17650.70 ,1260000000
2024-06-27,17858.68 ,17793.95 ,17892.78 ,17765.42 ,1050000000
2024-07-05,18352.76 ,18200.60 ,18366.31 ,18197.13 ,963800000
2024-07-12,18398.45 ,18303.64 ,18556.73 ,18293.60 ,1100000000
2024-07-19,17726.94 ,17835.59 ,17935.14 ,17691.43 ,1120000000
2024-07-26,17357.88 ,17331.95 ,17454.57 ,17239.99 ,972960000
2024-08-02,16776.16 ,16780.45 ,16920.63 ,16582.79 ,1340000000
2024-08-09,16745.30 ,16636.52 ,16789.22 ,16574.57 ,1010000000
2024-08-16,17631.72 ,17516.40 ,17674.65 ,17502.82 ,989750000
2024-08-23,17877.79 ,17772.73 ,17941.27 ,17700.27 ,1000000000
2024-08-30,17713.62 ,17650.49 ,17720.38 ,17498.79 ,1360000000
2024-09-09,16884.60 ,16835.67 ,16923.28 ,16732.84 ,1040000000
2024-09-16,17592.13 ,17573.70 ,17618.40 ,17480.66 ,876140000
2024-09-23,17974.27 ,17994.90 ,18021.57 ,17936.37 ,1050000000
2024-09-30,18189.17 ,18069.83 ,18198.16 ,17997.56 ,1200000000
2024-10-07,17923.90 ,18080.12 ,18096.33 ,17900.04 ,1010000000
2024-10-14,18502.69 ,18426.66 ,18547.91 ,18423.60 ,901620000
2024-10-21,18540.01 ,18456.48 ,18543.58 ,18377.63 ,1010000000
2024-10-28,18567.19 ,18648.25 ,18671.01 ,18563.02 ,1030000000
2024-11-04,18179.98 ,18220.43 ,18308.30 ,18112.83 ,1040000000
2024-11-11,19298.76 ,19355.34 ,19366.07 ,19193.29 ,1330000000
2024-11-18,18791.81 ,18717.93 ,18865.28 ,18672.30 ,1240000000
2024-11-25,19054.84 ,19140.59 ,19208.68 ,18969.35 ,1910000000
2024-12-03,19480.91 ,19364.34 ,19486.14 ,19340.41 ,1130000000
2024-12-10,19687.24 ,19796.39 ,19887.08 ,19641.34 ,1280000000
2024-12-17,20109.06 ,20095.62 ,20148.83 ,20004.73 ,1530000000
2024-12-24,20031.13 ,19818.48 ,20031.13 ,19813.76 ,711220000
